from_date,to_date,NetRealizedPnL,NetUnrealizedPnlPerc,TotalGL
2018-04-04,2018-04-04,-34663.2,0,-34663.2
2018-04-11,2018-04-11,72340,0,72340
2018-04-18,2018-04-18,27620,0,27620
2018-04-19,2018-04-19,-180220,0,-180220
2018-04-20,2018-04-20,-75861.6,0,-75861.6
2018-04-24,2018-04-24,408788,0,408788
2018-04-25,2018-04-25,22580,0,22580
2018-05-02,2018-05-02,120,0,120
2018-05-10,2018-05-10,39280,0,39280
2018-05-15,2018-05-15,-341331,0,-341331
2018-05-18,2018-05-18,25038,0,25038
2018-05-21,2018-05-21,53550,0,53550
2018-05-22,2018-05-22,114795,0,114795
2018-05-23,2018-05-23,372393.75,0,372393.75
2018-05-24,2018-05-24,-483640,0,-483640
2018-05-25,2018-05-25,-425215.5,0,-425215.5
2018-05-29,2018-05-29,411180,0,411180
2018-05-30,2018-05-30,-227866.5,0,-227866.5
2018-05-31,2018-05-31,39949,0,39949
2018-06-05,2018-06-05,-241380,0,-241380
2018-06-06,2018-06-06,91084.5,0,91084.5
2018-06-07,2018-06-07,566980,0,566980
2018-06-11,2018-06-11,-107660,0,-107660
2018-06-14,2018-06-14,195760,0,195760
2018-06-19,2018-06-19,-38920,0,-38920
2018-06-20,2018-06-20,-370895.5,0,-370895.5
2018-06-21,2018-06-21,358100,0,358100
2018-06-25,2018-06-25,97452.4,0,97452.4
2018-06-27,2018-06-27,633700.45,0,633700.45
2018-06-28,2018-06-28,-138961.15,0,-138961.15
2018-07-05,2018-07-05,13661.6,0,13661.6
2018-07-09,2018-07-09,22334,0,22334
2018-07-10,2018-07-10,289727,0,289727
2018-07-11,2018-07-11,16536,0,16536
2018-07-12,2018-07-12,60660,0,60660
2018-07-13,2018-07-13,162200,0,162200
2018-07-16,2018-07-16,-85660,0,-85660
2018-07-17,2018-07-17,-324680,0,-324680
2018-07-19,2018-07-19,-330656.4,0,-330656.4
2018-07-23,2018-07-23,18056.25,0,18056.25
2018-07-24,2018-07-24,-266720,0,-266720
2018-07-25,2018-07-25,139785.6,0,139785.6
2018-07-26,2018-07-26,542029.7,0,542029.7
2018-07-30,2018-07-30,70900,0,70900
2018-08-02,2018-08-02,125810,0,125810
2018-08-03,2018-08-03,74180,0,74180
2018-08-08,2018-08-08,-171120,0,-171120
2018-08-16,2018-08-16,21143.2,0,21143.2
2018-08-17,2018-08-17,159157.5,0,159157.5
2018-08-20,2018-08-20,-23510,0,-23510
2018-08-23,2018-08-23,100778.8,0,100778.8
2018-08-27,2018-08-27,-42962.4,0,-42962.4
2018-08-28,2018-08-28,-848714.4,0,-848714.4
2018-08-30,2018-08-30,334860,0,334860
2018-09-03,2018-09-03,107140,0,107140
2018-09-04,2018-09-04,72320,0,72320
2018-09-05,2018-09-05,355640,0,355640
2018-09-06,2018-09-06,-958140,0,-958140
2018-09-11,2018-09-11,-33720,0,-33720
2018-09-12,2018-09-12,-4620,0,-4620
2018-09-18,2018-09-18,362720,0,362720
2018-09-19,2018-09-19,-338040,0,-338040
2018-09-21,2018-09-21,182128.5,0,182128.5
2018-09-24,2018-09-24,506838.5,0,506838.5
2018-09-25,2018-09-25,-337600,0,-337600
2018-09-26,2018-09-26,-85350,0,-85350
2018-09-27,2018-09-27,486296.27,0,486296.27
2018-09-28,2018-09-28,6440,0,6440
2018-10-01,2018-10-01,98180,0,98180
2018-10-03,2018-10-03,-389990,0,-389990
2018-10-04,2018-10-04,326285.25,0,326285.25
2018-10-05,2018-10-05,641255.5,0,641255.5
2018-10-08,2018-10-08,-238480,0,-238480
2018-10-09,2018-10-09,-120260,0,-120260
2018-10-10,2018-10-10,-575260,0,-575260
2018-10-11,2018-10-11,817227.6,0,817227.6
2018-10-15,2018-10-15,379640,0,379640
2018-10-16,2018-10-16,-337739.6,0,-337739.6
2018-10-17,2018-10-17,915524,0,915524
2018-10-19,2018-10-19,126015.75,0,126015.75
2018-10-24,2018-10-24,299809.75,0,299809.75
2018-10-25,2018-10-25,-660602.25,0,-660602.25
2018-10-29,2018-10-29,-120650,0,-120650
2018-10-30,2018-10-30,702.4,0,702.4
2018-10-31,2018-10-31,891837.3,0,891837.3
2018-11-01,2018-11-01,-263417.4,0,-263417.4
2018-11-02,2018-11-02,158968.8,0,158968.8
2018-11-05,2018-11-05,142308.9,0,142308.9
2018-11-06,2018-11-06,271278,0,271278
2018-11-13,2018-11-13,-93534.8,0,-93534.8
2018-11-14,2018-11-14,264124,0,264124
2018-11-15,2018-11-15,-631470,0,-631470
2018-11-16,2018-11-16,143085.75,0,143085.75
2018-11-19,2018-11-19,201015.75,0,201015.75
2018-11-20,2018-11-20,-75351.85,0,-75351.85
2018-11-21,2018-11-21,677046.25,0,677046.25
2018-11-22,2018-11-22,-21660.4,0,-21660.4
2018-11-26,2018-11-26,-85151.25,0,-85151.25
2018-11-27,2018-11-27,36828,0,36828
2018-11-28,2018-11-28,445668,0,445668
2018-11-29,2018-11-29,-705716.75,0,-705716.75
2018-12-03,2018-12-03,62960,0,62960
2018-12-04,2018-12-04,-27792,0,-27792
2018-12-05,2018-12-05,724981.5,0,724981.5
2018-12-06,2018-12-06,-432287.45,0,-432287.45
2018-12-07,2018-12-07,-78909.75,0,-78909.75
2018-12-10,2018-12-10,9534,0,9534
2018-12-11,2018-12-11,107938.75,0,107938.75
2018-12-12,2018-12-12,330540,0,330540
2018-12-13,2018-12-13,663740.6,0,663740.6
2018-12-14,2018-12-14,7200,0,7200
2018-12-17,2018-12-17,-223750,0,-223750
2018-12-18,2018-12-18,655859,0,655859
2018-12-19,2018-12-19,19010,0,19010
2018-12-20,2018-12-20,773283,0,773283
2018-12-21,2018-12-21,-1076189.85,0,-1076189.85
2018-12-24,2018-12-24,1713.55,0,1713.55
2018-12-26,2018-12-26,-222140,0,-222140
2018-12-27,2018-12-27,-406860,0,-406860
2018-12-28,2018-12-28,11475,0,11475
2018-12-31,2018-12-31,15705,0,15705
2019-01-01,2019-01-01,-622738.8,0,-622738.8
2019-01-02,2019-01-02,453301.1,0,453301.1
2019-01-03,2019-01-03,-67491,0,-67491
2019-01-04,2019-01-04,183878.66,0,183878.66
2019-01-07,2019-01-07,-55530,0,-55530
2019-01-07,2019-01-07,-55530,0,-55530
2019-01-08,2019-01-08,132513.5,0,132513.5
2019-01-09,2019-01-09,732150,0,732150
2019-01-10,2019-01-10,-168856.4,0,-168856.4
2019-01-14,2019-01-14,-5674,0,-5674
2019-01-15,2019-01-15,5721,0,5721
2019-01-16,2019-01-16,173780,0,173780
2019-01-17,2019-01-17,352143.4,0,352143.4
2019-01-18,2019-01-18,-449100.95,0,-449100.95
2019-01-21,2019-01-21,3372,0,3372
2019-01-22,2019-01-22,295627.55,0,295627.55
2019-01-23,2019-01-23,365744.8,0,365744.8
2019-01-24,2019-01-24,66540,0,66540
2019-01-25,2019-01-25,246907.5,0,246907.5
2019-01-28,2019-01-28,-513124.5,0,-513124.5
2019-01-29,2019-01-29,1286844.55,0,1286844.55
2019-01-30,2019-01-30,-1351910.45,0,-1351910.45
2019-01-31,2019-01-31,128538.5,0,128538.5
2019-02-01,2019-02-01,31258,0,31258
2019-02-04,2019-02-04,-30983.5,0,-30983.5
2019-02-05,2019-02-05,13900,0,13900
2019-02-06,2019-02-06,264500,0,264500
2019-02-07,2019-02-07,-191466,0,-191466
2019-02-12,2019-02-12,-93447.25,0,-93447.25
2019-02-13,2019-02-13,71082.5,0,71082.5
2019-02-14,2019-02-14,581442.2,0,581442.2
2019-02-15,2019-02-15,18620,0,18620
2019-02-18,2019-02-18,-111704,0,-111704
2019-02-19,2019-02-19,145273.5,0,145273.5
2019-02-20,2019-02-20,69380,0,69380
2019-02-21,2019-02-21,-539861.25,0,-539861.25
2019-02-22,2019-02-22,122500,0,122500
2019-02-26,2019-02-26,201530.75,0,201530.75
2019-02-27,2019-02-27,262103.25,0,262103.25
2019-02-28,2019-02-28,-280534,0,-280534
2019-03-01,2019-03-01,287420,0,287420
2019-03-05,2019-03-05,-133824.95,0,-133824.95
2019-03-06,2019-03-06,5670,0,5670
2019-03-07,2019-03-07,626398.5,0,626398.5
2019-03-08,2019-03-08,16800,0,16800
2019-03-11,2019-03-11,330117.25,0,330117.25
2019-03-12,2019-03-12,827502.5,0,827502.5
2019-03-13,2019-03-13,845325,0,845325
2019-03-14,2019-03-14,-1684147.25,0,-1684147.25
2019-03-15,2019-03-15,303280,0,303280
2019-03-18,2019-03-18,-806141,0,-806141
2019-03-19,2019-03-19,798420,0,798420
2019-03-20,2019-03-20,418621,0,418621
2019-03-22,2019-03-22,39123,0,39123
2019-03-25,2019-03-25,-262904,0,-262904
2019-03-26,2019-03-26,-1132795.45,0,-1132795.45
2019-03-27,2019-03-27,-198319,0,-198319
2019-03-28,2019-03-28,-152751,0,-152751
2019-04-02,2019-04-02,16100,0,16100
2019-04-03,2019-04-03,641906,0,641906
2019-04-04,2019-04-04,-299260,0,-299260
2019-04-05,2019-04-05,251924,0,251924
2019-04-09,2019-04-09,84960,0,84960
2019-04-10,2019-04-10,374853.25,0,374853.25
2019-04-11,2019-04-11,-223654.25,0,-223654.25
2019-04-12,2019-04-12,3500,0,3500
2019-04-15,2019-04-15,-19125,0,-19125
2019-04-16,2019-04-16,1029830,0,1029830
2019-04-18,2019-04-18,-376894,0,-376894
2019-04-22,2019-04-22,-181767.25,0,-181767.25
2019-04-23,2019-04-23,-154276,0,-154276
2019-04-24,2019-04-24,47406.5,0,47406.5
2019-04-25,2019-04-25,89659.5,0,89659.5
2019-04-26,2019-04-26,-4020,0,-4020
2019-04-30,2019-04-30,33748,0,33748
2019-05-02,2019-05-02,137780.75,0,137780.75
2019-05-03,2019-05-03,799562,0,799562
2019-05-06,2019-05-06,208959.75,0,208959.75
2019-05-07,2019-05-07,-122860,0,-122860
2019-05-08,2019-05-08,1269647.75,0,1269647.75
2019-05-09,2019-05-09,-1640630.5,0,-1640630.5
2019-05-13,2019-05-13,111430,0,111430
2019-05-14,2019-05-14,216330.75,0,216330.75
2019-05-15,2019-05-15,85124.5,0,85124.5
2019-05-16,2019-05-16,-37981.75,0,-37981.75
2019-05-17,2019-05-17,-10175,0,-10175
2019-05-20,2019-05-20,-283539,0,-283539
2019-05-21,2019-05-21,-1737013.75,0,-1737013.75
2019-05-22,2019-05-22,2306030,0,2306030
2019-05-23,2019-05-23,1094131.9,0,1094131.9
2019-05-24,2019-05-24,-172919,0,-172919
2019-05-27,2019-05-27,1264,0,1264
2019-05-28,2019-05-28,125617.75,0,125617.75
2019-05-29,2019-05-29,-1053111.25,0,-1053111.25
2019-05-30,2019-05-30,185762.75,0,185762.75
2019-05-31,2019-05-31,-289091.5,0,-289091.5
2019-06-03,2019-06-03,97060,0,97060
2019-06-04,2019-06-04,23345,0,23345
2019-06-06,2019-06-06,315211.8,0,315211.8
2019-06-07,2019-06-07,210993.75,0,210993.75
2019-06-10,2019-06-10,122281,0,122281
2019-06-11,2019-06-11,13771,0,13771
2019-06-12,2019-06-12,-138485,0,-138485
2019-06-13,2019-06-13,44320,0,44320
2019-06-14,2019-06-14,227943,0,227943
2019-06-17,2019-06-17,-311626,0,-311626
2019-06-18,2019-06-18,124273.25,0,124273.25
2019-06-19,2019-06-19,491722,0,491722
2019-06-20,2019-06-20,63549.5,0,63549.5
2019-06-21,2019-06-21,-249409.25,0,-249409.25
2019-06-24,2019-06-24,-52344.27,0,-52344.27
2019-06-25,2019-06-25,302420,0,302420
2019-06-26,2019-06-26,-137380.25,0,-137380.25
2019-06-27,2019-06-27,-421499.25,0,-421499.25
2019-06-28,2019-06-28,-21768.75,0,-21768.75
2019-07-01,2019-07-01,72144,0,72144
2019-07-02,2019-07-02,-36789.3,0,-36789.3
2019-07-03,2019-07-03,340340.94,0,340340.94
2019-07-04,2019-07-04,232025.75,0,232025.75
2019-07-05,2019-07-05,26648.5,0,26648.5
2019-07-08,2019-07-08,482883,0,482883
2019-07-09,2019-07-09,481712.25,0,481712.25
2019-07-10,2019-07-10,-148300,0,-148300
2019-07-11,2019-07-11,-538741.5,0,-538741.5
2019-07-12,2019-07-12,120378.6,0,120378.6
2019-07-15,2019-07-15,-31378.5,0,-31378.5
2019-07-16,2019-07-16,-164200,0,-164200
2019-07-17,2019-07-17,-45560,0,-45560
2019-07-18,2019-07-18,231480,0,231480
2019-07-19,2019-07-19,524134.6,0,524134.6
2019-07-22,2019-07-22,113447.5,0,113447.5
2019-07-23,2019-07-23,872382.25,0,872382.25
2019-07-24,2019-07-24,112943.65,0,112943.65
2019-07-25,2019-07-25,-2472996,0,-2472996
2019-07-29,2019-07-29,-191061.6,0,-191061.6
2019-07-30,2019-07-30,215546.05,0,215546.05
2019-07-31,2019-07-31,-82000,0,-82000
2019-08-01,2019-08-01,133417.5,0,133417.5
2019-08-02,2019-08-02,473880,0,473880
2019-08-05,2019-08-05,13628.25,0,13628.25
2019-08-06,2019-08-06,-81577.75,0,-81577.75
2019-08-07,2019-08-07,719273.55,0,719273.55
2019-08-08,2019-08-08,-703933,0,-703933
2019-08-09,2019-08-09,73760.91,0,73760.91
2019-08-13,2019-08-13,-502511.75,0,-502511.75
2019-08-14,2019-08-14,369715.75,0,369715.75
2019-08-16,2019-08-16,-7245,0,-7245
2019-08-19,2019-08-19,-37010.1,0,-37010.1
2019-08-20,2019-08-20,-136611.75,0,-136611.75
2019-08-21,2019-08-21,-20302.75,0,-20302.75
2019-08-22,2019-08-22,-305269.25,0,-305269.25
2019-08-23,2019-08-23,-363375,0,-363375
2019-08-26,2019-08-26,-707578.3,0,-707578.3
2019-08-27,2019-08-27,750113.5,0,750113.5
2019-08-28,2019-08-28,-667791,0,-667791
2019-08-29,2019-08-29,-622608.8,0,-622608.8
2019-08-30,2019-08-30,85453.94,0,85453.94
2019-09-03,2019-09-03,675568.5,0,675568.5
2019-09-04,2019-09-04,392054.25,0,392054.25
2019-09-05,2019-09-05,354058.5,0,354058.5
2019-09-06,2019-09-06,-707490,0,-707490
2019-09-09,2019-09-09,113152.5,0,113152.5
2019-09-11,2019-09-11,-176034.75,0,-176034.75
2019-09-12,2019-09-12,363310.75,0,363310.75
2019-09-13,2019-09-13,87025,0,87025
2019-09-16,2019-09-16,-174210,0,-174210
2019-09-17,2019-09-17,-30594,0,-30594
2019-09-18,2019-09-18,-457545,0,-457545
2019-09-19,2019-09-19,398990,0,398990
2019-09-20,2019-09-20,503530.75,0,503530.75
2019-09-23,2019-09-23,-186289.8,0,-186289.8
2019-09-25,2019-09-25,-1653046.75,0,-1653046.75
2019-09-26,2019-09-26,363291.25,0,363291.25
2019-09-27,2019-09-27,369730,0,369730
2019-09-30,2019-09-30,-229230,0,-229230
2019-10-01,2019-10-01,882915,0,882915
2019-10-03,2019-10-03,-487391.75,0,-487391.75
2019-10-04,2019-10-04,340357,0,340357
2019-10-07,2019-10-07,224490,0,224490
2019-10-09,2019-10-09,22620,0,22620
2019-10-10,2019-10-10,379304.4,0,379304.4
2019-10-11,2019-10-11,115456.75,0,115456.75
2019-10-14,2019-10-14,167959.5,0,167959.5
2019-10-15,2019-10-15,8770,0,8770
2019-10-16,2019-10-16,279621.07,0,279621.07
2019-10-17,2019-10-17,218496.6,0,218496.6
2019-10-18,2019-10-18,-51904,0,-51904
2019-10-22,2019-10-22,134385.5,0,134385.5
2019-10-23,2019-10-23,144565,0,144565
2019-10-24,2019-10-24,331639.6,0,331639.6
2019-10-25,2019-10-25,421563,0,421563
2019-10-29,2019-10-29,-297967,0,-297967
2019-10-30,2019-10-30,-46268.75,0,-46268.75
2019-10-31,2019-10-31,541819.4,0,541819.4
2019-11-01,2019-11-01,6820,0,6820
2019-11-04,2019-11-04,-7978.72,0,-7978.72
2019-11-05,2019-11-05,18232,0,18232
2019-11-06,2019-11-06,192215,0,192215
2019-11-07,2019-11-07,-25230.75,0,-25230.75
2019-11-08,2019-11-08,81288,0,81288
2019-11-13,2019-11-13,101060,0,101060
2019-11-14,2019-11-14,304540,0,304540
2019-11-18,2019-11-18,41520,0,41520
2019-11-19,2019-11-19,-198370,0,-198370
2019-11-20,2019-11-20,552145,0,552145
2019-11-21,2019-11-21,330763.75,0,330763.75
2019-11-22,2019-11-22,50546,0,50546
2019-11-25,2019-11-25,-138915.4,0,-138915.4
2019-11-26,2019-11-26,-102720,0,-102720
2019-11-27,2019-11-27,72980,0,72980
2019-11-28,2019-11-28,33640,0,33640
2019-11-29,2019-11-29,265740,0,265740
2019-12-02,2019-12-02,56254.5,0,56254.5
2019-12-03,2019-12-03,-198040,0,-198040
2019-12-04,2019-12-04,487710,0,487710
2019-12-05,2019-12-05,-258380,0,-258380
2019-12-10,2019-12-10,223640,0,223640
2019-12-11,2019-12-11,547929.5,0,547929.5
2019-12-12,2019-12-12,-16500,0,-16500
2019-12-13,2019-12-13,18702,0,18702
2019-12-16,2019-12-16,-424660,0,-424660
2019-12-17,2019-12-17,177000,0,177000
2019-12-18,2019-12-18,-14370,0,-14370
2019-12-19,2019-12-19,217125.25,0,217125.25
2019-12-20,2019-12-20,-2164,0,-2164
2019-12-23,2019-12-23,646195,0,646195
2019-12-26,2019-12-26,495467.75,0,495467.75
2019-12-30,2019-12-30,236354.6,0,236354.6
2019-12-31,2019-12-31,34175,0,34175
2020-01-01,2020-01-01,166038.2,0,166038.2
2020-01-02,2020-01-02,-179624.2,0,-179624.2
2020-01-03,2020-01-03,49260,0,49260
2020-01-06,2020-01-06,946810.75,0,946810.75
2020-01-07,2020-01-07,-43425.8,0,-43425.8
2020-01-08,2020-01-08,-71832,0,-71832
2020-01-09,2020-01-09,117876,0,117876
2020-01-10,2020-01-10,-10023.75,0,-10023.75
2020-01-13,2020-01-13,36362,0,36362
2020-01-15,2020-01-15,-196160,0,-196160
2020-01-16,2020-01-16,648510,0,648510
2020-01-17,2020-01-17,3854.75,0,3854.75
2020-01-20,2020-01-20,-474457.5,0,-474457.5
2020-01-21,2020-01-21,382377.75,0,382377.75
2020-01-22,2020-01-22,444768.36,0,444768.36
2020-01-23,2020-01-23,-506503.5,0,-506503.5
2020-01-24,2020-01-24,1050036.7,0,1050036.7
2020-01-27,2020-01-27,-107077.5,0,-107077.5
2020-01-28,2020-01-28,279180,0,279180
2020-01-29,2020-01-29,-234478.5,0,-234478.5
2020-01-30,2020-01-30,-798708,0,-798708
2020-01-31,2020-01-31,379070,0,379070
2020-02-03,2020-02-03,281710,0,281710
2020-02-04,2020-02-04,41289.5,0,41289.5
2020-02-05,2020-02-05,376499,0,376499
2020-02-06,2020-02-06,-1874539.25,0,-1874539.25
2020-02-12,2020-02-12,326670.5,0,326670.5
2020-02-13,2020-02-13,-19242,0,-19242
2020-02-14,2020-02-14,59300,0,59300
2020-02-17,2020-02-17,-18120,0,-18120
2020-02-18,2020-02-18,284756.75,0,284756.75
2020-02-19,2020-02-19,-226922.5,0,-226922.5
2020-02-20,2020-02-20,18680,0,18680
2020-02-24,2020-02-24,510457.4,0,510457.4
2020-02-25,2020-02-25,77397.5,0,77397.5
2020-02-26,2020-02-26,606357.8,0,606357.8
2020-02-27,2020-02-27,-2807702.25,0,-2807702.25
2020-02-28,2020-02-28,325969.5,0,325969.5
2020-03-02,2020-03-02,669776.75,0,669776.75
2020-03-03,2020-03-03,-1932866.5,0,-1932866.5
2020-03-04,2020-03-04,565986,0,565986
2020-03-05,2020-03-05,1203169.25,0,1203169.25
2020-03-06,2020-03-06,-273736,0,-273736
2020-03-09,2020-03-09,248960.25,0,248960.25
2020-03-11,2020-03-11,-245620,0,-245620
2020-03-12,2020-03-12,-6443661,0,-6443661
2020-03-13,2020-03-13,516882,0,516882
2020-03-16,2020-03-16,538740,0,538740
2020-03-17,2020-03-17,404790,0,404790
2020-03-18,2020-03-18,-210161,0,-210161
2020-03-19,2020-03-19,-1890973.9,0,-1890973.9
2020-03-20,2020-03-20,87598.8,0,87598.8
2020-03-23,2020-03-23,-346050,0,-346050
2020-03-24,2020-03-24,352160,0,352160
2020-03-25,2020-03-25,646282.15,0,646282.15
2020-03-26,2020-03-26,-239774.75,0,-239774.75
2020-03-27,2020-03-27,480486,0,480486
2020-03-30,2020-03-30,1728336.75,0,1728336.75
2020-03-31,2020-03-31,339036.25,0,339036.25
2020-04-01,2020-04-01,330268,0,330268
2020-04-03,2020-04-03,30016,0,30016
2020-04-07,2020-04-07,-96695,0,-96695
2020-04-08,2020-04-08,-254299,0,-254299
2020-04-09,2020-04-09,205708.5,0,205708.5
2020-04-13,2020-04-13,123265,0,123265
2020-04-15,2020-04-15,326904.55,0,326904.55
2020-04-16,2020-04-16,-4782.75,0,-4782.75
2020-04-17,2020-04-17,177763.75,0,177763.75
2020-04-20,2020-04-20,28010,0,28010
2020-04-21,2020-04-21,76796.25,0,76796.25
2020-04-22,2020-04-22,21071.35,0,21071.35
2020-04-23,2020-04-23,46962,0,46962
2020-04-24,2020-04-24,158907.75,0,158907.75
2020-04-27,2020-04-27,-140395.35,0,-140395.35
2020-04-28,2020-04-28,38951,0,38951
2020-04-29,2020-04-29,171121.25,0,171121.25
2020-04-30,2020-04-30,-356934,0,-356934
2020-05-04,2020-05-04,1022251,0,1022251
2020-05-05,2020-05-05,-385394,0,-385394
2020-05-06,2020-05-06,-179804.75,0,-179804.75
2020-05-07,2020-05-07,672492.5,0,672492.5
2020-05-08,2020-05-08,73753.2,0,73753.2
2020-05-11,2020-05-11,189416.6,0,189416.6
2020-05-12,2020-05-12,270658.15,0,270658.15
2020-05-13,2020-05-13,325894.5,0,325894.5
2020-05-14,2020-05-14,485702.5,0,485702.5
2020-05-15,2020-05-15,-2700,0,-2700
2020-05-18,2020-05-18,60572.75,0,60572.75
2020-05-19,2020-05-19,50881.24,0,50881.24
2020-05-20,2020-05-20,-290330,0,-290330
2020-05-21,2020-05-21,314816.25,0,314816.25
2020-05-22,2020-05-22,258256,0,258256
2020-05-26,2020-05-26,742096,0,742096
2020-05-27,2020-05-27,193569.75,0,193569.75
2020-05-28,2020-05-28,-135039.3,0,-135039.3
2020-05-29,2020-05-29,72080,0,72080
2020-06-01,2020-06-01,-341010.5,0,-341010.5
2020-06-02,2020-06-02,282201,0,282201
2020-06-03,2020-06-03,-976949.15,0,-976949.15
2020-06-04,2020-06-04,1033478.25,0,1033478.25
2020-06-05,2020-06-05,-270832.36,0,-270832.36
2020-06-08,2020-06-08,-51441.66,0,-51441.66
2020-06-09,2020-06-09,363489.15,0,363489.15
2020-06-10,2020-06-10,470695,0,470695
2020-06-11,2020-06-11,51230.25,0,51230.25
2020-06-12,2020-06-12,148863,0,148863
2020-06-15,2020-06-15,53619.03,0,53619.03
2020-06-16,2020-06-16,-549326.7,0,-549326.7
2020-06-17,2020-06-17,409102,0,409102
2020-06-18,2020-06-18,-444949.3,0,-444949.3
2020-06-19,2020-06-19,984695,0,984695
2020-06-22,2020-06-22,370533,0,370533
2020-06-23,2020-06-23,-378487.75,0,-378487.75
2020-06-24,2020-06-24,51414.25,0,51414.25
2020-06-25,2020-06-25,1010552,0,1010552
2020-06-26,2020-06-26,205750,0,205750
2020-06-29,2020-06-29,469589.4,0,469589.4
2020-06-30,2020-06-30,130490,0,130490
2020-07-01,2020-07-01,21599.4,0,21599.4
2020-07-02,2020-07-02,486915.95,0,486915.95
2020-07-03,2020-07-03,-97763,0,-97763
2020-07-06,2020-07-06,-1361.25,0,-1361.25
2020-07-07,2020-07-07,111806.5,0,111806.5
2020-07-08,2020-07-08,869970,0,869970
2020-07-09,2020-07-09,-2068786.5,0,-2068786.5
2020-07-10,2020-07-10,559360,0,559360
2020-07-13,2020-07-13,-1134120,0,-1134120
2020-07-14,2020-07-14,405969,0,405969
2020-07-15,2020-07-15,200285.78,0,200285.78
2020-07-16,2020-07-16,-617864.58,0,-617864.58
2020-07-17,2020-07-17,60646,0,60646
2020-07-20,2020-07-20,-406697.1,0,-406697.1
2020-07-21,2020-07-21,-978837,0,-978837
2020-07-22,2020-07-22,1093822.5,0,1093822.5
2020-07-23,2020-07-23,348906.25,0,348906.25
2020-07-24,2020-07-24,-49700,0,-49700
2020-07-27,2020-07-27,-803178,0,-803178
2020-07-28,2020-07-28,-47996.5,0,-47996.5
2020-07-29,2020-07-29,646381.65,0,646381.65
2020-07-30,2020-07-30,170056.75,0,170056.75
2020-07-31,2020-07-31,208998.2,0,208998.2
2020-08-03,2020-08-03,26320.75,0,26320.75
2020-08-04,2020-08-04,41604,0,41604
2020-08-05,2020-08-05,-641883.25,0,-641883.25
2020-08-06,2020-08-06,607711,0,607711
2020-08-07,2020-08-07,-18203,0,-18203
2020-08-10,2020-08-10,-283096,0,-283096
2020-08-11,2020-08-11,-369673.25,0,-369673.25
2020-08-12,2020-08-12,-76846,0,-76846
2020-08-13,2020-08-13,10366,0,10366
2020-08-14,2020-08-14,15000,0,15000
2020-08-18,2020-08-18,233307.2,0,233307.2
2020-08-19,2020-08-19,89824,0,89824
2020-08-20,2020-08-20,-109160.25,0,-109160.25
2020-08-21,2020-08-21,402440.5,0,402440.5
2020-08-24,2020-08-24,186513.5,0,186513.5
2020-08-25,2020-08-25,-324335,0,-324335
2020-08-26,2020-08-26,495974.67,0,495974.67
2020-08-27,2020-08-27,-62804,0,-62804
2020-08-28,2020-08-28,-337327.5,0,-337327.5
2020-08-31,2020-08-31,142316.75,0,142316.75
2020-09-01,2020-09-01,-833808.5,0,-833808.5
2020-09-02,2020-09-02,42994.5,0,42994.5
2020-09-03,2020-09-03,387651.75,0,387651.75
2020-09-04,2020-09-04,71025.75,0,71025.75
2020-09-07,2020-09-07,171577,0,171577
2020-09-08,2020-09-08,-76690.5,0,-76690.5
2020-09-09,2020-09-09,572586,0,572586
2020-09-10,2020-09-10,-246770,0,-246770
2020-09-11,2020-09-11,-21479.8,0,-21479.8
2020-09-14,2020-09-14,-67969.75,0,-67969.75
2020-09-15,2020-09-15,-39700,0,-39700
2020-09-16,2020-09-16,346638.5,0,346638.5
2020-09-17,2020-09-17,492523.5,0,492523.5
2020-09-18,2020-09-18,-69547.2,0,-69547.2
2020-09-21,2020-09-21,80289.5,0,80289.5
2020-09-22,2020-09-22,-82689,0,-82689
2020-09-23,2020-09-23,175710.08,0,175710.08
2020-09-24,2020-09-24,-289715.57,0,-289715.57
2020-09-25,2020-09-25,-29165.34,0,-29165.34
2020-09-28,2020-09-28,243100.25,0,243100.25
2020-09-29,2020-09-29,-407864.25,0,-407864.25
2020-09-30,2020-09-30,-414815.25,0,-414815.25
2020-10-01,2020-10-01,157701.5,0,157701.5
2020-10-05,2020-10-05,-344869.5,0,-344869.5
2020-10-06,2020-10-06,255700,0,255700
2020-10-07,2020-10-07,1226672,0,1226672
2020-10-08,2020-10-08,368896.25,0,368896.25
2020-10-09,2020-10-09,-631027,0,-631027
2020-10-12,2020-10-12,1869,0,1869
2020-10-14,2020-10-14,516475.5,0,516475.5
2020-10-15,2020-10-15,-1126145.5,0,-1126145.5
2020-10-19,2020-10-19,-200064.06,0,-200064.06
2020-10-20,2020-10-20,109830.28,0,109830.28
2020-10-21,2020-10-21,-290196.5,0,-290196.5
2020-10-22,2020-10-22,536847,0,536847
2020-10-23,2020-10-23,76920,0,76920
2020-10-26,2020-10-26,17725,0,17725
2020-10-27,2020-10-27,-52659.75,0,-52659.75
2020-10-28,2020-10-28,-535215,0,-535215
2020-10-29,2020-10-29,152322.75,0,152322.75
2020-10-30,2020-10-30,1046354.5,0,1046354.5
2020-11-02,2020-11-02,-1161246,0,-1161246
2020-11-03,2020-11-03,-9787,0,-9787
2020-11-04,2020-11-04,152560.75,0,152560.75
2020-11-05,2020-11-05,663199.15,0,663199.15
2020-11-06,2020-11-06,-944624.25,0,-944624.25
2020-11-09,2020-11-09,420106.5,0,420106.5
2020-11-10,2020-11-10,754338.5,0,754338.5
2020-11-11,2020-11-11,-375645,0,-375645
2020-11-12,2020-11-12,-102246.5,0,-102246.5
2020-11-14,2020-11-14,-17955,0,-17955
2020-11-17,2020-11-17,-109351,0,-109351
2020-11-18,2020-11-18,614916,0,614916
2020-11-19,2020-11-19,-292540,0,-292540
2020-11-20,2020-11-20,-1401919.31,0,-1401919.31
2020-11-23,2020-11-23,-131966.25,0,-131966.25
2020-11-24,2020-11-24,143656.4,0,143656.4
2020-11-25,2020-11-25,537096,0,537096
2020-11-26,2020-11-26,-700183.5,0,-700183.5
2020-11-27,2020-11-27,-6720,0,-6720
2020-12-01,2020-12-01,-197187.75,0,-197187.75
2020-12-02,2020-12-02,21793.75,0,21793.75
2020-12-03,2020-12-03,734431.75,0,734431.75
2020-12-04,2020-12-04,333232,0,333232
2020-12-07,2020-12-07,105300,0,105300
2020-12-08,2020-12-08,101146.75,0,101146.75
2020-12-09,2020-12-09,339319,0,339319
2020-12-10,2020-12-10,106615,0,106615
2020-12-11,2020-12-11,-359344,0,-359344
2020-12-14,2020-12-14,-27664,0,-27664
2020-12-15,2020-12-15,294405,0,294405
2020-12-16,2020-12-16,232091.75,0,232091.75
2020-12-17,2020-12-17,380488.5,0,380488.5
2020-12-21,2020-12-21,-556349.51,0,-556349.51
2020-12-22,2020-12-22,90301.82,0,90301.82
2020-12-23,2020-12-23,543705.5,0,543705.5
2020-12-24,2020-12-24,-1775400.99,0,-1775400.99
2020-12-28,2020-12-28,179481,0,179481
2020-12-29,2020-12-29,-477796,0,-477796
2020-12-30,2020-12-30,569198.05,0,569198.05
2020-12-31,2020-12-31,615374.35,0,615374.35
2021-01-01,2021-01-01,65889.5,0,65889.5
2021-01-04,2021-01-04,-560479,0,-560479
2021-01-05,2021-01-05,217024,0,217024
2021-01-06,2021-01-06,321087,0,321087
2021-01-07,2021-01-07,167420.75,0,167420.75
2021-01-08,2021-01-08,264169,0,264169
2021-01-11,2021-01-11,249473.8,0,249473.8
2021-01-12,2021-01-12,27675.5,0,27675.5
2021-01-13,2021-01-13,419502,0,419502
2021-01-14,2021-01-14,-945610,0,-945610
2021-01-15,2021-01-15,286302.25,0,286302.25
2021-01-18,2021-01-18,-161860,0,-161860
2021-01-19,2021-01-19,-25219.25,0,-25219.25
2021-01-20,2021-01-20,714236.25,0,714236.25
2021-01-21,2021-01-21,-67707.25,0,-67707.25
2021-01-22,2021-01-22,18758.5,0,18758.5
2021-01-25,2021-01-25,460222,0,460222
2021-01-27,2021-01-27,-1745749.75,0,-1745749.75
2021-01-28,2021-01-28,126333.5,0,126333.5
2021-01-29,2021-01-29,-163204.5,0,-163204.5
2021-02-01,2021-02-01,1384696.75,0,1384696.75
2021-02-02,2021-02-02,1875795.25,0,1875795.25
2021-02-03,2021-02-03,1252160,0,1252160
2021-02-04,2021-02-04,-3349605.75,0,-3349605.75
2021-02-05,2021-02-05,-83802,0,-83802
2021-02-08,2021-02-08,-67385,0,-67385
2021-02-09,2021-02-09,331997.25,0,331997.25
2021-02-10,2021-02-10,-70762,0,-70762
2021-02-11,2021-02-11,988498.5,0,988498.5
2021-02-12,2021-02-12,-771709.75,0,-771709.75
2021-02-15,2021-02-15,-340318.75,0,-340318.75
2021-02-16,2021-02-16,254930,0,254930
2021-02-17,2021-02-17,237908.5,0,237908.5
2021-02-18,2021-02-18,25330.75,0,25330.75
2021-02-19,2021-02-19,-123985,0,-123985
2021-02-22,2021-02-22,206709.5,0,206709.5
2021-02-23,2021-02-23,103856.5,0,103856.5
2021-02-24,2021-02-24,922373.25,0,922373.25
2021-02-25,2021-02-25,-1326778.75,0,-1326778.75
2021-02-26,2021-02-26,180520,0,180520
2021-03-01,2021-03-01,-39830,0,-39830
2021-03-02,2021-03-02,171532.5,0,171532.5
2021-03-03,2021-03-03,552409.75,0,552409.75
2021-03-04,2021-03-04,-263459,0,-263459
2021-03-05,2021-03-05,-419348.25,0,-419348.25
2021-03-08,2021-03-08,-69717,0,-69717
2021-03-09,2021-03-09,682892,0,682892
2021-03-10,2021-03-10,487484.25,0,487484.25
2021-03-12,2021-03-12,-12040,0,-12040
2021-03-15,2021-03-15,88188.25,0,88188.25
2021-03-16,2021-03-16,-98142,0,-98142
2021-03-17,2021-03-17,299690,0,299690
2021-03-18,2021-03-18,-524726.25,0,-524726.25
2021-03-19,2021-03-19,40901.75,0,40901.75
2021-03-22,2021-03-22,261395,0,261395
2021-03-23,2021-03-23,-308478.25,0,-308478.25
2021-03-24,2021-03-24,913832.25,0,913832.25
2021-03-25,2021-03-25,-82904.75,0,-82904.75
2021-03-30,2021-03-30,-1541865,0,-1541865
2021-04-01,2021-04-01,53844,0,53844
2021-04-05,2021-04-05,-224408.5,0,-224408.5
2021-04-06,2021-04-06,178464,0,178464
2021-04-07,2021-04-07,-332920.75,0,-332920.75
2021-04-08,2021-04-08,189182.75,0,189182.75
2021-04-09,2021-04-09,361962,0,361962
2021-04-12,2021-04-12,176376.75,0,176376.75
2021-04-13,2021-04-13,298106.75,0,298106.75
2021-04-15,2021-04-15,-48015.75,0,-48015.75
2021-04-16,2021-04-16,-38855,0,-38855
2021-04-19,2021-04-19,292799.25,0,292799.25
2021-04-20,2021-04-20,-616539,0,-616539
2021-04-22,2021-04-22,1272901.25,0,1272901.25
2021-04-23,2021-04-23,158695.75,0,158695.75
2021-04-26,2021-04-26,-680358.5,0,-680358.5
2021-04-27,2021-04-27,211107,0,211107
2021-04-28,2021-04-28,-424714.75,0,-424714.75
2021-04-29,2021-04-29,-175640,0,-175640
2021-04-30,2021-04-30,180672,0,180672
2021-05-03,2021-05-03,57275.5,0,57275.5
2021-05-04,2021-05-04,597981,0,597981
2021-05-05,2021-05-05,-118216.75,0,-118216.75
2021-05-06,2021-05-06,856668.25,0,856668.25
2021-05-07,2021-05-07,-586832,0,-586832
2021-05-10,2021-05-10,345495.5,0,345495.5
2021-05-11,2021-05-11,152608.5,0,152608.5
2021-05-12,2021-05-12,-180288.75,0,-180288.75
2021-05-14,2021-05-14,96054.75,0,96054.75
2021-05-17,2021-05-17,-244316.3,0,-244316.3
2021-05-18,2021-05-18,1022583,0,1022583
2021-05-19,2021-05-19,64127,0,64127
2021-05-20,2021-05-20,461623.5,0,461623.5
2021-05-21,2021-05-21,37530,0,37530
2021-05-24,2021-05-24,329522,0,329522
2021-05-25,2021-05-25,186206.25,0,186206.25
2021-05-26,2021-05-26,133424,0,133424
2021-05-27,2021-05-27,676250.75,0,676250.75
2021-05-28,2021-05-28,-3900,0,-3900
2021-05-31,2021-05-31,300414.5,0,300414.5
2021-06-01,2021-06-01,672801.75,0,672801.75
2021-06-02,2021-06-02,24891,0,24891
2021-06-03,2021-06-03,-66994,0,-66994
2021-06-04,2021-06-04,72872,0,72872
2021-06-07,2021-06-07,8036,0,8036
2021-06-08,2021-06-08,620365.8,0,620365.8
2021-06-09,2021-06-09,-771773,0,-771773
2021-06-10,2021-06-10,521024.5,0,521024.5
2021-06-11,2021-06-11,-2101803.5,0,-2101803.5
2021-06-14,2021-06-14,-1940,0,-1940
2021-06-15,2021-06-15,-117798.5,0,-117798.5
2021-06-16,2021-06-16,260045.5,0,260045.5
2021-06-17,2021-06-17,-740552,0,-740552
2021-06-18,2021-06-18,257422,0,257422
2021-06-21,2021-06-21,48970,0,48970
2021-06-22,2021-06-22,128727,0,128727
2021-06-23,2021-06-23,14431.5,0,14431.5
2021-06-24,2021-06-24,1391623.75,0,1391623.75
2021-06-25,2021-06-25,50870,0,50870
2021-06-28,2021-06-28,283883,0,283883
2021-06-29,2021-06-29,-32769.75,0,-32769.75
2021-06-30,2021-06-30,-380520,0,-380520
2021-07-01,2021-07-01,508500,0,508500
2021-07-02,2021-07-02,191018.75,0,191018.75
2021-07-05,2021-07-05,25068.5,0,25068.5
2021-07-06,2021-07-06,-679710.25,0,-679710.25
2021-07-07,2021-07-07,73013,0,73013
2021-07-08,2021-07-08,-262179,0,-262179
2021-07-09,2021-07-09,288080,0,288080
2021-07-12,2021-07-12,-204921.25,0,-204921.25
2021-07-13,2021-07-13,-54349,0,-54349
2021-07-14,2021-07-14,-265540,0,-265540
2021-07-15,2021-07-15,651078.75,0,651078.75
2021-07-16,2021-07-16,-85984,0,-85984
2021-07-19,2021-07-19,-267924,0,-267924
2021-07-20,2021-07-20,347820.25,0,347820.25
2021-07-22,2021-07-22,-464253.69,0,-464253.69
2021-07-23,2021-07-23,34536.1,0,34536.1
2021-07-26,2021-07-26,318644,0,318644
2021-07-27,2021-07-27,-85583.25,0,-85583.25
2021-07-28,2021-07-28,957286.25,0,957286.25
2021-07-29,2021-07-29,464254,0,464254
2021-07-30,2021-07-30,-447145.5,0,-447145.5
2021-08-02,2021-08-02,266060.75,0,266060.75
2021-08-03,2021-08-03,1081920.14,0,1081920.14
2021-08-04,2021-08-04,-231265.75,0,-231265.75
2021-08-05,2021-08-05,-127770,0,-127770
2021-08-06,2021-08-06,-1362340,0,-1362340
2021-08-09,2021-08-09,-100980,0,-100980
2021-08-10,2021-08-10,270417,0,270417
2021-08-11,2021-08-11,-239025.75,0,-239025.75
2021-08-12,2021-08-12,763870,0,763870
2021-08-13,2021-08-13,-285885.75,0,-285885.75
2021-08-16,2021-08-16,-12261.5,0,-12261.5
2021-08-17,2021-08-17,153374.5,0,153374.5
2021-08-18,2021-08-18,-314518,0,-314518
2021-08-20,2021-08-20,739363,0,739363
2021-08-23,2021-08-23,201455.5,0,201455.5
2021-08-24,2021-08-24,-312234,0,-312234
2021-08-25,2021-08-25,-163925,0,-163925
2021-08-26,2021-08-26,706835,0,706835
2021-08-27,2021-08-27,256055,0,256055
2021-08-30,2021-08-30,189298.34,0,189298.34
2021-08-31,2021-08-31,855588,0,855588
2021-09-01,2021-09-01,365703.5,0,365703.5
2021-09-02,2021-09-02,-144583.25,0,-144583.25
2021-09-03,2021-09-03,1484281.5,0,1484281.5
2021-09-06,2021-09-06,-18920,0,-18920
2021-09-07,2021-09-07,18842,0,18842
2021-09-08,2021-09-08,339549.25,0,339549.25
2021-09-09,2021-09-09,-1308268.5,0,-1308268.5
2021-09-15,2021-09-15,122076,0,122076
2021-09-16,2021-09-16,1604401,0,1604401
2021-09-17,2021-09-17,87656,0,87656
2021-09-20,2021-09-20,-230744.67,0,-230744.67
2021-09-21,2021-09-21,-291715,0,-291715
2021-09-22,2021-09-22,-38883,0,-38883
2021-09-23,2021-09-23,403357.5,0,403357.5
2021-09-24,2021-09-24,556385,0,556385
2021-09-27,2021-09-27,-3878262.5,0,-3878262.5
2021-09-28,2021-09-28,-2897680.25,0,-2897680.25
2021-09-29,2021-09-29,2159653,0,2159653
2021-09-30,2021-09-30,173321.25,0,173321.25
2021-10-04,2021-10-04,69624.25,0,69624.25
2021-10-05,2021-10-05,130751,0,130751
2021-10-06,2021-10-06,-190831,0,-190831
2021-10-07,2021-10-07,145198.5,0,145198.5
2021-10-08,2021-10-08,74109,0,74109
2021-10-11,2021-10-11,-27305,0,-27305
2021-10-12,2021-10-12,115397.5,0,115397.5
2021-10-13,2021-10-13,95552,0,95552
2021-10-14,2021-10-14,-264700.88,0,-264700.88
2021-10-18,2021-10-18,149445,0,149445
2021-10-19,2021-10-19,-16696,0,-16696
2021-10-20,2021-10-20,-272674.5,0,-272674.5
2021-10-21,2021-10-21,248753,0,248753
2021-10-22,2021-10-22,-294394,0,-294394
2021-10-25,2021-10-25,139916,0,139916
2021-10-26,2021-10-26,141567.84,0,141567.84
2021-10-27,2021-10-27,84915.5,0,84915.5
2021-10-28,2021-10-28,-741040,0,-741040
2021-10-29,2021-10-29,149723,0,149723
2021-11-01,2021-11-01,-61744.5,0,-61744.5
2021-11-02,2021-11-02,229706,0,229706
2021-11-03,2021-11-03,1007828,0,1007828
2021-11-08,2021-11-08,-1128162.96,0,-1128162.96
2021-11-09,2021-11-09,5269.75,0,5269.75
2021-11-10,2021-11-10,-55942,0,-55942
2021-11-11,2021-11-11,223306,0,223306
2021-11-12,2021-11-12,-549813,0,-549813
2021-11-15,2021-11-15,-43691.56,0,-43691.56
2021-11-16,2021-11-16,273078.5,0,273078.5
2021-11-17,2021-11-17,99961,0,99961
2021-11-18,2021-11-18,-597173,0,-597173
2021-11-22,2021-11-22,19090,0,19090
2021-11-23,2021-11-23,1736300,0,1736300
2021-11-25,2021-11-25,-2056813.5,0,-2056813.5
2021-11-26,2021-11-26,456453.75,0,456453.75
2021-11-29,2021-11-29,203602,0,203602
2021-11-30,2021-11-30,-103611.25,0,-103611.25
2021-12-01,2021-12-01,-284712.25,0,-284712.25
2021-12-02,2021-12-02,503930.5,0,503930.5
2021-12-03,2021-12-03,142789,0,142789
2021-12-06,2021-12-06,-540036,0,-540036
2021-12-07,2021-12-07,-990847.5,0,-990847.5
2021-12-08,2021-12-08,408943.5,0,408943.5
2021-12-09,2021-12-09,281316.25,0,281316.25
2021-12-13,2021-12-13,11204.5,0,11204.5
2021-12-14,2021-12-14,55575,0,55575
2021-12-15,2021-12-15,-290028,0,-290028
2021-12-16,2021-12-16,206509,0,206509
2021-12-17,2021-12-17,-21974.25,0,-21974.25
2021-12-20,2021-12-20,68850.5,0,68850.5
2021-12-21,2021-12-21,476928,0,476928
2021-12-22,2021-12-22,-616577.5,0,-616577.5
2021-12-23,2021-12-23,333497.5,0,333497.5
2021-12-24,2021-12-24,92721,0,92721
2021-12-27,2021-12-27,-20242,0,-20242
2021-12-28,2021-12-28,324931.5,0,324931.5
2021-12-29,2021-12-29,-668151.5,0,-668151.5
2021-12-30,2021-12-30,366399,0,366399
2021-12-31,2021-12-31,-602164,0,-602164
2022-01-03,2022-01-03,-167994.32,0,-167994.32
2022-01-04,2022-01-04,430441.33,0,430441.33
2022-01-05,2022-01-05,484775.55,0,484775.55
2022-01-06,2022-01-06,-932880.43,0,-932880.43
2022-01-07,2022-01-07,148585.8,0,148585.8
2022-01-10,2022-01-10,81454.52,0,81454.52
2022-01-11,2022-01-11,198604.41,0,198604.41
2022-01-12,2022-01-12,338143.68,0,338143.68
2022-01-13,2022-01-13,435992.04,0,435992.04
2022-01-14,2022-01-14,62904.95,0,62904.95
2022-01-17,2022-01-17,-25258.6,0,-25258.6
2022-01-18,2022-01-18,132299.06,0,132299.06
2022-01-19,2022-01-19,345006.44,0,345006.44
2022-01-20,2022-01-20,318730.53,0,318730.53
2022-01-21,2022-01-21,-116792.79,0,-116792.79
2022-01-24,2022-01-24,-973836.48,0,-973836.48
2022-01-25,2022-01-25,790694.16,0,790694.16
2022-01-26,2022-01-26,0,0,0
2022-01-27,2022-01-27,-1541434.33,0,-1541434.33
2022-01-28,2022-01-28,345192.13,0,345192.13
2022-01-31,2022-01-31,232512.55,0,232512.55
2022-02-01,2022-02-01,-199624.17,0,-199624.17
2022-02-02,2022-02-02,1261714.49,0,1261714.49
2022-02-03,2022-02-03,268994.2,0,268994.2
2022-02-04,2022-02-04,30772.96,0,30772.96
2022-02-07,2022-02-07,128955.72,0,128955.72
2022-02-08,2022-02-08,151212.71,0,151212.71
2022-02-09,2022-02-09,-222789.44,0,-222789.44
2022-02-10,2022-02-10,202852.57,0,202852.57
2022-02-11,2022-02-11,-427010.54,0,-427010.54
2022-02-14,2022-02-14,462245.9,0,462245.9
2022-02-15,2022-02-15,-819639.56,0,-819639.56
2022-02-16,2022-02-16,471796.09,0,471796.09
2022-02-17,2022-02-17,806501.74,0,806501.74
2022-02-18,2022-02-18,83537.66,0,83537.66
2022-02-21,2022-02-21,90581.05,0,90581.05
2022-02-22,2022-02-22,122734.65,0,122734.65
2022-02-23,2022-02-23,580376.8,0,580376.8
2022-02-24,2022-02-24,-596428.37,0,-596428.37
2022-02-25,2022-02-25,357349.76,0,357349.76
2022-02-28,2022-02-28,38422.51,0,38422.51
2022-03-02,2022-03-02,-192396.74,0,-192396.74
2022-03-03,2022-03-03,1016466.96,0,1016466.96
2022-03-04,2022-03-04,124759.8,0,124759.8
2022-03-07,2022-03-07,-100881.19,0,-100881.19
2022-03-08,2022-03-08,-149141.55,0,-149141.55
2022-03-09,2022-03-09,394774.48,0,394774.48
2022-03-10,2022-03-10,-132341.41,0,-132341.41
2022-03-11,2022-03-11,-406439.97,0,-406439.97
2022-03-14,2022-03-14,89629.57,0,89629.57
2022-03-15,2022-03-15,-1417870.28,0,-1417870.28
2022-03-16,2022-03-16,682170.62,0,682170.62
2022-03-17,2022-03-17,-446962.2,-75665.56,-522627.76
2022-03-18,2022-03-18,0,-75665.56,-75665.56
2022-03-21,2022-03-21,1036804.71,-45489.72,991314.99
2022-03-22,2022-03-22,209155.79,114350.28,323506.07
2022-03-23,2022-03-23,627859.83,91976.29,719836.12
2022-03-24,2022-03-24,1003534.47,9377.41,1012911.88
2022-03-25,2022-03-25,40575.64,-58743.08,-18167.44
2022-03-28,2022-03-28,164815.1,-99090.55,65724.55
2022-03-29,2022-03-29,532004.43,-111081.25,420923.18
2022-03-30,2022-03-30,-453303.52,-87993.82,-541297.34
2022-03-31,2022-03-31,1189040.71,0,1189040.71
2022-04-01,2022-04-01,0,-5374.63,-5374.63
2022-04-01,2022-04-01,0,-5374.63,-5374.63
2022-04-04,2022-04-04,63746.61,-878574.91,-814828.3
2022-04-04,2022-04-04,63746.61,-878574.91,-814828.3
2022-04-05,2022-04-05,-92895.84,-781426.38,-874322.22
2022-04-05,2022-04-05,-92895.84,-781426.38,-874322.22
2022-04-06,2022-04-06,-559916.96,-30478.34,-590395.3
2022-04-06,2022-04-06,-559916.96,-30478.34,-590395.3
2022-04-07,2022-04-07,522360.08,-717516.27,-195156.19
2022-04-07,2022-04-07,522360.08,-717516.27,-195156.19
2022-04-08,2022-04-08,79138.13,-623736.96,-544598.83
2022-04-08,2022-04-08,79138.13,-623736.96,-544598.83
2022-04-11,2022-04-11,0,-359381.96,-359381.96
2022-04-11,2022-04-11,0,-359381.96,-359381.96
2022-04-12,2022-04-12,-23613.76,-249335,-272948.76
2022-04-12,2022-04-12,-23613.76,-249335,-272948.76
2022-04-13,2022-04-13,83887.71,-245848.05,-161960.34
2022-04-13,2022-04-13,83887.71,-245848.05,-161960.34
2022-04-14,2022-04-14,0,-245848.05,-245848.05
2022-04-14,2022-04-14,0,-245848.05,-245848.05
2022-04-15,2022-04-15,0,-245848.05,-245848.05
2022-04-15,2022-04-15,0,-245848.05,-245848.05
2022-04-18,2022-04-18,-132253.07,-508491.19,-640744.26
2022-04-18,2022-04-18,-132253.07,-508491.19,-640744.26
2022-04-19,2022-04-19,-627662.25,-895848.34,-1523510.59
2022-04-19,2022-04-19,-627662.25,-895848.34,-1523510.59
2022-04-20,2022-04-20,-645311.17,332065.86,-313245.31
2022-04-20,2022-04-20,-645311.17,332065.86,-313245.31
2022-04-21,2022-04-21,958673.34,-424416.63,534256.71
2022-04-26,2022-04-26,-390409.5,371221.86,-19187.64
2022-04-27,2022-04-27,514673.24,528347.79,1043021.03
2022-04-28,2022-04-28,1015397.5,93203.03,1108600.53
2022-04-29,2022-04-29,53474.11,24928.28,78402.39
2022-05-02,2022-05-02,0,17966.95,17966.95
2022-05-03,2022-05-03,0,17966.95,17966.95
2022-05-04,2022-05-04,393326.42,-1001988.1,-608661.68
2022-05-05,2022-05-05,-601414.67,-102272.27,-703686.94
2022-05-06,2022-05-06,283191.63,-391621.25,-108429.62
2022-05-09,2022-05-09,154644.84,-460038.35,-305393.51
2022-05-10,2022-05-10,33363.51,-229498.97,-196135.46
2022-05-11,2022-05-11,747395.32,-799030.96,-51635.64
2022-05-12,2022-05-12,748936,-1800118.9,-1051182.9
2022-05-13,2022-05-13,-1199738.5,-538509.72,-1738248.22
2022-05-16,2022-05-16,-307022.29,118402.78,-188619.51
2022-05-17,2022-05-17,-342645.15,401259.78,58614.63
2022-05-18,2022-05-18,-13683.23,877618.88,863935.65
2022-05-19,2022-05-19,406717.45,-76881.93,329835.52
2022-05-20,2022-05-20,666855.8,-634198.43,32657.37
2022-05-23,2022-05-23,-1232133.15,526169.19,-705963.96
2022-05-24,2022-05-24,241213.49,553149.25,794362.74
2022-05-25,2022-05-25,241567.45,657589.33,899156.78
2022-05-26,2022-05-26,1354776.47,0,1354776.47
2022-05-27,2022-05-27,18470.84,86566.83,105037.67
2022-05-30,2022-05-30,148714.21,-53304.26,95409.95
2022-05-31,2022-05-31,-40968.52,125976.53,85008.01
2022-06-01,2022-06-01,661451.86,-82830.75,578621.11
2022-06-02,2022-06-02,515063.11,-79536.74,435526.37
2022-06-03,2022-06-03,6875.12,-137391.68,-130516.56
2022-06-06,2022-06-06,79241.44,-86655.51,-7414.07
2022-06-07,2022-06-07,0,-99337.31,-99337.31
2022-06-08,2022-06-08,-185941.23,-134356.2,-320297.43
2022-06-09,2022-06-09,-168019.4,-195343.43,-363362.83
2022-06-10,2022-06-10,263388.26,-162595.97,100792.29
2022-06-13,2022-06-13,0,-253451.63,-253451.63
2022-06-14,2022-06-14,-44461.93,-83789.97,-128251.9
2022-06-15,2022-06-15,65561.65,-158634.63,-93072.98
2022-06-15,2022-06-15,65561.65,-158634.63,-93072.98
2022-06-16,2022-06-16,142792.89,-516647.67,-373854.78
2022-06-17,2022-06-17,226749.82,-567935.51,-341185.69
2022-06-20,2022-06-20,45690.4,-390043.58,-344353.18
2022-06-21,2022-06-21,-474052.37,-131263.18,-605315.55
2022-06-22,2022-06-22,-194382.17,187225.05,-7157.12
2022-06-23,2022-06-23,137088.95,-106499.4,30589.55
2022-06-24,2022-06-24,78523.45,-288112.02,-209588.57
2022-06-27,2022-06-27,-276281.92,-118980.42,-395262.34
2022-06-28,2022-06-28,266238.47,-223251.88,42986.59
2022-06-29,2022-06-29,166092.85,56828.8,222921.65
2022-06-30,2022-06-30,723850.39,-27938.23,695912.16
2022-07-01,2022-07-01,133547.78,40022.6,173570.38
2022-07-04,2022-07-04,203514.95,-24000.97,179513.98
2022-07-05,2022-07-05,-137677.98,-201500.01,-339177.99
2022-07-06,2022-07-06,-73131.69,2736.96,-70394.73
2022-07-07,2022-07-07,-123515.59,0,-123515.59
2022-07-08,2022-07-08,28254.46,-31862.16,-3607.7
2022-07-11,2022-07-11,139564.63,91067.64,230632.27
2022-07-12,2022-07-12,0,40294.09,40294.09
2022-07-13,2022-07-13,-110546.89,204001.4,93454.51
2022-07-14,2022-07-14,822814.95,-169213.6,653601.35
2022-07-15,2022-07-15,36332.03,162358.97,198691
2022-07-18,2022-07-18,54908.12,216809.41,271717.53
2022-07-19,2022-07-19,-56200.77,304814.83,248614.06
2022-07-20,2022-07-20,215888.7,-577293.54,-361404.84
2022-07-21,2022-07-21,602822.16,-765389.66,-162567.5
2022-07-22,2022-07-22,-90766.02,-1008190.19,-1098956.21
2022-07-25,2022-07-25,-1124073.56,61060.31,-1063013.25
2022-07-26,2022-07-26,420.19,143166.44,143586.63
2022-07-27,2022-07-27,0,129677.07,129677.07
2022-07-28,2022-07-28,-441461.71,-44260.49,-485722.2
2022-07-29,2022-07-29,64310.59,-379912.49,-315601.9
2022-08-01,2022-08-01,42910.15,-611345.36,-568435.21
2022-08-02,2022-08-02,212179.64,-653622,-441442.36
2022-08-03,2022-08-03,-92832.64,-9333.34,-102165.98
2022-08-04,2022-08-04,-1062019.8,70948.03,-991071.77
2022-08-05,2022-08-05,-251059.34,337832.11,86772.77
2022-08-08,2022-08-08,231223.41,276857.62,508081.03
2022-08-09,2022-08-09,0,276857.62,276857.62
2022-08-10,2022-08-10,242820.38,275911.68,518732.06
2022-08-11,2022-08-11,34330.51,0,34330.51
2022-08-17,2022-08-17,0,-13300.73,-13300.73
2022-08-18,2022-08-18,14520.41,-48004.66,-33484.25
2022-08-19,2022-08-19,88920.15,10365.14,99285.29
2022-08-22,2022-08-22,314186.79,-265554.66,48632.13
2022-08-23,2022-08-23,-63015.94,-140088.3,-203104.24
2022-08-24,2022-08-24,174814.3,-14570.25,160244.05
2022-08-25,2022-08-25,456380.46,-570946.31,-114565.85
2022-08-26,2022-08-26,-7387.74,-426908.51,-434296.25
2022-08-29,2022-08-29,54772.76,-785845.1,-731072.34
2022-08-30,2022-08-30,-1079993.26,543476.39,-536516.87
2022-08-31,2022-08-31,0,543476.39,543476.39
2022-09-01,2022-09-01,1260860.14,0,1260860.14
2022-09-02,2022-09-02,150445.83,0,150445.83
2022-09-05,2022-09-05,0,10397.6,10397.6
2022-09-06,2022-09-06,0,174536.85,174536.85
2022-09-07,2022-09-07,-104475.39,288779.2,184303.81
2022-09-08,2022-09-08,733782.28,-496041.4,237740.88
2022-09-09,2022-09-09,-223879.53,374276.52,150396.99
2022-09-12,2022-09-12,323.64,417786.29,418109.93
2022-09-13,2022-09-13,-13114.02,493888.03,480774.01
2022-09-14,2022-09-14,-24860.19,389665.29,364805.1
2022-09-15,2022-09-15,1422386.48,-32454.74,1389931.74
2022-09-16,2022-09-16,-324948.73,-478421.2,-803369.93
2022-09-19,2022-09-19,74145.35,-253112.67,-178967.32
2022-09-20,2022-09-20,-459533.38,584728.57,125195.19
2022-09-21,2022-09-21,209521.47,235123.39,444644.86
2022-09-22,2022-09-22,768479.16,68188.2,836667.36
2022-09-23,2022-09-23,82925.67,-1168067.54,-1085141.87
2022-09-26,2022-09-26,1282818.24,-3606385.33,-2323567.09
2022-09-27,2022-09-27,357929.09,-3896509.39,-3538580.3
2022-09-28,2022-09-28,-1235364.08,-3717140.19,-4952504.27
2022-09-29,2022-09-29,-1930459.65,-1791524.57,-3721984.22
2022-09-30,2022-09-30,325004.95,-1979234.85,-1654229.9
2022-10-03,2022-10-03,-54789.29,-1585831.9,-1640621.19
2022-10-04,2022-10-04,3580.84,-1359567.37,-1355986.53
2022-10-05,2022-10-05,0,-1359567.37,-1359567.37
2022-10-06,2022-10-06,-385525.69,-915304.82,-1300830.51
2022-10-07,2022-10-07,-687474,-214563.38,-902037.38
2022-10-10,2022-10-10,-50589.52,-30645.8,-81235.32
2022-10-11,2022-10-11,0,-101406.34,-101406.34
2022-10-12,2022-10-12,-77494.38,139526.01,62031.63
2022-10-13,2022-10-13,361435.64,-59606.51,301829.13
2022-10-14,2022-10-14,-17694.32,-55402.15,-73096.47
2022-10-17,2022-10-17,-1439.37,100262.81,98823.44
2022-10-18,2022-10-18,172762.85,65179.54,237942.39
2022-10-19,2022-10-19,101710.12,16539.83,118249.95
2022-10-20,2022-10-20,-124672.46,32102.8,-92569.66
2022-10-21,2022-10-21,40374.74,-25126.41,15248.33
2022-10-24,2022-10-24,-72833.46,-27355.54,-100189
2022-10-25,2022-10-25,-289322.9,398457.22,109134.32
2022-10-26,2022-10-26,0,398457.22,398457.22
2022-10-27,2022-10-27,386313.93,-4184.14,382129.79
2022-10-28,2022-10-28,-7106.9,-213802.28,-220909.18
2022-10-31,2022-10-31,76266.32,-375230.88,-298964.56
2022-11-01,2022-11-01,24213.37,-648882.17,-624668.8
2022-11-02,2022-11-02,66750.31,-539428.15,-472677.84
2022-11-03,2022-11-03,-216615.96,0,-216615.96
2022-11-04,2022-11-04,16281.63,56821.51,73103.14
2022-11-07,2022-11-07,5234.47,41099.88,46334.35
2022-11-08,2022-11-08,0,41099.88,41099.88
2022-11-09,2022-11-09,-648758.39,756913.03,108154.64
2022-11-10,2022-11-10,785602.5,0,785602.5
2022-11-11,2022-11-11,14156.46,-37777.85,-23621.39
2022-11-14,2022-11-14,28347.97,68479.65,96827.62
2022-11-15,2022-11-15,49671.8,107191.38,156863.18
2022-11-16,2022-11-16,-253608.23,342500.68,88892.45
2022-11-17,2022-11-17,514962.92,22177.06,537139.98
2022-11-18,2022-11-18,0,104838.18,104838.18
2022-11-21,2022-11-21,-6586.54,246550.11,239963.57
2022-11-22,2022-11-22,671445.41,-265779.52,405665.89
2022-11-23,2022-11-23,-318123.3,90273.95,-227849.35
2022-11-24,2022-11-24,106213.85,31288.52,137502.37
2022-11-25,2022-11-25,168061.83,-42579.57,125482.26
2022-11-28,2022-11-28,201062.47,-705810.7,-504748.23
2022-11-29,2022-11-29,-31636.66,-588355.91,-619992.57
2022-11-30,2022-11-30,3117.85,-739014.97,-735897.12
2022-12-01,2022-12-01,155358.17,-932434.08,-777075.91
2022-12-02,2022-12-02,-41509.52,-840825.36,-882334.88
2022-12-05,2022-12-05,0,-597709.66,-597709.66
2022-12-06,2022-12-06,0,-581674.87,-581674.87
2022-12-07,2022-12-07,-189911.96,-103159.64,-293071.6
2022-12-08,2022-12-08,532273.85,-355086.84,177187.01
2022-12-09,2022-12-09,-194077.81,101796.57,-92281.24
2022-12-12,2022-12-12,70793.01,39149.13,109942.14
2022-12-13,2022-12-13,508592.22,-634686.39,-126094.17
2022-12-14,2022-12-14,-531264.58,-111676.72,-642941.3
2022-12-15,2022-12-15,66220.25,107491.93,173712.18
2022-12-16,2022-12-16,47086.66,-21991.93,25094.73
2022-12-19,2022-12-19,79209.03,109193.11,188402.14
2022-12-20,2022-12-20,154200.96,283550.11,437751.07
2022-12-21,2022-12-21,68079.26,-207611.79,-139532.53
2022-12-22,2022-12-22,51969.94,-385133.89,-333163.95
2022-12-23,2022-12-23,2275216.79,-3520113.95,-1244897.16
2022-12-26,2022-12-26,-29216.51,-3197060.34,-3226276.85
2022-12-27,2022-12-27,-2394858.66,-286419.21,-2681277.87
2022-12-28,2022-12-28,648240.38,-669020.64,-20780.26
2022-12-29,2022-12-29,-53812.64,-467783.03,-521595.67
2022-12-30,2022-12-30,99898.74,-536782.25,-436883.51
2023-01-02,2023-01-02,95312.26,-388820.42,-293508.16
2023-01-03,2023-01-03,96180.74,-407180.1,-310999.36
2023-01-04,2023-01-04,328572.29,-1182707.27,-854134.98
2023-01-05,2023-01-05,-398431.71,-760143.27,-1158574.98
2023-01-06,2023-01-06,106795.28,-844029.44,-737234.16
2023-01-06,2023-01-06,106795.28,-844029.44,-737234.16
2023-01-09,2023-01-09,-131031.1,-767489.16,-898520.26
2023-01-10,2023-01-10,32349.21,-1182615.35,-1150266.14
2023-01-11,2023-01-11,-427695.36,-579334.52,-1007029.88
2023-01-12,2023-01-12,-63610.22,-427762.18,-491372.4
2023-01-13,2023-01-13,43447.13,-311296.97,-267849.84
2023-01-16,2023-01-16,-118087.96,-166257.27,-284345.23
2023-01-17,2023-01-17,715826.09,-679016.56,36809.53
2023-01-18,2023-01-18,-736841.3,166963.6,-569877.7
2023-01-19,2023-01-19,510954.92,109415.86,620370.78
2023-01-20,2023-01-20,34217.24,115025.95,149243.19
2023-01-23,2023-01-23,41945.36,82024.35,123969.71
2023-01-24,2023-01-24,-187988.12,282155.18,94167.06
2023-01-25,2023-01-25,210942.84,-258846.29,-47903.45
2023-01-26,2023-01-26,0,-258846.29,-258846.29
2023-01-27,2023-01-27,-245401.12,-238258.49,-483659.61
2023-01-30,2023-01-30,107226.08,-267072.12,-159846.04
2023-01-31,2023-01-31,93718.95,-195773.74,-102054.79
2023-02-01,2023-02-01,-970615.47,-1230776.47,-2201391.94
2023-02-02,2023-02-02,159955.6,-873277.13,-713321.53
2023-02-03,2023-02-03,-277068.52,-481783.36,-758851.88
2023-02-06,2023-02-06,-175728.13,-186297.17,-362025.3
2023-02-07,2023-02-07,0,-105214.41,-105214.41
2023-02-08,2023-02-08,-716791.71,654950.16,-61841.55
2023-02-09,2023-02-09,1123275.26,-240983.95,882291.31
2023-02-10,2023-02-10,-5010.83,-285818.95,-290829.78
2023-02-13,2023-02-13,0,-265276.56,-265276.56
2023-02-14,2023-02-14,-61753.25,-171732.18,-233485.43
2023-02-15,2023-02-15,-236615.83,45021.41,-191594.42
2023-02-16,2023-02-16,-43962.13,89899.32,45937.19
2023-02-17,2023-02-17,75287.23,-45437.78,29849.45
2023-02-20,2023-02-20,0,-39060.52,-39060.52
2023-02-21,2023-02-21,190670.92,4984.87,195655.79
2023-02-22,2023-02-22,-49637.22,-524232.64,-573869.86
2023-02-23,2023-02-23,-103218.78,-143725.76,-246944.54
2023-02-24,2023-02-24,-111080.59,-124591.89,-235672.48
2023-02-27,2023-02-27,-106127.51,77590.17,-28537.34
2023-02-28,2023-02-28,67678.95,75261.59,142940.54
2023-03-01,2023-03-01,32842.43,156052.9,188895.33
2023-03-02,2023-03-02,441598.33,-66189.35,375408.98
2023-03-03,2023-03-03,0,-5390.09,-5390.09
2023-03-06,2023-03-06,1124925.69,-991974.84,132950.85
2023-03-07,2023-03-07,0,-991974.84,-991974.84
2023-03-08,2023-03-08,-1096283.11,46846.61,-1049436.5
2023-03-09,2023-03-09,114704.28,12704.61,127408.89
2023-03-10,2023-03-10,47805.82,-158754.04,-110948.22
2023-03-13,2023-03-13,77425.34,-526444.96,-449019.62
2023-03-14,2023-03-14,-224915.85,-296650.99,-521566.84
2023-03-15,2023-03-15,15805.98,-288751.32,-272945.34
2023-03-16,2023-03-16,-442982.81,-235787.23,-678770.04
2023-03-17,2023-03-17,206337.92,-450749.82,-244411.9
2023-03-20,2023-03-20,66115.87,-354441.59,-288325.72
2023-03-21,2023-03-21,-73106.4,-429292.95,-502399.35
2023-03-22,2023-03-22,-70116.02,-355136.26,-425252.28
2023-03-23,2023-03-23,380744.64,-595230.29,-214485.65
2023-03-24,2023-03-24,82997.8,-772203.56,-689205.76
2023-03-27,2023-03-27,-4872.75,-498861.71,-503734.46
2023-03-28,2023-03-28,408014.25,-568895.54,-160881.29
2023-03-29,2023-03-29,-521212.39,0,-521212.39
2023-04-03,2023-04-03,34168.72,5045.46,39214.18
2023-04-04,2023-04-04,0,5045.46,5045.46
2023-04-05,2023-04-05,0,-2107.11,-2107.11
2023-04-06,2023-04-06,124821.24,-36884.88,87936.36
2023-04-07,2023-04-07,0,-36884.88,-36884.88
2023-04-10,2023-04-10,-56467.34,-49607.16,-106074.5
2023-04-11,2023-04-11,48389.87,-180824.83,-132434.96
2023-04-12,2023-04-12,-102469.29,-153469.29,-255938.58
2023-04-13,2023-04-13,-51046.44,-171715.21,-222761.65
2023-04-14,2023-04-14,0,-171715.21,-171715.21
2023-04-17,2023-04-17,-139768.58,35787.96,-103980.62
2023-04-17,2023-04-17,-139768.58,35787.96,-103980.62
2023-04-18,2023-04-18,-52674.09,39193.65,-13480.44
2023-04-19,2023-04-19,0,93203.73,93203.73
2023-04-20,2023-04-20,205163.82,55994.06,261157.88
2023-04-21,2023-04-21,20959.44,52649.76,73609.2
2023-04-24,2023-04-24,-160995.57,196168.03,35172.46
2023-04-25,2023-04-25,22443.49,256463.74,278907.23
2023-04-26,2023-04-26,-4418.56,349745.08,345326.52
2023-04-27,2023-04-27,422278.51,-50775.41,371503.1
2023-04-28,2023-04-28,21503.58,2310.1,23813.68
2023-04-28,2023-04-28,21503.58,2310.1,23813.68
2023-05-01,2023-05-01,0,2310.1,2310.1
2023-05-02,2023-05-02,111584.51,-62825.23,48759.28
2023-05-03,2023-05-03,137292,-47664.46,89627.54
2023-05-04,2023-05-04,53129.84,-184749.96,-131620.12
2023-05-05,2023-05-05,-111497.59,-667198.48,-778696.07
2023-05-08,2023-05-08,28912.57,-545330.19,-516417.62
2023-05-09,2023-05-09,31032.11,-443575.95,-412543.84
2023-05-10,2023-05-10,-91609.15,-420433.24,-512042.39
2023-05-11,2023-05-11,31058.03,-497619.79,-466561.76
2023-05-12,2023-05-12,-133303.18,-471039,-604342.18
2023-05-15,2023-05-15,103402.49,-511162,-407759.51
