datetime,open,high,low,close,currWeek_exp_dt,nextWeek_exp_dt,farWeek_exp_dt,currMonth_exp_dt,nextMonth_exp_dt,farMonth_exp_dt
01-01-2020 09:15,32227.8,32295.8,32220.9,32292,02-01-2020,09-01-2020,16-01-2020,30-01-2020,27-02-2020,26-03-2020
01-01-2020 09:16,32296.35,32303.3,32283.95,32288.25,02-01-2020,09-01-2020,16-01-2020,30-01-2020,27-02-2020,26-03-2020
01-01-2020 09:17,32285.05,32290.85,32279.35,32282.95,02-01-2020,09-01-2020,16-01-2020,30-01-2020,27-02-2020,26-03-2020
01-01-2020 09:18,32280.2,32296.25,32270.7,32292.45,02-01-2020,09-01-2020,16-01-2020,30-01-2020,27-02-2020,26-03-2020
01-01-2020 09:19,32295.3,32312.05,32294.85,32298.65,02-01-2020,09-01-2020,16-01-2020,30-01-2020,27-02-2020,26-03-2020
01-01-2020 09:20,32300.8,32303.45,32288.15,32293.5,02-01-2020,09-01-2020,16-01-2020,30-01-2020,27-02-2020,26-03-2020
01-01-2020 09:21,32295,32299.45,32287.45,32289.45,02-01-2020,09-01-2020,16-01-2020,30-01-2020,27-02-2020,26-03-2020
01-01-2020 09:22,32293.45,32297.55,32286.2,32295.45,02-01-2020,09-01-2020,16-01-2020,30-01-2020,27-02-2020,26-03-2020
01-01-2020 09:23,32297.35,32314.3,32296.5,32314.3,02-01-2020,09-01-2020,16-01-2020,30-01-2020,27-02-2020,26-03-2020
01-01-2020 09:24,32316.35,32318.4,32302.5,32308.35,02-01-2020,09-01-2020,16-01-2020,30-01-2020,27-02-2020,26-03-2020
01-01-2020 09:25,32311.05,32313.65,32302.9,32311.7,02-01-2020,09-01-2020,16-01-2020,30-01-2020,27-02-2020,26-03-2020
01-01-2020 09:26,32313.4,32324.2,32313.3,32323,02-01-2020,09-01-2020,16-01-2020,30-01-2020,27-02-2020,26-03-2020
01-01-2020 09:27,32325.15,32325.3,32313.65,32317.35,02-01-2020,09-01-2020,16-01-2020,30-01-2020,27-02-2020,26-03-2020
01-01-2020 09:28,32318.45,32327.2,32315.35,32320.05,02-01-2020,09-01-2020,16-01-2020,30-01-2020,27-02-2020,26-03-2020
01-01-2020 09:29,32319.45,32339.25,32319.35,32336.65,02-01-2020,09-01-2020,16-01-2020,30-01-2020,27-02-2020,26-03-2020
01-01-2020 09:30,32337.05,32346.6,32335.95,32341.75,02-01-2020,09-01-2020,16-01-2020,30-01-2020,27-02-2020,26-03-2020
01-01-2020 09:31,32341.6,32348,32337.45,32337.45,02-01-2020,09-01-2020,16-01-2020,30-01-2020,27-02-2020,26-03-2020
01-01-2020 09:32,32338.4,32342.8,32334,32340.1,02-01-2020,09-01-2020,16-01-2020,30-01-2020,27-02-2020,26-03-2020
01-01-2020 09:33,32337.65,32339,32327.1,32330.95,02-01-2020,09-01-2020,16-01-2020,30-01-2020,27-02-2020,26-03-2020
01-01-2020 09:34,32327.8,32332.4,32317.95,32324.4,02-01-2020,09-01-2020,16-01-2020,30-01-2020,27-02-2020,26-03-2020
01-01-2020 09:35,32326.35,32329.3,32312.05,32313.4,02-01-2020,09-01-2020,16-01-2020,30-01-2020,27-02-2020,26-03-2020
01-01-2020 09:36,32313.25,32313.25,32288.7,32304.4,02-01-2020,09-01-2020,16-01-2020,30-01-2020,27-02-2020,26-03-2020
01-01-2020 09:37,32306.85,32306.85,32287.85,32291.55,02-01-2020,09-01-2020,16-01-2020,30-01-2020,27-02-2020,26-03-2020
01-01-2020 09:38,32292.65,32294.6,32284.35,32290.6,02-01-2020,09-01-2020,16-01-2020,30-01-2020,27-02-2020,26-03-2020
01-01-2020 09:39,32293.05,32294,32286.55,32290.85,02-01-2020,09-01-2020,16-01-2020,30-01-2020,27-02-2020,26-03-2020
01-01-2020 09:40,32289.7,32291.85,32279.85,32280.8,02-01-2020,09-01-2020,16-01-2020,30-01-2020,27-02-2020,26-03-2020
01-01-2020 09:41,32281.7,32281.7,32237.95,32259.9,02-01-2020,09-01-2020,16-01-2020,30-01-2020,27-02-2020,26-03-2020
01-01-2020 09:42,32256,32267.5,32256,32258.1,02-01-2020,09-01-2020,16-01-2020,30-01-2020,27-02-2020,26-03-2020
01-01-2020 09:43,32261.9,32261.9,32251.65,32255.45,02-01-2020,09-01-2020,16-01-2020,30-01-2020,27-02-2020,26-03-2020
01-01-2020 09:44,32253.05,32253.05,32245.2,32247.55,02-01-2020,09-01-2020,16-01-2020,30-01-2020,27-02-2020,26-03-2020
01-01-2020 09:45,32247.6,32251.8,32217.1,32221.05,02-01-2020,09-01-2020,16-01-2020,30-01-2020,27-02-2020,26-03-2020
01-01-2020 09:46,32219.85,32220.8,32178.55,32185.15,02-01-2020,09-01-2020,16-01-2020,30-01-2020,27-02-2020,26-03-2020
01-01-2020 09:47,32182.75,32193.55,32175.45,32187.55,02-01-2020,09-01-2020,16-01-2020,30-01-2020,27-02-2020,26-03-2020
01-01-2020 09:48,32188.35,32207.75,32181.9,32205.3,02-01-2020,09-01-2020,16-01-2020,30-01-2020,27-02-2020,26-03-2020
01-01-2020 09:49,32207.35,32210.1,32193.5,32193.5,02-01-2020,09-01-2020,16-01-2020,30-01-2020,27-02-2020,26-03-2020
01-01-2020 09:50,32192.4,32193.45,32169.2,32185.6,02-01-2020,09-01-2020,16-01-2020,30-01-2020,27-02-2020,26-03-2020
01-01-2020 09:51,32185.2,32194,32181.4,32187.95,02-01-2020,09-01-2020,16-01-2020,30-01-2020,27-02-2020,26-03-2020
01-01-2020 09:52,32190.9,32214.25,32190.3,32211.1,02-01-2020,09-01-2020,16-01-2020,30-01-2020,27-02-2020,26-03-2020
01-01-2020 09:53,32210.25,32211.65,32200.95,32200.95,02-01-2020,09-01-2020,16-01-2020,30-01-2020,27-02-2020,26-03-2020
01-01-2020 09:54,32204.4,32205.65,32187.45,32188.45,02-01-2020,09-01-2020,16-01-2020,30-01-2020,27-02-2020,26-03-2020
01-01-2020 09:55,32189.9,32192.6,32183.45,32188.65,02-01-2020,09-01-2020,16-01-2020,30-01-2020,27-02-2020,26-03-2020
01-01-2020 09:56,32189.5,32212.1,32187.8,32200.15,02-01-2020,09-01-2020,16-01-2020,30-01-2020,27-02-2020,26-03-2020
01-01-2020 09:57,32199.05,32203.05,32189.05,32190.6,02-01-2020,09-01-2020,16-01-2020,30-01-2020,27-02-2020,26-03-2020
01-01-2020 09:58,32192.1,32200.1,32190.75,32195.1,02-01-2020,09-01-2020,16-01-2020,30-01-2020,27-02-2020,26-03-2020
01-01-2020 09:59,32194.8,32207.9,32189.7,32204.2,02-01-2020,09-01-2020,16-01-2020,30-01-2020,27-02-2020,26-03-2020
01-01-2020 10:00,32207.55,32207.55,32196.15,32200.95,02-01-2020,09-01-2020,16-01-2020,30-01-2020,27-02-2020,26-03-2020
01-01-2020 10:01,32199.7,32203.3,32189.4,32189.65,02-01-2020,09-01-2020,16-01-2020,30-01-2020,27-02-2020,26-03-2020
01-01-2020 10:02,32190.15,32196.5,32189.05,32191.4,02-01-2020,09-01-2020,16-01-2020,30-01-2020,27-02-2020,26-03-2020
01-01-2020 10:03,32190.35,32192.75,32177.8,32181.4,02-01-2020,09-01-2020,16-01-2020,30-01-2020,27-02-2020,26-03-2020
01-01-2020 10:04,32182,32189.8,32180.45,32189.55,02-01-2020,09-01-2020,16-01-2020,30-01-2020,27-02-2020,26-03-2020
01-01-2020 10:05,32189,32192.85,32178,32180.3,02-01-2020,09-01-2020,16-01-2020,30-01-2020,27-02-2020,26-03-2020
01-01-2020 10:06,32181.75,32186.75,32176.45,32179.9,02-01-2020,09-01-2020,16-01-2020,30-01-2020,27-02-2020,26-03-2020
01-01-2020 10:07,32182.35,32185.65,32179.15,32183.75,02-01-2020,09-01-2020,16-01-2020,30-01-2020,27-02-2020,26-03-2020
01-01-2020 10:08,32183.9,32187.75,32178.3,32184.8,02-01-2020,09-01-2020,16-01-2020,30-01-2020,27-02-2020,26-03-2020
01-01-2020 10:09,32186.05,32186.05,32136.35,32147.4,02-01-2020,09-01-2020,16-01-2020,30-01-2020,27-02-2020,26-03-2020
01-01-2020 10:10,32146.1,32155.75,32131.15,32151.9,02-01-2020,09-01-2020,16-01-2020,30-01-2020,27-02-2020,26-03-2020
01-01-2020 10:11,32154.75,32161.5,32149.05,32159.1,02-01-2020,09-01-2020,16-01-2020,30-01-2020,27-02-2020,26-03-2020
01-01-2020 10:12,32161.75,32162.65,32147.15,32151.8,02-01-2020,09-01-2020,16-01-2020,30-01-2020,27-02-2020,26-03-2020
01-01-2020 10:13,32157.1,32160.05,32140.6,32140.7,02-01-2020,09-01-2020,16-01-2020,30-01-2020,27-02-2020,26-03-2020
01-01-2020 10:14,32142.65,32147.3,32134.55,32142.25,02-01-2020,09-01-2020,16-01-2020,30-01-2020,27-02-2020,26-03-2020
01-01-2020 10:15,32142.55,32149.1,32134.75,32136.6,02-01-2020,09-01-2020,16-01-2020,30-01-2020,27-02-2020,26-03-2020
01-01-2020 10:16,32141.2,32142.6,32133.55,32140.2,02-01-2020,09-01-2020,16-01-2020,30-01-2020,27-02-2020,26-03-2020
01-01-2020 10:17,32141.1,32158.55,32141.1,32158.55,02-01-2020,09-01-2020,16-01-2020,30-01-2020,27-02-2020,26-03-2020
01-01-2020 10:18,32159.05,32159.05,32143.5,32149.8,02-01-2020,09-01-2020,16-01-2020,30-01-2020,27-02-2020,26-03-2020
01-01-2020 10:19,32153.65,32154.1,32145.9,32151.75,02-01-2020,09-01-2020,16-01-2020,30-01-2020,27-02-2020,26-03-2020
01-01-2020 10:20,32154.35,32168.7,32151.05,32167.2,02-01-2020,09-01-2020,16-01-2020,30-01-2020,27-02-2020,26-03-2020
01-01-2020 10:21,32168.75,32174.55,32165.45,32171.35,02-01-2020,09-01-2020,16-01-2020,30-01-2020,27-02-2020,26-03-2020
01-01-2020 10:22,32168.75,32174,32155.55,32156,02-01-2020,09-01-2020,16-01-2020,30-01-2020,27-02-2020,26-03-2020
01-01-2020 10:23,32156.55,32162.85,32155.05,32160.85,02-01-2020,09-01-2020,16-01-2020,30-01-2020,27-02-2020,26-03-2020
01-01-2020 10:24,32160.15,32167,32155.5,32162.9,02-01-2020,09-01-2020,16-01-2020,30-01-2020,27-02-2020,26-03-2020
01-01-2020 10:25,32164.95,32165.35,32152.9,32156.3,02-01-2020,09-01-2020,16-01-2020,30-01-2020,27-02-2020,26-03-2020
01-01-2020 10:26,32156.6,32180.55,32156.6,32178.9,02-01-2020,09-01-2020,16-01-2020,30-01-2020,27-02-2020,26-03-2020
01-01-2020 10:27,32179.65,32185.1,32172.35,32179.05,02-01-2020,09-01-2020,16-01-2020,30-01-2020,27-02-2020,26-03-2020
01-01-2020 10:28,32180.1,32185.45,32177.25,32185.4,02-01-2020,09-01-2020,16-01-2020,30-01-2020,27-02-2020,26-03-2020
01-01-2020 10:29,32187.05,32188.05,32171.1,32174.4,02-01-2020,09-01-2020,16-01-2020,30-01-2020,27-02-2020,26-03-2020
01-01-2020 10:30,32171.55,32171.55,32127.2,32127.2,02-01-2020,09-01-2020,16-01-2020,30-01-2020,27-02-2020,26-03-2020
01-01-2020 10:31,32125.55,32144.75,32125.55,32139.9,02-01-2020,09-01-2020,16-01-2020,30-01-2020,27-02-2020,26-03-2020
01-01-2020 10:32,32140.3,32149.6,32137.8,32143.85,02-01-2020,09-01-2020,16-01-2020,30-01-2020,27-02-2020,26-03-2020
01-01-2020 10:33,32146.85,32157.4,32145.1,32156.3,02-01-2020,09-01-2020,16-01-2020,30-01-2020,27-02-2020,26-03-2020
01-01-2020 10:34,32156.15,32162.1,32154,32156.1,02-01-2020,09-01-2020,16-01-2020,30-01-2020,27-02-2020,26-03-2020
01-01-2020 10:35,32161.3,32161.3,32147.65,32147.65,02-01-2020,09-01-2020,16-01-2020,30-01-2020,27-02-2020,26-03-2020
01-01-2020 10:36,32151.45,32151.45,32134.65,32145,02-01-2020,09-01-2020,16-01-2020,30-01-2020,27-02-2020,26-03-2020
01-01-2020 10:37,32145.4,32146.9,32137.2,32140.8,02-01-2020,09-01-2020,16-01-2020,30-01-2020,27-02-2020,26-03-2020
01-01-2020 10:38,32142.05,32143.8,32133.65,32137.75,02-01-2020,09-01-2020,16-01-2020,30-01-2020,27-02-2020,26-03-2020
01-01-2020 10:39,32139.05,32143.95,32133.65,32141.5,02-01-2020,09-01-2020,16-01-2020,30-01-2020,27-02-2020,26-03-2020
01-01-2020 10:40,32145.9,32145.9,32138.05,32141.3,02-01-2020,09-01-2020,16-01-2020,30-01-2020,27-02-2020,26-03-2020
01-01-2020 10:41,32143,32154.15,32139.9,32153.2,02-01-2020,09-01-2020,16-01-2020,30-01-2020,27-02-2020,26-03-2020
01-01-2020 10:42,32151.95,32163.25,32148.95,32162.65,02-01-2020,09-01-2020,16-01-2020,30-01-2020,27-02-2020,26-03-2020
01-01-2020 10:43,32163.3,32163.3,32145.6,32145.6,02-01-2020,09-01-2020,16-01-2020,30-01-2020,27-02-2020,26-03-2020
01-01-2020 10:44,32147.75,32149.95,32138.9,32142.7,02-01-2020,09-01-2020,16-01-2020,30-01-2020,27-02-2020,26-03-2020
01-01-2020 10:45,32142.35,32148.75,32133.75,32144.6,02-01-2020,09-01-2020,16-01-2020,30-01-2020,27-02-2020,26-03-2020
01-01-2020 10:46,32142.85,32145.85,32134.9,32143.45,02-01-2020,09-01-2020,16-01-2020,30-01-2020,27-02-2020,26-03-2020
01-01-2020 10:47,32144.75,32144.75,32123.5,32134.75,02-01-2020,09-01-2020,16-01-2020,30-01-2020,27-02-2020,26-03-2020
01-01-2020 10:48,32134.7,32136.6,32123.45,32123.45,02-01-2020,09-01-2020,16-01-2020,30-01-2020,27-02-2020,26-03-2020
01-01-2020 10:49,32124.5,32128.2,32111.5,32120.75,02-01-2020,09-01-2020,16-01-2020,30-01-2020,27-02-2020,26-03-2020
01-01-2020 10:50,32119.95,32122.2,32113.65,32121.65,02-01-2020,09-01-2020,16-01-2020,30-01-2020,27-02-2020,26-03-2020
01-01-2020 10:51,32121.25,32122.55,32109.1,32116,02-01-2020,09-01-2020,16-01-2020,30-01-2020,27-02-2020,26-03-2020
01-01-2020 10:52,32114.95,32115.05,32090.7,32096.25,02-01-2020,09-01-2020,16-01-2020,30-01-2020,27-02-2020,26-03-2020
01-01-2020 10:53,32095.5,32100.7,32089.6,32094.9,02-01-2020,09-01-2020,16-01-2020,30-01-2020,27-02-2020,26-03-2020
01-01-2020 10:54,32097.7,32109.6,32094.45,32108.55,02-01-2020,09-01-2020,16-01-2020,30-01-2020,27-02-2020,26-03-2020
01-01-2020 10:55,32109.5,32109.5,32094.5,32103.3,02-01-2020,09-01-2020,16-01-2020,30-01-2020,27-02-2020,26-03-2020
01-01-2020 10:56,32104.55,32111.35,32100,32108.65,02-01-2020,09-01-2020,16-01-2020,30-01-2020,27-02-2020,26-03-2020
01-01-2020 10:57,32112.45,32112.45,32104.85,32109.4,02-01-2020,09-01-2020,16-01-2020,30-01-2020,27-02-2020,26-03-2020
01-01-2020 10:58,32108.7,32109,32096.95,32104.95,02-01-2020,09-01-2020,16-01-2020,30-01-2020,27-02-2020,26-03-2020
01-01-2020 10:59,32105.55,32107.75,32099.7,32107.75,02-01-2020,09-01-2020,16-01-2020,30-01-2020,27-02-2020,26-03-2020
01-01-2020 11:00,32107.9,32108.7,32101.95,32104.85,02-01-2020,09-01-2020,16-01-2020,30-01-2020,27-02-2020,26-03-2020
01-01-2020 11:01,32105.95,32116,32099.9,32116,02-01-2020,09-01-2020,16-01-2020,30-01-2020,27-02-2020,26-03-2020
01-01-2020 11:02,32114.3,32119.1,32110,32117.8,02-01-2020,09-01-2020,16-01-2020,30-01-2020,27-02-2020,26-03-2020
01-01-2020 11:03,32118.25,32119.2,32109.55,32111.85,02-01-2020,09-01-2020,16-01-2020,30-01-2020,27-02-2020,26-03-2020
01-01-2020 11:04,32112.55,32113.2,32101.25,32112.75,02-01-2020,09-01-2020,16-01-2020,30-01-2020,27-02-2020,26-03-2020
01-01-2020 11:05,32112.7,32113.75,32106.85,32110.75,02-01-2020,09-01-2020,16-01-2020,30-01-2020,27-02-2020,26-03-2020
01-01-2020 11:06,32111.7,32120.5,32107.3,32120.5,02-01-2020,09-01-2020,16-01-2020,30-01-2020,27-02-2020,26-03-2020
01-01-2020 11:07,32121.85,32122.95,32117.75,32120.05,02-01-2020,09-01-2020,16-01-2020,30-01-2020,27-02-2020,26-03-2020
01-01-2020 11:08,32122.75,32122.75,32110.55,32120.5,02-01-2020,09-01-2020,16-01-2020,30-01-2020,27-02-2020,26-03-2020
01-01-2020 11:09,32121.85,32122.8,32110.2,32111.5,02-01-2020,09-01-2020,16-01-2020,30-01-2020,27-02-2020,26-03-2020
01-01-2020 11:10,32112.1,32114.45,32105.3,32107.55,02-01-2020,09-01-2020,16-01-2020,30-01-2020,27-02-2020,26-03-2020
01-01-2020 11:11,32107.65,32107.65,32100.7,32103.5,02-01-2020,09-01-2020,16-01-2020,30-01-2020,27-02-2020,26-03-2020
01-01-2020 11:12,32102.95,32105,32099.2,32102.95,02-01-2020,09-01-2020,16-01-2020,30-01-2020,27-02-2020,26-03-2020
01-01-2020 11:13,32102.9,32114.8,32101.3,32114.55,02-01-2020,09-01-2020,16-01-2020,30-01-2020,27-02-2020,26-03-2020
01-01-2020 11:14,32111.65,32117.25,32110.15,32115.25,02-01-2020,09-01-2020,16-01-2020,30-01-2020,27-02-2020,26-03-2020
01-01-2020 11:15,32112.55,32126.15,32109.65,32126,02-01-2020,09-01-2020,16-01-2020,30-01-2020,27-02-2020,26-03-2020
01-01-2020 11:16,32125.2,32127.65,32120.65,32123.8,02-01-2020,09-01-2020,16-01-2020,30-01-2020,27-02-2020,26-03-2020
01-01-2020 11:17,32123.25,32125.3,32117.4,32120.45,02-01-2020,09-01-2020,16-01-2020,30-01-2020,27-02-2020,26-03-2020
01-01-2020 11:18,32119.3,32123.65,32110.85,32110.85,02-01-2020,09-01-2020,16-01-2020,30-01-2020,27-02-2020,26-03-2020
01-01-2020 11:19,32112.25,32112.25,32100,32104.2,02-01-2020,09-01-2020,16-01-2020,30-01-2020,27-02-2020,26-03-2020
01-01-2020 11:20,32104.6,32107.95,32093.7,32094,02-01-2020,09-01-2020,16-01-2020,30-01-2020,27-02-2020,26-03-2020
01-01-2020 11:21,32094.75,32097.9,32088.75,32089.9,02-01-2020,09-01-2020,16-01-2020,30-01-2020,27-02-2020,26-03-2020
01-01-2020 11:22,32088.75,32097.7,32088.5,32096.85,02-01-2020,09-01-2020,16-01-2020,30-01-2020,27-02-2020,26-03-2020
01-01-2020 11:23,32097.95,32099,32082.55,32083.2,02-01-2020,09-01-2020,16-01-2020,30-01-2020,27-02-2020,26-03-2020
01-01-2020 11:24,32084.85,32091.05,32079.1,32087.2,02-01-2020,09-01-2020,16-01-2020,30-01-2020,27-02-2020,26-03-2020
01-01-2020 11:25,32087.1,32088.3,32080.15,32086,02-01-2020,09-01-2020,16-01-2020,30-01-2020,27-02-2020,26-03-2020
01-01-2020 11:26,32085.8,32087.7,32081.05,32082.55,02-01-2020,09-01-2020,16-01-2020,30-01-2020,27-02-2020,26-03-2020
01-01-2020 11:27,32085.3,32094.85,32078.65,32090.95,02-01-2020,09-01-2020,16-01-2020,30-01-2020,27-02-2020,26-03-2020
01-01-2020 11:28,32093.45,32103.95,32091.3,32094.1,02-01-2020,09-01-2020,16-01-2020,30-01-2020,27-02-2020,26-03-2020
01-01-2020 11:29,32094.55,32100.3,32092.65,32096.45,02-01-2020,09-01-2020,16-01-2020,30-01-2020,27-02-2020,26-03-2020
01-01-2020 11:30,32096.35,32102.8,32094.15,32102.05,02-01-2020,09-01-2020,16-01-2020,30-01-2020,27-02-2020,26-03-2020
01-01-2020 11:31,32103.35,32111.25,32099,32109.15,02-01-2020,09-01-2020,16-01-2020,30-01-2020,27-02-2020,26-03-2020
01-01-2020 11:32,32110.7,32113.45,32105.75,32111.5,02-01-2020,09-01-2020,16-01-2020,30-01-2020,27-02-2020,26-03-2020
01-01-2020 11:33,32110.65,32113.7,32108.35,32109.65,02-01-2020,09-01-2020,16-01-2020,30-01-2020,27-02-2020,26-03-2020
01-01-2020 11:34,32111.05,32112.75,32104.6,32106.85,02-01-2020,09-01-2020,16-01-2020,30-01-2020,27-02-2020,26-03-2020
01-01-2020 11:35,32107,32110.1,32103.55,32107.35,02-01-2020,09-01-2020,16-01-2020,30-01-2020,27-02-2020,26-03-2020
01-01-2020 11:36,32104.85,32109.8,32100.85,32106.9,02-01-2020,09-01-2020,16-01-2020,30-01-2020,27-02-2020,26-03-2020
01-01-2020 11:37,32108.85,32109.6,32098.75,32101.05,02-01-2020,09-01-2020,16-01-2020,30-01-2020,27-02-2020,26-03-2020
01-01-2020 11:38,32101.35,32104.8,32095.75,32096.55,02-01-2020,09-01-2020,16-01-2020,30-01-2020,27-02-2020,26-03-2020
01-01-2020 11:39,32095.45,32099.2,32082.25,32088.55,02-01-2020,09-01-2020,16-01-2020,30-01-2020,27-02-2020,26-03-2020
01-01-2020 11:40,32090.5,32091.25,32081.75,32083.3,02-01-2020,09-01-2020,16-01-2020,30-01-2020,27-02-2020,26-03-2020
01-01-2020 11:41,32084.65,32087.4,32080.4,32081.6,02-01-2020,09-01-2020,16-01-2020,30-01-2020,27-02-2020,26-03-2020
01-01-2020 11:42,32080.7,32086.4,32077.5,32081.4,02-01-2020,09-01-2020,16-01-2020,30-01-2020,27-02-2020,26-03-2020
01-01-2020 11:43,32079.85,32083.05,32075.35,32082.45,02-01-2020,09-01-2020,16-01-2020,30-01-2020,27-02-2020,26-03-2020
01-01-2020 11:44,32083.4,32090.75,32080.45,32087.15,02-01-2020,09-01-2020,16-01-2020,30-01-2020,27-02-2020,26-03-2020
01-01-2020 11:45,32086.8,32089.05,32080.45,32081.2,02-01-2020,09-01-2020,16-01-2020,30-01-2020,27-02-2020,26-03-2020
01-01-2020 11:46,32081.75,32089.3,32080.7,32082.35,02-01-2020,09-01-2020,16-01-2020,30-01-2020,27-02-2020,26-03-2020
01-01-2020 11:47,32081.9,32088.1,32078.85,32086.4,02-01-2020,09-01-2020,16-01-2020,30-01-2020,27-02-2020,26-03-2020
01-01-2020 11:48,32083.65,32090.45,32082.45,32090.45,02-01-2020,09-01-2020,16-01-2020,30-01-2020,27-02-2020,26-03-2020
01-01-2020 11:49,32089.7,32092.95,32084.65,32088.95,02-01-2020,09-01-2020,16-01-2020,30-01-2020,27-02-2020,26-03-2020
01-01-2020 11:50,32088.15,32091.4,32083.15,32091.4,02-01-2020,09-01-2020,16-01-2020,30-01-2020,27-02-2020,26-03-2020
01-01-2020 11:51,32090.4,32090.4,32085.1,32089.6,02-01-2020,09-01-2020,16-01-2020,30-01-2020,27-02-2020,26-03-2020
01-01-2020 11:52,32089.85,32098.8,32086.95,32096.4,02-01-2020,09-01-2020,16-01-2020,30-01-2020,27-02-2020,26-03-2020
01-01-2020 11:53,32096.5,32096.5,32085.1,32088.65,02-01-2020,09-01-2020,16-01-2020,30-01-2020,27-02-2020,26-03-2020
01-01-2020 11:54,32089,32089.65,32078.8,32082.6,02-01-2020,09-01-2020,16-01-2020,30-01-2020,27-02-2020,26-03-2020
01-01-2020 11:55,32083.55,32086.05,32080.15,32082.15,02-01-2020,09-01-2020,16-01-2020,30-01-2020,27-02-2020,26-03-2020
01-01-2020 11:56,32083.85,32085.9,32077.65,32082.85,02-01-2020,09-01-2020,16-01-2020,30-01-2020,27-02-2020,26-03-2020
01-01-2020 11:57,32083.55,32085.15,32078.1,32084.15,02-01-2020,09-01-2020,16-01-2020,30-01-2020,27-02-2020,26-03-2020
01-01-2020 11:58,32085.6,32085.6,32076.3,32076.85,02-01-2020,09-01-2020,16-01-2020,30-01-2020,27-02-2020,26-03-2020
01-01-2020 11:59,32080.05,32088.75,32075.2,32088.75,02-01-2020,09-01-2020,16-01-2020,30-01-2020,27-02-2020,26-03-2020
01-01-2020 12:00,32086.8,32095,32082.75,32093.1,02-01-2020,09-01-2020,16-01-2020,30-01-2020,27-02-2020,26-03-2020
01-01-2020 12:01,32092.4,32097.15,32088.2,32095.9,02-01-2020,09-01-2020,16-01-2020,30-01-2020,27-02-2020,26-03-2020
01-01-2020 12:02,32097.1,32102.75,32094.05,32098.85,02-01-2020,09-01-2020,16-01-2020,30-01-2020,27-02-2020,26-03-2020
01-01-2020 12:03,32100.7,32100.85,32092.55,32098.2,02-01-2020,09-01-2020,16-01-2020,30-01-2020,27-02-2020,26-03-2020
01-01-2020 12:04,32098.85,32139,32096.25,32128.3,02-01-2020,09-01-2020,16-01-2020,30-01-2020,27-02-2020,26-03-2020
01-01-2020 12:05,32129.2,32150.85,32127.45,32147.5,02-01-2020,09-01-2020,16-01-2020,30-01-2020,27-02-2020,26-03-2020
01-01-2020 12:06,32146.65,32146.65,32129.7,32129.7,02-01-2020,09-01-2020,16-01-2020,30-01-2020,27-02-2020,26-03-2020
01-01-2020 12:07,32131.8,32133.05,32119.45,32127.15,02-01-2020,09-01-2020,16-01-2020,30-01-2020,27-02-2020,26-03-2020
01-01-2020 12:08,32127.8,32128.85,32120.05,32124.9,02-01-2020,09-01-2020,16-01-2020,30-01-2020,27-02-2020,26-03-2020
01-01-2020 12:09,32124.85,32135.25,32121.4,32127.55,02-01-2020,09-01-2020,16-01-2020,30-01-2020,27-02-2020,26-03-2020
01-01-2020 12:10,32129.9,32136.3,32119.7,32136.3,02-01-2020,09-01-2020,16-01-2020,30-01-2020,27-02-2020,26-03-2020
01-01-2020 12:11,32138.3,32150.1,32136.5,32146.1,02-01-2020,09-01-2020,16-01-2020,30-01-2020,27-02-2020,26-03-2020
01-01-2020 12:12,32145.9,32148.5,32136.4,32141.25,02-01-2020,09-01-2020,16-01-2020,30-01-2020,27-02-2020,26-03-2020
01-01-2020 12:13,32140.35,32147.1,32139.2,32142,02-01-2020,09-01-2020,16-01-2020,30-01-2020,27-02-2020,26-03-2020
01-01-2020 12:14,32143.2,32149.95,32141.95,32147.1,02-01-2020,09-01-2020,16-01-2020,30-01-2020,27-02-2020,26-03-2020
01-01-2020 12:15,32146.35,32147.7,32139.35,32145.6,02-01-2020,09-01-2020,16-01-2020,30-01-2020,27-02-2020,26-03-2020
01-01-2020 12:16,32144.3,32160.4,32139.3,32150.8,02-01-2020,09-01-2020,16-01-2020,30-01-2020,27-02-2020,26-03-2020
01-01-2020 12:17,32154.7,32163.8,32154.1,32160.5,02-01-2020,09-01-2020,16-01-2020,30-01-2020,27-02-2020,26-03-2020
01-01-2020 12:18,32159.85,32164.25,32145.6,32146.7,02-01-2020,09-01-2020,16-01-2020,30-01-2020,27-02-2020,26-03-2020
01-01-2020 12:19,32147.45,32148.2,32130.3,32132.05,02-01-2020,09-01-2020,16-01-2020,30-01-2020,27-02-2020,26-03-2020
01-01-2020 12:20,32133.05,32137.5,32127.7,32131.35,02-01-2020,09-01-2020,16-01-2020,30-01-2020,27-02-2020,26-03-2020
01-01-2020 12:21,32131.15,32131.15,32116,32119.4,02-01-2020,09-01-2020,16-01-2020,30-01-2020,27-02-2020,26-03-2020
01-01-2020 12:22,32118.4,32118.7,32109.1,32111.7,02-01-2020,09-01-2020,16-01-2020,30-01-2020,27-02-2020,26-03-2020
01-01-2020 12:23,32113.55,32113.55,32102.5,32106.2,02-01-2020,09-01-2020,16-01-2020,30-01-2020,27-02-2020,26-03-2020
01-01-2020 12:24,32109.7,32113.9,32107,32112.4,02-01-2020,09-01-2020,16-01-2020,30-01-2020,27-02-2020,26-03-2020
01-01-2020 12:25,32113.05,32116,32105.55,32112.95,02-01-2020,09-01-2020,16-01-2020,30-01-2020,27-02-2020,26-03-2020
01-01-2020 12:26,32115.8,32115.8,32103.2,32108.15,02-01-2020,09-01-2020,16-01-2020,30-01-2020,27-02-2020,26-03-2020
01-01-2020 12:27,32107.95,32108.9,32097.95,32103.5,02-01-2020,09-01-2020,16-01-2020,30-01-2020,27-02-2020,26-03-2020
01-01-2020 12:28,32103.35,32105.55,32089.55,32089.55,02-01-2020,09-01-2020,16-01-2020,30-01-2020,27-02-2020,26-03-2020
01-01-2020 12:29,32091.1,32096.75,32080.4,32084.2,02-01-2020,09-01-2020,16-01-2020,30-01-2020,27-02-2020,26-03-2020
01-01-2020 12:30,32085.55,32085.55,32061.75,32067.2,02-01-2020,09-01-2020,16-01-2020,30-01-2020,27-02-2020,26-03-2020
01-01-2020 12:31,32067.7,32072.65,32057.2,32064.45,02-01-2020,09-01-2020,16-01-2020,30-01-2020,27-02-2020,26-03-2020
01-01-2020 12:32,32065.1,32084.75,32064.5,32080.65,02-01-2020,09-01-2020,16-01-2020,30-01-2020,27-02-2020,26-03-2020
01-01-2020 12:33,32077.45,32089.65,32076,32083.9,02-01-2020,09-01-2020,16-01-2020,30-01-2020,27-02-2020,26-03-2020
01-01-2020 12:34,32082.05,32089.05,32077.15,32088.55,02-01-2020,09-01-2020,16-01-2020,30-01-2020,27-02-2020,26-03-2020
01-01-2020 12:35,32090.7,32102.55,32085.8,32100.05,02-01-2020,09-01-2020,16-01-2020,30-01-2020,27-02-2020,26-03-2020
01-01-2020 12:36,32100.3,32101.15,32093.75,32095.9,02-01-2020,09-01-2020,16-01-2020,30-01-2020,27-02-2020,26-03-2020
01-01-2020 12:37,32096.7,32099.25,32091.15,32094.35,02-01-2020,09-01-2020,16-01-2020,30-01-2020,27-02-2020,26-03-2020
01-01-2020 12:38,32095.65,32098.9,32091.7,32095,02-01-2020,09-01-2020,16-01-2020,30-01-2020,27-02-2020,26-03-2020
01-01-2020 12:39,32097.55,32102.8,32091.65,32096.8,02-01-2020,09-01-2020,16-01-2020,30-01-2020,27-02-2020,26-03-2020
01-01-2020 12:40,32096.9,32100.2,32091.9,32094.75,02-01-2020,09-01-2020,16-01-2020,30-01-2020,27-02-2020,26-03-2020
01-01-2020 12:41,32095.35,32098.2,32089,32092.1,02-01-2020,09-01-2020,16-01-2020,30-01-2020,27-02-2020,26-03-2020
01-01-2020 12:42,32093.95,32095.8,32084.8,32088.95,02-01-2020,09-01-2020,16-01-2020,30-01-2020,27-02-2020,26-03-2020
01-01-2020 12:43,32089.5,32099.85,32089.45,32095.35,02-01-2020,09-01-2020,16-01-2020,30-01-2020,27-02-2020,26-03-2020
01-01-2020 12:44,32095.95,32099.45,32089.8,32096.2,02-01-2020,09-01-2020,16-01-2020,30-01-2020,27-02-2020,26-03-2020
01-01-2020 12:45,32098.05,32106.9,32095.05,32104.15,02-01-2020,09-01-2020,16-01-2020,30-01-2020,27-02-2020,26-03-2020
01-01-2020 12:46,32102.95,32106.45,32099.1,32103.2,02-01-2020,09-01-2020,16-01-2020,30-01-2020,27-02-2020,26-03-2020
01-01-2020 12:47,32105.4,32108.85,32101.5,32107.6,02-01-2020,09-01-2020,16-01-2020,30-01-2020,27-02-2020,26-03-2020
01-01-2020 12:48,32107.9,32112.1,32101.35,32106.35,02-01-2020,09-01-2020,16-01-2020,30-01-2020,27-02-2020,26-03-2020
01-01-2020 12:49,32104.35,32110.05,32101.95,32109.25,02-01-2020,09-01-2020,16-01-2020,30-01-2020,27-02-2020,26-03-2020
01-01-2020 12:50,32109.65,32115.95,32105.4,32115.95,02-01-2020,09-01-2020,16-01-2020,30-01-2020,27-02-2020,26-03-2020
01-01-2020 12:51,32111.8,32117.55,32107.1,32108.25,02-01-2020,09-01-2020,16-01-2020,30-01-2020,27-02-2020,26-03-2020
01-01-2020 12:52,32110.55,32113.1,32104.5,32110.1,02-01-2020,09-01-2020,16-01-2020,30-01-2020,27-02-2020,26-03-2020
01-01-2020 12:53,32110.25,32113.55,32104.9,32105.55,02-01-2020,09-01-2020,16-01-2020,30-01-2020,27-02-2020,26-03-2020
01-01-2020 12:54,32106.45,32109.45,32102.35,32107.7,02-01-2020,09-01-2020,16-01-2020,30-01-2020,27-02-2020,26-03-2020
01-01-2020 12:55,32106.2,32107.95,32093.65,32096.45,02-01-2020,09-01-2020,16-01-2020,30-01-2020,27-02-2020,26-03-2020
01-01-2020 12:56,32096.5,32105.6,32096.45,32100.15,02-01-2020,09-01-2020,16-01-2020,30-01-2020,27-02-2020,26-03-2020
01-01-2020 12:57,32099.65,32106.35,32097.1,32106.35,02-01-2020,09-01-2020,16-01-2020,30-01-2020,27-02-2020,26-03-2020
01-01-2020 12:58,32105.4,32109.45,32099.2,32108.45,02-01-2020,09-01-2020,16-01-2020,30-01-2020,27-02-2020,26-03-2020
01-01-2020 12:59,32108.95,32110,32101.25,32107.2,02-01-2020,09-01-2020,16-01-2020,30-01-2020,27-02-2020,26-03-2020
01-01-2020 13:00,32105.5,32109.15,32101.35,32107.5,02-01-2020,09-01-2020,16-01-2020,30-01-2020,27-02-2020,26-03-2020
01-01-2020 13:01,32103.4,32106.75,32093.2,32097.7,02-01-2020,09-01-2020,16-01-2020,30-01-2020,27-02-2020,26-03-2020
01-01-2020 13:02,32099.25,32104.2,32096.2,32098.45,02-01-2020,09-01-2020,16-01-2020,30-01-2020,27-02-2020,26-03-2020
01-01-2020 13:03,32102.25,32105.35,32097.65,32100.85,02-01-2020,09-01-2020,16-01-2020,30-01-2020,27-02-2020,26-03-2020
01-01-2020 13:04,32101.95,32106.5,32098.65,32102.25,02-01-2020,09-01-2020,16-01-2020,30-01-2020,27-02-2020,26-03-2020
01-01-2020 13:05,32102.3,32105.05,32098.2,32098.55,02-01-2020,09-01-2020,16-01-2020,30-01-2020,27-02-2020,26-03-2020
01-01-2020 13:06,32101.65,32104.05,32097.6,32101.4,02-01-2020,09-01-2020,16-01-2020,30-01-2020,27-02-2020,26-03-2020
01-01-2020 13:07,32101.2,32102.65,32094.6,32099.7,02-01-2020,09-01-2020,16-01-2020,30-01-2020,27-02-2020,26-03-2020
01-01-2020 13:08,32099.05,32101.6,32093.85,32098.05,02-01-2020,09-01-2020,16-01-2020,30-01-2020,27-02-2020,26-03-2020
01-01-2020 13:09,32097.75,32103.9,32097.7,32099.65,02-01-2020,09-01-2020,16-01-2020,30-01-2020,27-02-2020,26-03-2020
01-01-2020 13:10,32098.5,32104.3,32096,32102.05,02-01-2020,09-01-2020,16-01-2020,30-01-2020,27-02-2020,26-03-2020
01-01-2020 13:11,32101.95,32105.15,32096.2,32102.65,02-01-2020,09-01-2020,16-01-2020,30-01-2020,27-02-2020,26-03-2020
01-01-2020 13:12,32102.4,32105.65,32095.65,32104.2,02-01-2020,09-01-2020,16-01-2020,30-01-2020,27-02-2020,26-03-2020
01-01-2020 13:13,32102.7,32105.35,32099.75,32100.7,02-01-2020,09-01-2020,16-01-2020,30-01-2020,27-02-2020,26-03-2020
01-01-2020 13:14,32101.6,32103.7,32087.6,32097,02-01-2020,09-01-2020,16-01-2020,30-01-2020,27-02-2020,26-03-2020
01-01-2020 13:15,32095.5,32096.75,32086.15,32088.3,02-01-2020,09-01-2020,16-01-2020,30-01-2020,27-02-2020,26-03-2020
01-01-2020 13:16,32090.9,32090.9,32080.55,32083.2,02-01-2020,09-01-2020,16-01-2020,30-01-2020,27-02-2020,26-03-2020
01-01-2020 13:17,32082.6,32092.8,32081.65,32091.2,02-01-2020,09-01-2020,16-01-2020,30-01-2020,27-02-2020,26-03-2020
01-01-2020 13:18,32090.7,32098.1,32086.5,32097.9,02-01-2020,09-01-2020,16-01-2020,30-01-2020,27-02-2020,26-03-2020
01-01-2020 13:19,32099,32103.15,32094.1,32102.7,02-01-2020,09-01-2020,16-01-2020,30-01-2020,27-02-2020,26-03-2020
01-01-2020 13:20,32102.55,32137.2,32098.05,32124.55,02-01-2020,09-01-2020,16-01-2020,30-01-2020,27-02-2020,26-03-2020
01-01-2020 13:21,32126.6,32132.8,32121.75,32127.7,02-01-2020,09-01-2020,16-01-2020,30-01-2020,27-02-2020,26-03-2020
01-01-2020 13:22,32129.2,32129.5,32118.4,32124.5,02-01-2020,09-01-2020,16-01-2020,30-01-2020,27-02-2020,26-03-2020
01-01-2020 13:23,32124.85,32126.25,32115.1,32123.85,02-01-2020,09-01-2020,16-01-2020,30-01-2020,27-02-2020,26-03-2020
01-01-2020 13:24,32123.8,32123.8,32108.7,32113.55,02-01-2020,09-01-2020,16-01-2020,30-01-2020,27-02-2020,26-03-2020
01-01-2020 13:25,32114.75,32116.95,32109.75,32114.3,02-01-2020,09-01-2020,16-01-2020,30-01-2020,27-02-2020,26-03-2020
01-01-2020 13:26,32114.65,32123.75,32109.85,32123.75,02-01-2020,09-01-2020,16-01-2020,30-01-2020,27-02-2020,26-03-2020
01-01-2020 13:27,32122.5,32122.95,32117.15,32119.4,02-01-2020,09-01-2020,16-01-2020,30-01-2020,27-02-2020,26-03-2020
01-01-2020 13:28,32119.65,32124.15,32115.2,32124.15,02-01-2020,09-01-2020,16-01-2020,30-01-2020,27-02-2020,26-03-2020
01-01-2020 13:29,32123.95,32126.95,32119.45,32126.2,02-01-2020,09-01-2020,16-01-2020,30-01-2020,27-02-2020,26-03-2020
01-01-2020 13:30,32127.25,32130,32120.85,32128.15,02-01-2020,09-01-2020,16-01-2020,30-01-2020,27-02-2020,26-03-2020
01-01-2020 13:31,32126.95,32142.3,32125.4,32139.65,02-01-2020,09-01-2020,16-01-2020,30-01-2020,27-02-2020,26-03-2020
01-01-2020 13:32,32140.65,32140.65,32126.6,32128.65,02-01-2020,09-01-2020,16-01-2020,30-01-2020,27-02-2020,26-03-2020
01-01-2020 13:33,32129.15,32129.15,32120,32123.9,02-01-2020,09-01-2020,16-01-2020,30-01-2020,27-02-2020,26-03-2020
01-01-2020 13:34,32121.25,32132.85,32119.45,32123.8,02-01-2020,09-01-2020,16-01-2020,30-01-2020,27-02-2020,26-03-2020
01-01-2020 13:35,32124.85,32129.55,32117.7,32121.5,02-01-2020,09-01-2020,16-01-2020,30-01-2020,27-02-2020,26-03-2020
01-01-2020 13:36,32123.55,32126.1,32117.1,32120.9,02-01-2020,09-01-2020,16-01-2020,30-01-2020,27-02-2020,26-03-2020
01-01-2020 13:37,32121.05,32121.6,32107.9,32112,02-01-2020,09-01-2020,16-01-2020,30-01-2020,27-02-2020,26-03-2020
01-01-2020 13:38,32110.75,32113.3,32104.45,32109.25,02-01-2020,09-01-2020,16-01-2020,30-01-2020,27-02-2020,26-03-2020
01-01-2020 13:39,32108.65,32110.65,32101.45,32107.55,02-01-2020,09-01-2020,16-01-2020,30-01-2020,27-02-2020,26-03-2020
01-01-2020 13:40,32107.35,32118.2,32103.15,32106.25,02-01-2020,09-01-2020,16-01-2020,30-01-2020,27-02-2020,26-03-2020
01-01-2020 13:41,32107,32116.35,32104.5,32111.35,02-01-2020,09-01-2020,16-01-2020,30-01-2020,27-02-2020,26-03-2020
01-01-2020 13:42,32110.2,32126,32108.35,32122.1,02-01-2020,09-01-2020,16-01-2020,30-01-2020,27-02-2020,26-03-2020
01-01-2020 13:43,32123.1,32123.5,32114.3,32115.55,02-01-2020,09-01-2020,16-01-2020,30-01-2020,27-02-2020,26-03-2020
01-01-2020 13:44,32117.15,32121.35,32114,32117.25,02-01-2020,09-01-2020,16-01-2020,30-01-2020,27-02-2020,26-03-2020
01-01-2020 13:45,32118.65,32119.8,32111.25,32116.2,02-01-2020,09-01-2020,16-01-2020,30-01-2020,27-02-2020,26-03-2020
01-01-2020 13:46,32116.4,32117.85,32111.55,32111.55,02-01-2020,09-01-2020,16-01-2020,30-01-2020,27-02-2020,26-03-2020
01-01-2020 13:47,32113.45,32125.3,32113.45,32122.1,02-01-2020,09-01-2020,16-01-2020,30-01-2020,27-02-2020,26-03-2020
01-01-2020 13:48,32122,32128.8,32117.25,32121.6,02-01-2020,09-01-2020,16-01-2020,30-01-2020,27-02-2020,26-03-2020
01-01-2020 13:49,32121.1,32123.5,32113.25,32118.25,02-01-2020,09-01-2020,16-01-2020,30-01-2020,27-02-2020,26-03-2020
01-01-2020 13:50,32120.3,32125.9,32115.15,32118.4,02-01-2020,09-01-2020,16-01-2020,30-01-2020,27-02-2020,26-03-2020
01-01-2020 13:51,32118.2,32127.65,32117.05,32123.65,02-01-2020,09-01-2020,16-01-2020,30-01-2020,27-02-2020,26-03-2020
01-01-2020 13:52,32125.5,32151.15,32123.25,32147.75,02-01-2020,09-01-2020,16-01-2020,30-01-2020,27-02-2020,26-03-2020
01-01-2020 13:53,32147.5,32150.75,32138.75,32149.55,02-01-2020,09-01-2020,16-01-2020,30-01-2020,27-02-2020,26-03-2020
01-01-2020 13:54,32153.7,32154.55,32148,32152.35,02-01-2020,09-01-2020,16-01-2020,30-01-2020,27-02-2020,26-03-2020
01-01-2020 13:55,32152.55,32168.25,32150.45,32163.85,02-01-2020,09-01-2020,16-01-2020,30-01-2020,27-02-2020,26-03-2020
01-01-2020 13:56,32161,32162.2,32142.7,32153.1,02-01-2020,09-01-2020,16-01-2020,30-01-2020,27-02-2020,26-03-2020
01-01-2020 13:57,32150.25,32160.45,32148.5,32154.35,02-01-2020,09-01-2020,16-01-2020,30-01-2020,27-02-2020,26-03-2020
01-01-2020 13:58,32156.25,32156.25,32139.75,32144.6,02-01-2020,09-01-2020,16-01-2020,30-01-2020,27-02-2020,26-03-2020
01-01-2020 13:59,32144.3,32152.15,32141.35,32147.1,02-01-2020,09-01-2020,16-01-2020,30-01-2020,27-02-2020,26-03-2020
01-01-2020 14:00,32146.2,32152,32144.1,32145.05,02-01-2020,09-01-2020,16-01-2020,30-01-2020,27-02-2020,26-03-2020
01-01-2020 14:01,32146.65,32152.25,32144.05,32146.3,02-01-2020,09-01-2020,16-01-2020,30-01-2020,27-02-2020,26-03-2020
01-01-2020 14:02,32146.2,32146.35,32140.25,32146.35,02-01-2020,09-01-2020,16-01-2020,30-01-2020,27-02-2020,26-03-2020
01-01-2020 14:03,32147.45,32147.45,32135.4,32136.45,02-01-2020,09-01-2020,16-01-2020,30-01-2020,27-02-2020,26-03-2020
01-01-2020 14:04,32136.7,32141,32132.6,32134.95,02-01-2020,09-01-2020,16-01-2020,30-01-2020,27-02-2020,26-03-2020
01-01-2020 14:05,32134.65,32140.9,32128.85,32131.25,02-01-2020,09-01-2020,16-01-2020,30-01-2020,27-02-2020,26-03-2020
01-01-2020 14:06,32131.15,32138.5,32128.8,32135.75,02-01-2020,09-01-2020,16-01-2020,30-01-2020,27-02-2020,26-03-2020
01-01-2020 14:07,32135.95,32142.7,32133.65,32142,02-01-2020,09-01-2020,16-01-2020,30-01-2020,27-02-2020,26-03-2020
01-01-2020 14:08,32141.15,32144.85,32132.8,32132.8,02-01-2020,09-01-2020,16-01-2020,30-01-2020,27-02-2020,26-03-2020
01-01-2020 14:09,32135.8,32139.95,32131.8,32135.35,02-01-2020,09-01-2020,16-01-2020,30-01-2020,27-02-2020,26-03-2020
01-01-2020 14:10,32136.6,32141.2,32133.35,32135.5,02-01-2020,09-01-2020,16-01-2020,30-01-2020,27-02-2020,26-03-2020
01-01-2020 14:11,32137.2,32139.55,32131.3,32138.75,02-01-2020,09-01-2020,16-01-2020,30-01-2020,27-02-2020,26-03-2020
01-01-2020 14:12,32137.35,32142.45,32132.75,32140.65,02-01-2020,09-01-2020,16-01-2020,30-01-2020,27-02-2020,26-03-2020
01-01-2020 14:13,32140.05,32144.3,32138,32141.3,02-01-2020,09-01-2020,16-01-2020,30-01-2020,27-02-2020,26-03-2020
01-01-2020 14:14,32141.05,32144.85,32092.4,32102,02-01-2020,09-01-2020,16-01-2020,30-01-2020,27-02-2020,26-03-2020
01-01-2020 14:15,32101.5,32104.9,32071.95,32085.45,02-01-2020,09-01-2020,16-01-2020,30-01-2020,27-02-2020,26-03-2020
01-01-2020 14:16,32083.6,32090,32078.25,32084.5,02-01-2020,09-01-2020,16-01-2020,30-01-2020,27-02-2020,26-03-2020
01-01-2020 14:17,32083.7,32092.5,32082.3,32087.5,02-01-2020,09-01-2020,16-01-2020,30-01-2020,27-02-2020,26-03-2020
01-01-2020 14:18,32088.2,32098.15,32085.75,32090.75,02-01-2020,09-01-2020,16-01-2020,30-01-2020,27-02-2020,26-03-2020
01-01-2020 14:19,32090.4,32095.95,32088.9,32093.2,02-01-2020,09-01-2020,16-01-2020,30-01-2020,27-02-2020,26-03-2020
01-01-2020 14:20,32094.25,32100.05,32085.75,32090.15,02-01-2020,09-01-2020,16-01-2020,30-01-2020,27-02-2020,26-03-2020
01-01-2020 14:21,32090.45,32093.75,32083.55,32083.55,02-01-2020,09-01-2020,16-01-2020,30-01-2020,27-02-2020,26-03-2020
01-01-2020 14:22,32086.1,32093.3,32080.2,32085.9,02-01-2020,09-01-2020,16-01-2020,30-01-2020,27-02-2020,26-03-2020
01-01-2020 14:23,32086.2,32096.95,32081.35,32095.25,02-01-2020,09-01-2020,16-01-2020,30-01-2020,27-02-2020,26-03-2020
01-01-2020 14:24,32095,32095,32080.1,32084.1,02-01-2020,09-01-2020,16-01-2020,30-01-2020,27-02-2020,26-03-2020
01-01-2020 14:25,32085.8,32086,32062.1,32068.65,02-01-2020,09-01-2020,16-01-2020,30-01-2020,27-02-2020,26-03-2020
01-01-2020 14:26,32075.65,32081,32067.9,32073.6,02-01-2020,09-01-2020,16-01-2020,30-01-2020,27-02-2020,26-03-2020
01-01-2020 14:27,32074.8,32090.95,32074.25,32088.5,02-01-2020,09-01-2020,16-01-2020,30-01-2020,27-02-2020,26-03-2020
01-01-2020 14:28,32087.35,32092.2,32080.65,32087.5,02-01-2020,09-01-2020,16-01-2020,30-01-2020,27-02-2020,26-03-2020
01-01-2020 14:29,32088.3,32094.95,32082.7,32087.85,02-01-2020,09-01-2020,16-01-2020,30-01-2020,27-02-2020,26-03-2020
01-01-2020 14:30,32088.45,32090.6,32082.4,32090.3,02-01-2020,09-01-2020,16-01-2020,30-01-2020,27-02-2020,26-03-2020
01-01-2020 14:31,32090.95,32119.9,32090.95,32111.55,02-01-2020,09-01-2020,16-01-2020,30-01-2020,27-02-2020,26-03-2020
01-01-2020 14:32,32112.6,32115.3,32107.3,32109.85,02-01-2020,09-01-2020,16-01-2020,30-01-2020,27-02-2020,26-03-2020
01-01-2020 14:33,32116.1,32116.1,32098.35,32103.95,02-01-2020,09-01-2020,16-01-2020,30-01-2020,27-02-2020,26-03-2020
01-01-2020 14:34,32105.2,32105.2,32089.45,32094.55,02-01-2020,09-01-2020,16-01-2020,30-01-2020,27-02-2020,26-03-2020
01-01-2020 14:35,32094.85,32101.7,32089.8,32094,02-01-2020,09-01-2020,16-01-2020,30-01-2020,27-02-2020,26-03-2020
01-01-2020 14:36,32095.35,32104.6,32090.05,32090.2,02-01-2020,09-01-2020,16-01-2020,30-01-2020,27-02-2020,26-03-2020
01-01-2020 14:37,32088.5,32095.85,32085.15,32090.85,02-01-2020,09-01-2020,16-01-2020,30-01-2020,27-02-2020,26-03-2020
01-01-2020 14:38,32093.85,32094.2,32082.25,32084.75,02-01-2020,09-01-2020,16-01-2020,30-01-2020,27-02-2020,26-03-2020
01-01-2020 14:39,32086.85,32094.1,32082.4,32087.8,02-01-2020,09-01-2020,16-01-2020,30-01-2020,27-02-2020,26-03-2020
01-01-2020 14:40,32090.5,32098.1,32086.75,32089.55,02-01-2020,09-01-2020,16-01-2020,30-01-2020,27-02-2020,26-03-2020
01-01-2020 14:41,32088.75,32093.6,32080.9,32083.8,02-01-2020,09-01-2020,16-01-2020,30-01-2020,27-02-2020,26-03-2020
01-01-2020 14:42,32086.95,32090.65,32082.55,32085.4,02-01-2020,09-01-2020,16-01-2020,30-01-2020,27-02-2020,26-03-2020
01-01-2020 14:43,32087.05,32093.8,32080.8,32080.8,02-01-2020,09-01-2020,16-01-2020,30-01-2020,27-02-2020,26-03-2020
01-01-2020 14:44,32083.9,32089.85,32082.05,32087.9,02-01-2020,09-01-2020,16-01-2020,30-01-2020,27-02-2020,26-03-2020
01-01-2020 14:45,32086.6,32091.65,32083.05,32087.4,02-01-2020,09-01-2020,16-01-2020,30-01-2020,27-02-2020,26-03-2020
01-01-2020 14:46,32090.85,32091.3,32080.6,32083.25,02-01-2020,09-01-2020,16-01-2020,30-01-2020,27-02-2020,26-03-2020
01-01-2020 14:47,32086.2,32089.45,32079.45,32080.5,02-01-2020,09-01-2020,16-01-2020,30-01-2020,27-02-2020,26-03-2020
01-01-2020 14:48,32089.55,32096.85,32081.95,32090.15,02-01-2020,09-01-2020,16-01-2020,30-01-2020,27-02-2020,26-03-2020
01-01-2020 14:49,32094.9,32100.75,32090.2,32100.25,02-01-2020,09-01-2020,16-01-2020,30-01-2020,27-02-2020,26-03-2020
01-01-2020 14:50,32097.1,32102.9,32093.2,32093.2,02-01-2020,09-01-2020,16-01-2020,30-01-2020,27-02-2020,26-03-2020
01-01-2020 14:51,32098.2,32102.1,32093.4,32096.1,02-01-2020,09-01-2020,16-01-2020,30-01-2020,27-02-2020,26-03-2020
01-01-2020 14:52,32096.9,32098.5,32085.9,32086.65,02-01-2020,09-01-2020,16-01-2020,30-01-2020,27-02-2020,26-03-2020
01-01-2020 14:53,32090.05,32091.8,32083.6,32084.35,02-01-2020,09-01-2020,16-01-2020,30-01-2020,27-02-2020,26-03-2020
01-01-2020 14:54,32088.15,32091.9,32081.4,32085.1,02-01-2020,09-01-2020,16-01-2020,30-01-2020,27-02-2020,26-03-2020
01-01-2020 14:55,32087.35,32089.4,32072.1,32083.35,02-01-2020,09-01-2020,16-01-2020,30-01-2020,27-02-2020,26-03-2020
01-01-2020 14:56,32081.1,32082.6,32072.55,32081.7,02-01-2020,09-01-2020,16-01-2020,30-01-2020,27-02-2020,26-03-2020
01-01-2020 14:57,32082.6,32087.5,32075.25,32087.15,02-01-2020,09-01-2020,16-01-2020,30-01-2020,27-02-2020,26-03-2020
01-01-2020 14:58,32086.45,32086.45,32070.5,32070.5,02-01-2020,09-01-2020,16-01-2020,30-01-2020,27-02-2020,26-03-2020
01-01-2020 14:59,32070.7,32075.9,32068.2,32068.2,02-01-2020,09-01-2020,16-01-2020,30-01-2020,27-02-2020,26-03-2020
01-01-2020 15:00,32069.15,32091.05,32067.05,32084.4,02-01-2020,09-01-2020,16-01-2020,30-01-2020,27-02-2020,26-03-2020
01-01-2020 15:01,32085.45,32088.6,32072.9,32075.65,02-01-2020,09-01-2020,16-01-2020,30-01-2020,27-02-2020,26-03-2020
01-01-2020 15:02,32076.25,32080,32070.35,32070.35,02-01-2020,09-01-2020,16-01-2020,30-01-2020,27-02-2020,26-03-2020
01-01-2020 15:03,32072.3,32093.1,32072.05,32088.45,02-01-2020,09-01-2020,16-01-2020,30-01-2020,27-02-2020,26-03-2020
01-01-2020 15:04,32089.35,32107.4,32089.35,32097.15,02-01-2020,09-01-2020,16-01-2020,30-01-2020,27-02-2020,26-03-2020
01-01-2020 15:05,32103.05,32113.45,32095.35,32108,02-01-2020,09-01-2020,16-01-2020,30-01-2020,27-02-2020,26-03-2020
01-01-2020 15:06,32112,32120.6,32106.1,32116.05,02-01-2020,09-01-2020,16-01-2020,30-01-2020,27-02-2020,26-03-2020
01-01-2020 15:07,32116.9,32119.55,32108.3,32111.2,02-01-2020,09-01-2020,16-01-2020,30-01-2020,27-02-2020,26-03-2020
01-01-2020 15:08,32106,32115.9,32103.5,32105.45,02-01-2020,09-01-2020,16-01-2020,30-01-2020,27-02-2020,26-03-2020
01-01-2020 15:09,32110.4,32116.75,32101.7,32103.5,02-01-2020,09-01-2020,16-01-2020,30-01-2020,27-02-2020,26-03-2020
01-01-2020 15:10,32102.4,32118.15,32092.75,32092.75,02-01-2020,09-01-2020,16-01-2020,30-01-2020,27-02-2020,26-03-2020
01-01-2020 15:11,32094.3,32105.2,32083,32089.3,02-01-2020,09-01-2020,16-01-2020,30-01-2020,27-02-2020,26-03-2020
01-01-2020 15:12,32092.75,32100.95,32083.25,32096.2,02-01-2020,09-01-2020,16-01-2020,30-01-2020,27-02-2020,26-03-2020
01-01-2020 15:13,32094.75,32103.05,32089.75,32097.55,02-01-2020,09-01-2020,16-01-2020,30-01-2020,27-02-2020,26-03-2020
01-01-2020 15:14,32097.15,32108.55,32095.4,32102.6,02-01-2020,09-01-2020,16-01-2020,30-01-2020,27-02-2020,26-03-2020
01-01-2020 15:15,32106.25,32113.1,32094.05,32094.05,02-01-2020,09-01-2020,16-01-2020,30-01-2020,27-02-2020,26-03-2020
01-01-2020 15:16,32093.05,32110.45,32086.7,32098.6,02-01-2020,09-01-2020,16-01-2020,30-01-2020,27-02-2020,26-03-2020
01-01-2020 15:17,32094.95,32106.85,32092.75,32095.45,02-01-2020,09-01-2020,16-01-2020,30-01-2020,27-02-2020,26-03-2020
01-01-2020 15:18,32096.7,32105.65,32090.55,32098.05,02-01-2020,09-01-2020,16-01-2020,30-01-2020,27-02-2020,26-03-2020
01-01-2020 15:19,32097.7,32105,32088.95,32091.75,02-01-2020,09-01-2020,16-01-2020,30-01-2020,27-02-2020,26-03-2020
01-01-2020 15:20,32092.25,32106.7,32091.25,32101.7,02-01-2020,09-01-2020,16-01-2020,30-01-2020,27-02-2020,26-03-2020
01-01-2020 15:21,32105.2,32111.5,32094.45,32104.8,02-01-2020,09-01-2020,16-01-2020,30-01-2020,27-02-2020,26-03-2020
01-01-2020 15:22,32106.65,32115.7,32094.8,32115.7,02-01-2020,09-01-2020,16-01-2020,30-01-2020,27-02-2020,26-03-2020
01-01-2020 15:23,32111.95,32120.2,32099.25,32119.1,02-01-2020,09-01-2020,16-01-2020,30-01-2020,27-02-2020,26-03-2020
01-01-2020 15:24,32117.15,32123.8,32112.15,32118.4,02-01-2020,09-01-2020,16-01-2020,30-01-2020,27-02-2020,26-03-2020
01-01-2020 15:25,32116.65,32129.65,32114.1,32119.95,02-01-2020,09-01-2020,16-01-2020,30-01-2020,27-02-2020,26-03-2020
01-01-2020 15:26,32119.45,32128.05,32117.7,32118.35,02-01-2020,09-01-2020,16-01-2020,30-01-2020,27-02-2020,26-03-2020
01-01-2020 15:27,32118.5,32126.1,32113.6,32118.4,02-01-2020,09-01-2020,16-01-2020,30-01-2020,27-02-2020,26-03-2020
01-01-2020 15:28,32117.35,32131.1,32117.35,32123.55,02-01-2020,09-01-2020,16-01-2020,30-01-2020,27-02-2020,26-03-2020
01-01-2020 15:29,32128.15,32135.55,32119.9,32131.35,02-01-2020,09-01-2020,16-01-2020,30-01-2020,27-02-2020,26-03-2020
