datetime,open,high,low,close,ATMStrPr,currWeek_exp_dt,nextWeek_exp_dt,farWeek_exp_dt,currMonth_exp_dt,nextMonth_exp_dt,farMonth_exp_dt
2021-03-18 09:15:00,34594.0,34616.0,34504.15,34570.9,34600.0,2021-03-18,2021-03-25,2021-04-01,2021-03-25,2021-04-29,2021-05-27
2021-03-18 09:16:00,34595.0,34682.0,34589.85,34667.4,34700.0,2021-03-18,2021-03-25,2021-04-01,2021-03-25,2021-04-29,2021-05-27
2021-03-18 09:17:00,34670.3,34679.55,34659.9,34660.25,34700.0,2021-03-18,2021-03-25,2021-04-01,2021-03-25,2021-04-29,2021-05-27
2021-03-18 09:18:00,34657.45,34670.4,34628.15,34634.35,34600.0,2021-03-18,2021-03-25,2021-04-01,2021-03-25,2021-04-29,2021-05-27
2021-03-18 09:19:00,34634.1,34643.4,34623.9,34632.15,34600.0,2021-03-18,2021-03-25,2021-04-01,2021-03-25,2021-04-29,2021-05-27
2021-03-18 09:20:00,34645.95,34736.9,34645.95,34732.55,34700.0,2021-03-18,2021-03-25,2021-04-01,2021-03-25,2021-04-29,2021-05-27
2021-03-18 09:21:00,34725.5,34726.1,34678.25,34682.1,34700.0,2021-03-18,2021-03-25,2021-04-01,2021-03-25,2021-04-29,2021-05-27
2021-03-18 09:22:00,34682.45,34701.7,34664.45,34685.4,34700.0,2021-03-18,2021-03-25,2021-04-01,2021-03-25,2021-04-29,2021-05-27
2021-03-18 09:23:00,34684.75,34684.95,34657.95,34657.95,34700.0,2021-03-18,2021-03-25,2021-04-01,2021-03-25,2021-04-29,2021-05-27
2021-03-18 09:24:00,34654.65,34660.65,34601.25,34624.2,34600.0,2021-03-18,2021-03-25,2021-04-01,2021-03-25,2021-04-29,2021-05-27
2021-03-18 09:25:00,34625.7,34626.35,34546.8,34546.8,34500.0,2021-03-18,2021-03-25,2021-04-01,2021-03-25,2021-04-29,2021-05-27
2021-03-18 09:26:00,34544.2,34587.15,34544.2,34569.65,34600.0,2021-03-18,2021-03-25,2021-04-01,2021-03-25,2021-04-29,2021-05-27
2021-03-18 09:27:00,34569.4,34591.55,34565.6,34572.9,34600.0,2021-03-18,2021-03-25,2021-04-01,2021-03-25,2021-04-29,2021-05-27
2021-03-18 09:28:00,34573.35,34621.05,34571.4,34620.05,34600.0,2021-03-18,2021-03-25,2021-04-01,2021-03-25,2021-04-29,2021-05-27
2021-03-18 09:29:00,34619.55,34633.0,34588.45,34613.3,34600.0,2021-03-18,2021-03-25,2021-04-01,2021-03-25,2021-04-29,2021-05-27
2021-03-18 09:30:00,34619.45,34661.35,34619.45,34629.8,34600.0,2021-03-18,2021-03-25,2021-04-01,2021-03-25,2021-04-29,2021-05-27
2021-03-18 09:31:00,34630.9,34654.1,34624.4,34626.2,34600.0,2021-03-18,2021-03-25,2021-04-01,2021-03-25,2021-04-29,2021-05-27
2021-03-18 09:32:00,34631.5,34653.15,34585.3,34627.65,34600.0,2021-03-18,2021-03-25,2021-04-01,2021-03-25,2021-04-29,2021-05-27
2021-03-18 09:33:00,34640.05,34654.55,34621.95,34631.4,34600.0,2021-03-18,2021-03-25,2021-04-01,2021-03-25,2021-04-29,2021-05-27
2021-03-18 09:34:00,34631.95,34660.65,34629.0,34636.85,34600.0,2021-03-18,2021-03-25,2021-04-01,2021-03-25,2021-04-29,2021-05-27
2021-03-18 09:35:00,34628.15,34631.35,34593.75,34625.2,34600.0,2021-03-18,2021-03-25,2021-04-01,2021-03-25,2021-04-29,2021-05-27
2021-03-18 09:36:00,34623.85,34642.75,34616.9,34636.95,34600.0,2021-03-18,2021-03-25,2021-04-01,2021-03-25,2021-04-29,2021-05-27
2021-03-18 09:37:00,34636.65,34651.6,34629.5,34631.6,34600.0,2021-03-18,2021-03-25,2021-04-01,2021-03-25,2021-04-29,2021-05-27
2021-03-18 09:38:00,34632.45,34638.2,34620.5,34633.45,34600.0,2021-03-18,2021-03-25,2021-04-01,2021-03-25,2021-04-29,2021-05-27
2021-03-18 09:39:00,34632.45,34664.55,34624.95,34664.5,34700.0,2021-03-18,2021-03-25,2021-04-01,2021-03-25,2021-04-29,2021-05-27
2021-03-18 09:40:00,34668.1,34684.9,34658.25,34664.35,34700.0,2021-03-18,2021-03-25,2021-04-01,2021-03-25,2021-04-29,2021-05-27
2021-03-18 09:41:00,34663.65,34672.35,34648.6,34651.9,34700.0,2021-03-18,2021-03-25,2021-04-01,2021-03-25,2021-04-29,2021-05-27
2021-03-18 09:42:00,34649.9,34656.95,34643.05,34655.05,34700.0,2021-03-18,2021-03-25,2021-04-01,2021-03-25,2021-04-29,2021-05-27
2021-03-18 09:43:00,34654.4,34685.25,34654.4,34682.25,34700.0,2021-03-18,2021-03-25,2021-04-01,2021-03-25,2021-04-29,2021-05-27
2021-03-18 09:44:00,34684.25,34715.55,34681.2,34715.1,34700.0,2021-03-18,2021-03-25,2021-04-01,2021-03-25,2021-04-29,2021-05-27
2021-03-18 09:45:00,34724.8,34731.8,34691.1,34697.1,34700.0,2021-03-18,2021-03-25,2021-04-01,2021-03-25,2021-04-29,2021-05-27
2021-03-18 09:46:00,34696.9,34739.6,34692.05,34735.25,34700.0,2021-03-18,2021-03-25,2021-04-01,2021-03-25,2021-04-29,2021-05-27
2021-03-18 09:47:00,34734.55,34737.7,34714.15,34727.45,34700.0,2021-03-18,2021-03-25,2021-04-01,2021-03-25,2021-04-29,2021-05-27
2021-03-18 09:48:00,34731.5,34738.25,34698.05,34698.05,34700.0,2021-03-18,2021-03-25,2021-04-01,2021-03-25,2021-04-29,2021-05-27
2021-03-18 09:49:00,34707.6,34749.3,34707.0,34745.15,34700.0,2021-03-18,2021-03-25,2021-04-01,2021-03-25,2021-04-29,2021-05-27
2021-03-18 09:50:00,34748.9,34755.0,34718.0,34723.25,34700.0,2021-03-18,2021-03-25,2021-04-01,2021-03-25,2021-04-29,2021-05-27
2021-03-18 09:51:00,34726.15,34741.8,34723.8,34735.75,34700.0,2021-03-18,2021-03-25,2021-04-01,2021-03-25,2021-04-29,2021-05-27
2021-03-18 09:52:00,34735.3,34752.8,34718.4,34750.2,34800.0,2021-03-18,2021-03-25,2021-04-01,2021-03-25,2021-04-29,2021-05-27
2021-03-18 09:53:00,34753.55,34759.85,34719.65,34726.75,34700.0,2021-03-18,2021-03-25,2021-04-01,2021-03-25,2021-04-29,2021-05-27
2021-03-18 09:54:00,34731.85,34733.75,34708.6,34716.2,34700.0,2021-03-18,2021-03-25,2021-04-01,2021-03-25,2021-04-29,2021-05-27
2021-03-18 09:55:00,34714.75,34714.75,34687.35,34704.95,34700.0,2021-03-18,2021-03-25,2021-04-01,2021-03-25,2021-04-29,2021-05-27
2021-03-18 09:56:00,34706.0,34720.8,34699.1,34704.45,34700.0,2021-03-18,2021-03-25,2021-04-01,2021-03-25,2021-04-29,2021-05-27
2021-03-18 09:57:00,34701.25,34701.85,34674.55,34678.55,34700.0,2021-03-18,2021-03-25,2021-04-01,2021-03-25,2021-04-29,2021-05-27
2021-03-18 09:58:00,34681.05,34690.35,34670.4,34670.4,34700.0,2021-03-18,2021-03-25,2021-04-01,2021-03-25,2021-04-29,2021-05-27
2021-03-18 09:59:00,34671.4,34692.0,34664.55,34686.95,34700.0,2021-03-18,2021-03-25,2021-04-01,2021-03-25,2021-04-29,2021-05-27
2021-03-18 10:00:00,34687.75,34687.75,34652.65,34664.8,34700.0,2021-03-18,2021-03-25,2021-04-01,2021-03-25,2021-04-29,2021-05-27
2021-03-18 10:01:00,34662.1,34673.3,34655.05,34655.05,34700.0,2021-03-18,2021-03-25,2021-04-01,2021-03-25,2021-04-29,2021-05-27
2021-03-18 10:02:00,34654.05,34670.55,34650.5,34667.95,34700.0,2021-03-18,2021-03-25,2021-04-01,2021-03-25,2021-04-29,2021-05-27
2021-03-18 10:03:00,34668.95,34678.15,34653.65,34655.65,34700.0,2021-03-18,2021-03-25,2021-04-01,2021-03-25,2021-04-29,2021-05-27
2021-03-18 10:04:00,34658.5,34682.35,34657.8,34673.6,34700.0,2021-03-18,2021-03-25,2021-04-01,2021-03-25,2021-04-29,2021-05-27
2021-03-18 10:05:00,34672.5,34702.0,34668.7,34697.9,34700.0,2021-03-18,2021-03-25,2021-04-01,2021-03-25,2021-04-29,2021-05-27
2021-03-18 10:06:00,34701.2,34702.6,34667.95,34667.95,34700.0,2021-03-18,2021-03-25,2021-04-01,2021-03-25,2021-04-29,2021-05-27
2021-03-18 10:07:00,34668.3,34689.5,34668.3,34689.15,34700.0,2021-03-18,2021-03-25,2021-04-01,2021-03-25,2021-04-29,2021-05-27
2021-03-18 10:08:00,34690.75,34708.65,34672.1,34674.8,34700.0,2021-03-18,2021-03-25,2021-04-01,2021-03-25,2021-04-29,2021-05-27
2021-03-18 10:09:00,34670.8,34670.9,34638.25,34642.5,34600.0,2021-03-18,2021-03-25,2021-04-01,2021-03-25,2021-04-29,2021-05-27
2021-03-18 10:10:00,34644.1,34651.95,34624.75,34624.75,34600.0,2021-03-18,2021-03-25,2021-04-01,2021-03-25,2021-04-29,2021-05-27
2021-03-18 10:11:00,34626.75,34632.65,34607.6,34611.15,34600.0,2021-03-18,2021-03-25,2021-04-01,2021-03-25,2021-04-29,2021-05-27
2021-03-18 10:12:00,34609.9,34609.9,34574.75,34588.35,34600.0,2021-03-18,2021-03-25,2021-04-01,2021-03-25,2021-04-29,2021-05-27
2021-03-18 10:13:00,34592.1,34599.35,34575.55,34597.3,34600.0,2021-03-18,2021-03-25,2021-04-01,2021-03-25,2021-04-29,2021-05-27
2021-03-18 10:14:00,34597.5,34602.15,34586.1,34599.8,34600.0,2021-03-18,2021-03-25,2021-04-01,2021-03-25,2021-04-29,2021-05-27
2021-03-18 10:15:00,34596.7,34635.6,34596.5,34630.7,34600.0,2021-03-18,2021-03-25,2021-04-01,2021-03-25,2021-04-29,2021-05-27
2021-03-18 10:16:00,34632.7,34633.0,34597.85,34604.25,34600.0,2021-03-18,2021-03-25,2021-04-01,2021-03-25,2021-04-29,2021-05-27
2021-03-18 10:17:00,34596.6,34622.85,34592.35,34618.25,34600.0,2021-03-18,2021-03-25,2021-04-01,2021-03-25,2021-04-29,2021-05-27
2021-03-18 10:18:00,34620.85,34621.95,34600.05,34600.7,34600.0,2021-03-18,2021-03-25,2021-04-01,2021-03-25,2021-04-29,2021-05-27
2021-03-18 10:19:00,34597.0,34603.65,34589.6,34594.6,34600.0,2021-03-18,2021-03-25,2021-04-01,2021-03-25,2021-04-29,2021-05-27
2021-03-18 10:20:00,34597.5,34618.0,34597.5,34611.6,34600.0,2021-03-18,2021-03-25,2021-04-01,2021-03-25,2021-04-29,2021-05-27
2021-03-18 10:21:00,34614.2,34614.2,34581.25,34599.95,34600.0,2021-03-18,2021-03-25,2021-04-01,2021-03-25,2021-04-29,2021-05-27
2021-03-18 10:22:00,34602.7,34618.1,34602.7,34611.9,34600.0,2021-03-18,2021-03-25,2021-04-01,2021-03-25,2021-04-29,2021-05-27
2021-03-18 10:23:00,34610.55,34620.75,34610.0,34612.0,34600.0,2021-03-18,2021-03-25,2021-04-01,2021-03-25,2021-04-29,2021-05-27
2021-03-18 10:24:00,34616.25,34616.25,34601.85,34611.85,34600.0,2021-03-18,2021-03-25,2021-04-01,2021-03-25,2021-04-29,2021-05-27
2021-03-18 10:25:00,34610.15,34614.35,34575.4,34575.4,34600.0,2021-03-18,2021-03-25,2021-04-01,2021-03-25,2021-04-29,2021-05-27
2021-03-18 10:26:00,34572.2,34578.25,34552.1,34577.05,34600.0,2021-03-18,2021-03-25,2021-04-01,2021-03-25,2021-04-29,2021-05-27
2021-03-18 10:27:00,34575.5,34575.5,34548.0,34556.8,34600.0,2021-03-18,2021-03-25,2021-04-01,2021-03-25,2021-04-29,2021-05-27
2021-03-18 10:28:00,34561.05,34569.9,34559.05,34569.9,34600.0,2021-03-18,2021-03-25,2021-04-01,2021-03-25,2021-04-29,2021-05-27
2021-03-18 10:29:00,34569.1,34601.2,34565.1,34593.85,34600.0,2021-03-18,2021-03-25,2021-04-01,2021-03-25,2021-04-29,2021-05-27
2021-03-18 10:30:00,34594.25,34594.25,34535.1,34536.85,34500.0,2021-03-18,2021-03-25,2021-04-01,2021-03-25,2021-04-29,2021-05-27
2021-03-18 10:31:00,34530.7,34546.7,34530.7,34531.85,34500.0,2021-03-18,2021-03-25,2021-04-01,2021-03-25,2021-04-29,2021-05-27
2021-03-18 10:32:00,34530.35,34541.75,34518.55,34533.8,34500.0,2021-03-18,2021-03-25,2021-04-01,2021-03-25,2021-04-29,2021-05-27
2021-03-18 10:33:00,34534.9,34534.9,34517.75,34518.95,34500.0,2021-03-18,2021-03-25,2021-04-01,2021-03-25,2021-04-29,2021-05-27
2021-03-18 10:34:00,34516.65,34517.4,34471.15,34483.7,34500.0,2021-03-18,2021-03-25,2021-04-01,2021-03-25,2021-04-29,2021-05-27
2021-03-18 10:35:00,34481.75,34500.05,34462.2,34495.8,34500.0,2021-03-18,2021-03-25,2021-04-01,2021-03-25,2021-04-29,2021-05-27
2021-03-18 10:36:00,34491.8,34496.9,34485.2,34492.15,34500.0,2021-03-18,2021-03-25,2021-04-01,2021-03-25,2021-04-29,2021-05-27
2021-03-18 10:37:00,34497.45,34509.55,34494.75,34504.6,34500.0,2021-03-18,2021-03-25,2021-04-01,2021-03-25,2021-04-29,2021-05-27
2021-03-18 10:38:00,34503.85,34514.05,34489.65,34489.65,34500.0,2021-03-18,2021-03-25,2021-04-01,2021-03-25,2021-04-29,2021-05-27
2021-03-18 10:39:00,34486.95,34489.55,34475.35,34480.95,34500.0,2021-03-18,2021-03-25,2021-04-01,2021-03-25,2021-04-29,2021-05-27
2021-03-18 10:40:00,34483.9,34483.9,34434.4,34441.05,34400.0,2021-03-18,2021-03-25,2021-04-01,2021-03-25,2021-04-29,2021-05-27
2021-03-18 10:41:00,34435.55,34449.8,34427.05,34444.65,34400.0,2021-03-18,2021-03-25,2021-04-01,2021-03-25,2021-04-29,2021-05-27
2021-03-18 10:42:00,34446.3,34446.3,34407.15,34441.75,34400.0,2021-03-18,2021-03-25,2021-04-01,2021-03-25,2021-04-29,2021-05-27
2021-03-18 10:43:00,34438.5,34456.4,34430.05,34451.35,34500.0,2021-03-18,2021-03-25,2021-04-01,2021-03-25,2021-04-29,2021-05-27
2021-03-18 10:44:00,34451.15,34462.3,34443.25,34443.25,34400.0,2021-03-18,2021-03-25,2021-04-01,2021-03-25,2021-04-29,2021-05-27
2021-03-18 10:45:00,34446.55,34502.0,34443.35,34499.55,34500.0,2021-03-18,2021-03-25,2021-04-01,2021-03-25,2021-04-29,2021-05-27
2021-03-18 10:46:00,34501.85,34537.3,34501.85,34529.35,34500.0,2021-03-18,2021-03-25,2021-04-01,2021-03-25,2021-04-29,2021-05-27
2021-03-18 10:47:00,34531.7,34545.8,34525.6,34535.2,34500.0,2021-03-18,2021-03-25,2021-04-01,2021-03-25,2021-04-29,2021-05-27
2021-03-18 10:48:00,34536.25,34556.65,34533.25,34540.55,34500.0,2021-03-18,2021-03-25,2021-04-01,2021-03-25,2021-04-29,2021-05-27
2021-03-18 10:49:00,34541.2,34571.0,34538.3,34560.6,34600.0,2021-03-18,2021-03-25,2021-04-01,2021-03-25,2021-04-29,2021-05-27
2021-03-18 10:50:00,34563.35,34584.35,34555.0,34575.25,34600.0,2021-03-18,2021-03-25,2021-04-01,2021-03-25,2021-04-29,2021-05-27
2021-03-18 10:51:00,34581.5,34583.9,34553.25,34576.05,34600.0,2021-03-18,2021-03-25,2021-04-01,2021-03-25,2021-04-29,2021-05-27
2021-03-18 10:52:00,34575.05,34575.5,34549.1,34549.1,34500.0,2021-03-18,2021-03-25,2021-04-01,2021-03-25,2021-04-29,2021-05-27
2021-03-18 10:53:00,34540.55,34564.9,34533.9,34564.9,34600.0,2021-03-18,2021-03-25,2021-04-01,2021-03-25,2021-04-29,2021-05-27
2021-03-18 10:54:00,34550.75,34552.25,34541.35,34545.45,34500.0,2021-03-18,2021-03-25,2021-04-01,2021-03-25,2021-04-29,2021-05-27
2021-03-18 10:55:00,34550.7,34552.55,34524.25,34536.4,34500.0,2021-03-18,2021-03-25,2021-04-01,2021-03-25,2021-04-29,2021-05-27
2021-03-18 10:56:00,34533.65,34537.2,34499.35,34502.65,34500.0,2021-03-18,2021-03-25,2021-04-01,2021-03-25,2021-04-29,2021-05-27
2021-03-18 10:57:00,34500.7,34518.5,34498.05,34507.7,34500.0,2021-03-18,2021-03-25,2021-04-01,2021-03-25,2021-04-29,2021-05-27
2021-03-18 10:58:00,34504.0,34514.9,34500.7,34504.4,34500.0,2021-03-18,2021-03-25,2021-04-01,2021-03-25,2021-04-29,2021-05-27
2021-03-18 10:59:00,34503.3,34522.1,34503.25,34512.7,34500.0,2021-03-18,2021-03-25,2021-04-01,2021-03-25,2021-04-29,2021-05-27
2021-03-18 11:00:00,34513.5,34519.75,34503.75,34512.2,34500.0,2021-03-18,2021-03-25,2021-04-01,2021-03-25,2021-04-29,2021-05-27
2021-03-18 11:01:00,34512.0,34520.2,34507.4,34516.15,34500.0,2021-03-18,2021-03-25,2021-04-01,2021-03-25,2021-04-29,2021-05-27
2021-03-18 11:02:00,34515.65,34532.2,34512.2,34532.2,34500.0,2021-03-18,2021-03-25,2021-04-01,2021-03-25,2021-04-29,2021-05-27
2021-03-18 11:03:00,34533.65,34533.65,34499.9,34505.25,34500.0,2021-03-18,2021-03-25,2021-04-01,2021-03-25,2021-04-29,2021-05-27
2021-03-18 11:04:00,34504.65,34521.6,34502.6,34519.2,34500.0,2021-03-18,2021-03-25,2021-04-01,2021-03-25,2021-04-29,2021-05-27
2021-03-18 11:05:00,34520.4,34520.4,34498.95,34511.05,34500.0,2021-03-18,2021-03-25,2021-04-01,2021-03-25,2021-04-29,2021-05-27
2021-03-18 11:06:00,34512.15,34512.15,34487.8,34490.25,34500.0,2021-03-18,2021-03-25,2021-04-01,2021-03-25,2021-04-29,2021-05-27
2021-03-18 11:07:00,34490.85,34500.1,34487.25,34496.8,34500.0,2021-03-18,2021-03-25,2021-04-01,2021-03-25,2021-04-29,2021-05-27
2021-03-18 11:08:00,34493.65,34502.35,34472.0,34496.25,34500.0,2021-03-18,2021-03-25,2021-04-01,2021-03-25,2021-04-29,2021-05-27
2021-03-18 11:09:00,34498.25,34505.2,34487.5,34496.15,34500.0,2021-03-18,2021-03-25,2021-04-01,2021-03-25,2021-04-29,2021-05-27
2021-03-18 11:10:00,34494.95,34506.95,34489.5,34501.5,34500.0,2021-03-18,2021-03-25,2021-04-01,2021-03-25,2021-04-29,2021-05-27
2021-03-18 11:11:00,34498.3,34503.35,34490.15,34500.55,34500.0,2021-03-18,2021-03-25,2021-04-01,2021-03-25,2021-04-29,2021-05-27
2021-03-18 11:12:00,34499.1,34499.85,34486.1,34495.6,34500.0,2021-03-18,2021-03-25,2021-04-01,2021-03-25,2021-04-29,2021-05-27
2021-03-18 11:13:00,34494.15,34500.35,34480.0,34488.8,34500.0,2021-03-18,2021-03-25,2021-04-01,2021-03-25,2021-04-29,2021-05-27
2021-03-18 11:14:00,34484.15,34497.4,34482.3,34495.2,34500.0,2021-03-18,2021-03-25,2021-04-01,2021-03-25,2021-04-29,2021-05-27
2021-03-18 11:15:00,34495.1,34509.75,34490.55,34505.35,34500.0,2021-03-18,2021-03-25,2021-04-01,2021-03-25,2021-04-29,2021-05-27
2021-03-18 11:16:00,34502.6,34520.3,34502.6,34520.2,34500.0,2021-03-18,2021-03-25,2021-04-01,2021-03-25,2021-04-29,2021-05-27
2021-03-18 11:17:00,34519.5,34523.4,34512.45,34515.1,34500.0,2021-03-18,2021-03-25,2021-04-01,2021-03-25,2021-04-29,2021-05-27
2021-03-18 11:18:00,34513.65,34516.85,34510.45,34512.65,34500.0,2021-03-18,2021-03-25,2021-04-01,2021-03-25,2021-04-29,2021-05-27
2021-03-18 11:19:00,34510.05,34518.95,34490.35,34494.2,34500.0,2021-03-18,2021-03-25,2021-04-01,2021-03-25,2021-04-29,2021-05-27
2021-03-18 11:20:00,34494.5,34495.9,34461.4,34472.05,34500.0,2021-03-18,2021-03-25,2021-04-01,2021-03-25,2021-04-29,2021-05-27
2021-03-18 11:21:00,34473.9,34492.6,34471.1,34481.05,34500.0,2021-03-18,2021-03-25,2021-04-01,2021-03-25,2021-04-29,2021-05-27
2021-03-18 11:22:00,34477.9,34493.85,34476.95,34482.3,34500.0,2021-03-18,2021-03-25,2021-04-01,2021-03-25,2021-04-29,2021-05-27
2021-03-18 11:23:00,34480.8,34487.45,34480.25,34483.55,34500.0,2021-03-18,2021-03-25,2021-04-01,2021-03-25,2021-04-29,2021-05-27
2021-03-18 11:24:00,34483.3,34496.5,34483.3,34493.75,34500.0,2021-03-18,2021-03-25,2021-04-01,2021-03-25,2021-04-29,2021-05-27
2021-03-18 11:25:00,34494.9,34506.25,34494.0,34505.9,34500.0,2021-03-18,2021-03-25,2021-04-01,2021-03-25,2021-04-29,2021-05-27
2021-03-18 11:26:00,34505.6,34517.55,34497.85,34499.15,34500.0,2021-03-18,2021-03-25,2021-04-01,2021-03-25,2021-04-29,2021-05-27
2021-03-18 11:27:00,34498.95,34499.25,34477.3,34478.95,34500.0,2021-03-18,2021-03-25,2021-04-01,2021-03-25,2021-04-29,2021-05-27
2021-03-18 11:28:00,34480.8,34493.35,34476.9,34488.45,34500.0,2021-03-18,2021-03-25,2021-04-01,2021-03-25,2021-04-29,2021-05-27
2021-03-18 11:29:00,34488.6,34492.05,34482.25,34485.05,34500.0,2021-03-18,2021-03-25,2021-04-01,2021-03-25,2021-04-29,2021-05-27
2021-03-18 11:30:00,34488.0,34497.8,34484.85,34496.2,34500.0,2021-03-18,2021-03-25,2021-04-01,2021-03-25,2021-04-29,2021-05-27
2021-03-18 11:31:00,34496.3,34527.7,34493.5,34522.2,34500.0,2021-03-18,2021-03-25,2021-04-01,2021-03-25,2021-04-29,2021-05-27
2021-03-18 11:32:00,34523.3,34525.8,34495.15,34495.15,34500.0,2021-03-18,2021-03-25,2021-04-01,2021-03-25,2021-04-29,2021-05-27
2021-03-18 11:33:00,34493.35,34497.6,34484.25,34489.3,34500.0,2021-03-18,2021-03-25,2021-04-01,2021-03-25,2021-04-29,2021-05-27
2021-03-18 11:34:00,34489.85,34495.55,34486.7,34492.1,34500.0,2021-03-18,2021-03-25,2021-04-01,2021-03-25,2021-04-29,2021-05-27
2021-03-18 11:35:00,34488.0,34493.65,34467.6,34482.6,34500.0,2021-03-18,2021-03-25,2021-04-01,2021-03-25,2021-04-29,2021-05-27
2021-03-18 11:36:00,34484.25,34487.0,34477.55,34479.05,34500.0,2021-03-18,2021-03-25,2021-04-01,2021-03-25,2021-04-29,2021-05-27
2021-03-18 11:37:00,34477.05,34478.45,34462.2,34469.3,34500.0,2021-03-18,2021-03-25,2021-04-01,2021-03-25,2021-04-29,2021-05-27
2021-03-18 11:38:00,34466.4,34471.95,34460.95,34468.3,34500.0,2021-03-18,2021-03-25,2021-04-01,2021-03-25,2021-04-29,2021-05-27
2021-03-18 11:39:00,34470.7,34475.4,34468.55,34473.25,34500.0,2021-03-18,2021-03-25,2021-04-01,2021-03-25,2021-04-29,2021-05-27
2021-03-18 11:40:00,34473.55,34473.55,34432.2,34443.05,34400.0,2021-03-18,2021-03-25,2021-04-01,2021-03-25,2021-04-29,2021-05-27
2021-03-18 11:41:00,34444.95,34446.3,34432.25,34444.65,34400.0,2021-03-18,2021-03-25,2021-04-01,2021-03-25,2021-04-29,2021-05-27
2021-03-18 11:42:00,34438.55,34443.65,34405.35,34431.1,34400.0,2021-03-18,2021-03-25,2021-04-01,2021-03-25,2021-04-29,2021-05-27
2021-03-18 11:43:00,34434.55,34454.4,34425.75,34452.75,34500.0,2021-03-18,2021-03-25,2021-04-01,2021-03-25,2021-04-29,2021-05-27
2021-03-18 11:44:00,34456.65,34456.65,34435.2,34445.55,34400.0,2021-03-18,2021-03-25,2021-04-01,2021-03-25,2021-04-29,2021-05-27
2021-03-18 11:45:00,34439.55,34452.25,34431.1,34451.95,34500.0,2021-03-18,2021-03-25,2021-04-01,2021-03-25,2021-04-29,2021-05-27
2021-03-18 11:46:00,34450.7,34453.05,34433.25,34436.15,34400.0,2021-03-18,2021-03-25,2021-04-01,2021-03-25,2021-04-29,2021-05-27
2021-03-18 11:47:00,34437.35,34453.55,34433.5,34453.55,34500.0,2021-03-18,2021-03-25,2021-04-01,2021-03-25,2021-04-29,2021-05-27
2021-03-18 11:48:00,34452.9,34468.25,34451.6,34466.85,34500.0,2021-03-18,2021-03-25,2021-04-01,2021-03-25,2021-04-29,2021-05-27
2021-03-18 11:49:00,34468.0,34468.8,34454.6,34465.8,34500.0,2021-03-18,2021-03-25,2021-04-01,2021-03-25,2021-04-29,2021-05-27
2021-03-18 11:50:00,34464.05,34485.0,34463.7,34482.1,34500.0,2021-03-18,2021-03-25,2021-04-01,2021-03-25,2021-04-29,2021-05-27
2021-03-18 11:51:00,34481.5,34513.65,34481.5,34496.25,34500.0,2021-03-18,2021-03-25,2021-04-01,2021-03-25,2021-04-29,2021-05-27
2021-03-18 11:52:00,34494.4,34516.7,34489.2,34516.7,34500.0,2021-03-18,2021-03-25,2021-04-01,2021-03-25,2021-04-29,2021-05-27
2021-03-18 11:53:00,34515.05,34543.3,34514.7,34540.4,34500.0,2021-03-18,2021-03-25,2021-04-01,2021-03-25,2021-04-29,2021-05-27
2021-03-18 11:54:00,34539.05,34541.0,34513.35,34517.3,34500.0,2021-03-18,2021-03-25,2021-04-01,2021-03-25,2021-04-29,2021-05-27
2021-03-18 11:55:00,34519.2,34524.45,34499.55,34499.55,34500.0,2021-03-18,2021-03-25,2021-04-01,2021-03-25,2021-04-29,2021-05-27
2021-03-18 11:56:00,34498.05,34515.5,34498.05,34505.55,34500.0,2021-03-18,2021-03-25,2021-04-01,2021-03-25,2021-04-29,2021-05-27
2021-03-18 11:57:00,34504.75,34516.65,34502.55,34507.2,34500.0,2021-03-18,2021-03-25,2021-04-01,2021-03-25,2021-04-29,2021-05-27
2021-03-18 11:58:00,34508.0,34523.05,34507.1,34520.3,34500.0,2021-03-18,2021-03-25,2021-04-01,2021-03-25,2021-04-29,2021-05-27
2021-03-18 11:59:00,34520.6,34550.8,34520.4,34550.55,34600.0,2021-03-18,2021-03-25,2021-04-01,2021-03-25,2021-04-29,2021-05-27
2021-03-18 12:00:00,34552.25,34583.9,34552.25,34572.15,34600.0,2021-03-18,2021-03-25,2021-04-01,2021-03-25,2021-04-29,2021-05-27
2021-03-18 12:01:00,34571.85,34575.0,34537.65,34540.45,34500.0,2021-03-18,2021-03-25,2021-04-01,2021-03-25,2021-04-29,2021-05-27
2021-03-18 12:02:00,34537.6,34538.45,34531.6,34531.6,34500.0,2021-03-18,2021-03-25,2021-04-01,2021-03-25,2021-04-29,2021-05-27
2021-03-18 12:03:00,34535.95,34539.45,34508.05,34527.55,34500.0,2021-03-18,2021-03-25,2021-04-01,2021-03-25,2021-04-29,2021-05-27
2021-03-18 12:04:00,34526.6,34530.75,34521.65,34529.45,34500.0,2021-03-18,2021-03-25,2021-04-01,2021-03-25,2021-04-29,2021-05-27
2021-03-18 12:05:00,34525.95,34526.2,34499.25,34504.9,34500.0,2021-03-18,2021-03-25,2021-04-01,2021-03-25,2021-04-29,2021-05-27
2021-03-18 12:06:00,34504.05,34535.4,34502.1,34535.4,34500.0,2021-03-18,2021-03-25,2021-04-01,2021-03-25,2021-04-29,2021-05-27
2021-03-18 12:07:00,34538.25,34545.5,34532.45,34534.4,34500.0,2021-03-18,2021-03-25,2021-04-01,2021-03-25,2021-04-29,2021-05-27
2021-03-18 12:08:00,34535.85,34565.1,34534.45,34556.05,34600.0,2021-03-18,2021-03-25,2021-04-01,2021-03-25,2021-04-29,2021-05-27
2021-03-18 12:09:00,34560.3,34567.75,34558.3,34560.65,34600.0,2021-03-18,2021-03-25,2021-04-01,2021-03-25,2021-04-29,2021-05-27
2021-03-18 12:10:00,34561.95,34576.4,34556.35,34576.4,34600.0,2021-03-18,2021-03-25,2021-04-01,2021-03-25,2021-04-29,2021-05-27
2021-03-18 12:11:00,34576.2,34596.95,34567.7,34596.95,34600.0,2021-03-18,2021-03-25,2021-04-01,2021-03-25,2021-04-29,2021-05-27
2021-03-18 12:12:00,34595.95,34617.85,34595.95,34614.2,34600.0,2021-03-18,2021-03-25,2021-04-01,2021-03-25,2021-04-29,2021-05-27
2021-03-18 12:13:00,34613.4,34617.3,34582.5,34598.65,34600.0,2021-03-18,2021-03-25,2021-04-01,2021-03-25,2021-04-29,2021-05-27
2021-03-18 12:14:00,34597.75,34634.3,34594.25,34624.15,34600.0,2021-03-18,2021-03-25,2021-04-01,2021-03-25,2021-04-29,2021-05-27
2021-03-18 12:15:00,34619.5,34639.9,34583.9,34594.8,34600.0,2021-03-18,2021-03-25,2021-04-01,2021-03-25,2021-04-29,2021-05-27
2021-03-18 12:16:00,34592.95,34614.25,34589.35,34611.95,34600.0,2021-03-18,2021-03-25,2021-04-01,2021-03-25,2021-04-29,2021-05-27
2021-03-18 12:17:00,34608.05,34612.15,34598.5,34602.2,34600.0,2021-03-18,2021-03-25,2021-04-01,2021-03-25,2021-04-29,2021-05-27
2021-03-18 12:18:00,34601.5,34603.35,34567.55,34577.4,34600.0,2021-03-18,2021-03-25,2021-04-01,2021-03-25,2021-04-29,2021-05-27
2021-03-18 12:19:00,34580.8,34587.0,34544.15,34561.55,34600.0,2021-03-18,2021-03-25,2021-04-01,2021-03-25,2021-04-29,2021-05-27
2021-03-18 12:20:00,34560.6,34561.25,34527.15,34530.85,34500.0,2021-03-18,2021-03-25,2021-04-01,2021-03-25,2021-04-29,2021-05-27
2021-03-18 12:21:00,34526.9,34557.15,34524.3,34546.45,34500.0,2021-03-18,2021-03-25,2021-04-01,2021-03-25,2021-04-29,2021-05-27
2021-03-18 12:22:00,34546.55,34550.45,34537.0,34542.55,34500.0,2021-03-18,2021-03-25,2021-04-01,2021-03-25,2021-04-29,2021-05-27
2021-03-18 12:23:00,34544.3,34553.7,34522.15,34526.35,34500.0,2021-03-18,2021-03-25,2021-04-01,2021-03-25,2021-04-29,2021-05-27
2021-03-18 12:24:00,34528.0,34546.75,34528.0,34543.7,34500.0,2021-03-18,2021-03-25,2021-04-01,2021-03-25,2021-04-29,2021-05-27
2021-03-18 12:25:00,34545.45,34546.15,34531.0,34542.55,34500.0,2021-03-18,2021-03-25,2021-04-01,2021-03-25,2021-04-29,2021-05-27
2021-03-18 12:26:00,34541.45,34541.45,34520.0,34524.55,34500.0,2021-03-18,2021-03-25,2021-04-01,2021-03-25,2021-04-29,2021-05-27
2021-03-18 12:27:00,34522.65,34541.7,34522.65,34538.9,34500.0,2021-03-18,2021-03-25,2021-04-01,2021-03-25,2021-04-29,2021-05-27
2021-03-18 12:28:00,34540.45,34581.2,34540.45,34554.9,34600.0,2021-03-18,2021-03-25,2021-04-01,2021-03-25,2021-04-29,2021-05-27
2021-03-18 12:29:00,34558.8,34559.45,34541.65,34556.2,34600.0,2021-03-18,2021-03-25,2021-04-01,2021-03-25,2021-04-29,2021-05-27
2021-03-18 12:30:00,34553.9,34566.5,34553.9,34558.65,34600.0,2021-03-18,2021-03-25,2021-04-01,2021-03-25,2021-04-29,2021-05-27
2021-03-18 12:31:00,34562.25,34563.0,34524.15,34524.65,34500.0,2021-03-18,2021-03-25,2021-04-01,2021-03-25,2021-04-29,2021-05-27
2021-03-18 12:32:00,34524.2,34524.5,34489.0,34510.55,34500.0,2021-03-18,2021-03-25,2021-04-01,2021-03-25,2021-04-29,2021-05-27
2021-03-18 12:33:00,34509.75,34518.9,34489.7,34507.5,34500.0,2021-03-18,2021-03-25,2021-04-01,2021-03-25,2021-04-29,2021-05-27
2021-03-18 12:34:00,34505.0,34517.7,34500.75,34505.55,34500.0,2021-03-18,2021-03-25,2021-04-01,2021-03-25,2021-04-29,2021-05-27
2021-03-18 12:35:00,34502.45,34535.05,34493.05,34527.55,34500.0,2021-03-18,2021-03-25,2021-04-01,2021-03-25,2021-04-29,2021-05-27
2021-03-18 12:36:00,34524.9,34525.6,34509.05,34522.0,34500.0,2021-03-18,2021-03-25,2021-04-01,2021-03-25,2021-04-29,2021-05-27
2021-03-18 12:37:00,34521.55,34522.85,34510.95,34521.8,34500.0,2021-03-18,2021-03-25,2021-04-01,2021-03-25,2021-04-29,2021-05-27
2021-03-18 12:38:00,34522.5,34537.05,34521.15,34527.35,34500.0,2021-03-18,2021-03-25,2021-04-01,2021-03-25,2021-04-29,2021-05-27
2021-03-18 12:39:00,34523.5,34532.65,34518.15,34525.7,34500.0,2021-03-18,2021-03-25,2021-04-01,2021-03-25,2021-04-29,2021-05-27
2021-03-18 12:40:00,34527.8,34529.75,34508.35,34517.45,34500.0,2021-03-18,2021-03-25,2021-04-01,2021-03-25,2021-04-29,2021-05-27
2021-03-18 12:41:00,34519.75,34547.3,34517.2,34543.35,34500.0,2021-03-18,2021-03-25,2021-04-01,2021-03-25,2021-04-29,2021-05-27
2021-03-18 12:42:00,34541.2,34544.65,34536.85,34542.9,34500.0,2021-03-18,2021-03-25,2021-04-01,2021-03-25,2021-04-29,2021-05-27
2021-03-18 12:43:00,34541.45,34550.75,34536.95,34548.65,34500.0,2021-03-18,2021-03-25,2021-04-01,2021-03-25,2021-04-29,2021-05-27
2021-03-18 12:44:00,34546.85,34549.3,34526.6,34538.45,34500.0,2021-03-18,2021-03-25,2021-04-01,2021-03-25,2021-04-29,2021-05-27
2021-03-18 12:45:00,34541.0,34542.55,34532.5,34537.4,34500.0,2021-03-18,2021-03-25,2021-04-01,2021-03-25,2021-04-29,2021-05-27
2021-03-18 12:46:00,34538.65,34540.7,34511.6,34512.8,34500.0,2021-03-18,2021-03-25,2021-04-01,2021-03-25,2021-04-29,2021-05-27
2021-03-18 12:47:00,34511.1,34531.25,34508.45,34530.25,34500.0,2021-03-18,2021-03-25,2021-04-01,2021-03-25,2021-04-29,2021-05-27
2021-03-18 12:48:00,34525.55,34527.45,34507.75,34509.45,34500.0,2021-03-18,2021-03-25,2021-04-01,2021-03-25,2021-04-29,2021-05-27
2021-03-18 12:49:00,34515.45,34526.0,34509.95,34509.95,34500.0,2021-03-18,2021-03-25,2021-04-01,2021-03-25,2021-04-29,2021-05-27
2021-03-18 12:50:00,34507.75,34517.05,34487.1,34487.1,34500.0,2021-03-18,2021-03-25,2021-04-01,2021-03-25,2021-04-29,2021-05-27
2021-03-18 12:51:00,34483.0,34507.95,34483.0,34502.4,34500.0,2021-03-18,2021-03-25,2021-04-01,2021-03-25,2021-04-29,2021-05-27
2021-03-18 12:52:00,34502.2,34504.0,34478.8,34478.8,34500.0,2021-03-18,2021-03-25,2021-04-01,2021-03-25,2021-04-29,2021-05-27
2021-03-18 12:53:00,34478.9,34488.8,34472.55,34480.95,34500.0,2021-03-18,2021-03-25,2021-04-01,2021-03-25,2021-04-29,2021-05-27
2021-03-18 12:54:00,34478.75,34479.55,34462.95,34472.8,34500.0,2021-03-18,2021-03-25,2021-04-01,2021-03-25,2021-04-29,2021-05-27
2021-03-18 12:55:00,34474.0,34475.65,34455.35,34455.35,34500.0,2021-03-18,2021-03-25,2021-04-01,2021-03-25,2021-04-29,2021-05-27
2021-03-18 12:56:00,34456.1,34458.95,34435.2,34450.15,34500.0,2021-03-18,2021-03-25,2021-04-01,2021-03-25,2021-04-29,2021-05-27
2021-03-18 12:57:00,34449.6,34449.6,34414.05,34420.65,34400.0,2021-03-18,2021-03-25,2021-04-01,2021-03-25,2021-04-29,2021-05-27
2021-03-18 12:58:00,34420.95,34446.7,34413.8,34446.7,34400.0,2021-03-18,2021-03-25,2021-04-01,2021-03-25,2021-04-29,2021-05-27
2021-03-18 12:59:00,34443.7,34466.55,34437.1,34438.9,34400.0,2021-03-18,2021-03-25,2021-04-01,2021-03-25,2021-04-29,2021-05-27
2021-03-18 13:00:00,34437.3,34437.3,34367.7,34372.25,34400.0,2021-03-18,2021-03-25,2021-04-01,2021-03-25,2021-04-29,2021-05-27
2021-03-18 13:01:00,34371.95,34389.1,34366.9,34367.45,34400.0,2021-03-18,2021-03-25,2021-04-01,2021-03-25,2021-04-29,2021-05-27
2021-03-18 13:02:00,34369.05,34392.8,34366.75,34378.55,34400.0,2021-03-18,2021-03-25,2021-04-01,2021-03-25,2021-04-29,2021-05-27
2021-03-18 13:03:00,34375.4,34381.45,34343.5,34349.15,34300.0,2021-03-18,2021-03-25,2021-04-01,2021-03-25,2021-04-29,2021-05-27
2021-03-18 13:04:00,34346.6,34350.75,34328.8,34335.35,34300.0,2021-03-18,2021-03-25,2021-04-01,2021-03-25,2021-04-29,2021-05-27
2021-03-18 13:05:00,34333.2,34368.0,34326.5,34353.1,34400.0,2021-03-18,2021-03-25,2021-04-01,2021-03-25,2021-04-29,2021-05-27
2021-03-18 13:06:00,34353.15,34360.7,34285.2,34293.15,34300.0,2021-03-18,2021-03-25,2021-04-01,2021-03-25,2021-04-29,2021-05-27
2021-03-18 13:07:00,34289.55,34298.85,34250.45,34281.2,34300.0,2021-03-18,2021-03-25,2021-04-01,2021-03-25,2021-04-29,2021-05-27
2021-03-18 13:08:00,34281.65,34309.45,34270.55,34305.1,34300.0,2021-03-18,2021-03-25,2021-04-01,2021-03-25,2021-04-29,2021-05-27
2021-03-18 13:09:00,34306.45,34309.3,34275.65,34287.3,34300.0,2021-03-18,2021-03-25,2021-04-01,2021-03-25,2021-04-29,2021-05-27
2021-03-18 13:10:00,34282.15,34286.95,34263.15,34273.75,34300.0,2021-03-18,2021-03-25,2021-04-01,2021-03-25,2021-04-29,2021-05-27
2021-03-18 13:11:00,34271.7,34271.7,34239.1,34242.95,34200.0,2021-03-18,2021-03-25,2021-04-01,2021-03-25,2021-04-29,2021-05-27
2021-03-18 13:12:00,34241.8,34241.8,34170.05,34201.2,34200.0,2021-03-18,2021-03-25,2021-04-01,2021-03-25,2021-04-29,2021-05-27
2021-03-18 13:13:00,34199.3,34233.6,34190.95,34233.6,34200.0,2021-03-18,2021-03-25,2021-04-01,2021-03-25,2021-04-29,2021-05-27
2021-03-18 13:14:00,34228.25,34228.25,34145.4,34151.9,34200.0,2021-03-18,2021-03-25,2021-04-01,2021-03-25,2021-04-29,2021-05-27
2021-03-18 13:15:00,34153.0,34198.45,34149.05,34175.25,34200.0,2021-03-18,2021-03-25,2021-04-01,2021-03-25,2021-04-29,2021-05-27
2021-03-18 13:16:00,34174.35,34176.55,34038.85,34042.4,34000.0,2021-03-18,2021-03-25,2021-04-01,2021-03-25,2021-04-29,2021-05-27
2021-03-18 13:17:00,34022.25,34100.7,33977.1,34085.25,34100.0,2021-03-18,2021-03-25,2021-04-01,2021-03-25,2021-04-29,2021-05-27
2021-03-18 13:18:00,34076.6,34090.3,34017.15,34028.35,34000.0,2021-03-18,2021-03-25,2021-04-01,2021-03-25,2021-04-29,2021-05-27
2021-03-18 13:19:00,34024.9,34055.8,34005.75,34005.75,34000.0,2021-03-18,2021-03-25,2021-04-01,2021-03-25,2021-04-29,2021-05-27
2021-03-18 13:20:00,34007.0,34043.35,33996.95,34031.6,34000.0,2021-03-18,2021-03-25,2021-04-01,2021-03-25,2021-04-29,2021-05-27
2021-03-18 13:21:00,34030.0,34071.45,34006.55,34054.6,34100.0,2021-03-18,2021-03-25,2021-04-01,2021-03-25,2021-04-29,2021-05-27
2021-03-18 13:22:00,34058.8,34128.9,34057.6,34122.3,34100.0,2021-03-18,2021-03-25,2021-04-01,2021-03-25,2021-04-29,2021-05-27
2021-03-18 13:23:00,34110.6,34116.25,34048.55,34060.45,34100.0,2021-03-18,2021-03-25,2021-04-01,2021-03-25,2021-04-29,2021-05-27
2021-03-18 13:24:00,34058.8,34076.95,34039.4,34044.3,34000.0,2021-03-18,2021-03-25,2021-04-01,2021-03-25,2021-04-29,2021-05-27
2021-03-18 13:25:00,34042.5,34044.75,33950.15,33969.5,34000.0,2021-03-18,2021-03-25,2021-04-01,2021-03-25,2021-04-29,2021-05-27
2021-03-18 13:26:00,33974.05,34009.5,33956.3,34007.45,34000.0,2021-03-18,2021-03-25,2021-04-01,2021-03-25,2021-04-29,2021-05-27
2021-03-18 13:27:00,34008.35,34008.35,33961.8,33991.05,34000.0,2021-03-18,2021-03-25,2021-04-01,2021-03-25,2021-04-29,2021-05-27
2021-03-18 13:28:00,33984.2,34004.7,33966.4,33995.3,34000.0,2021-03-18,2021-03-25,2021-04-01,2021-03-25,2021-04-29,2021-05-27
2021-03-18 13:29:00,33999.95,34027.05,33989.3,34014.6,34000.0,2021-03-18,2021-03-25,2021-04-01,2021-03-25,2021-04-29,2021-05-27
2021-03-18 13:30:00,34014.35,34016.45,33927.65,33940.8,33900.0,2021-03-18,2021-03-25,2021-04-01,2021-03-25,2021-04-29,2021-05-27
2021-03-18 13:31:00,33953.15,33969.3,33923.4,33933.35,33900.0,2021-03-18,2021-03-25,2021-04-01,2021-03-25,2021-04-29,2021-05-27
2021-03-18 13:32:00,33927.45,33930.85,33860.85,33878.45,33900.0,2021-03-18,2021-03-25,2021-04-01,2021-03-25,2021-04-29,2021-05-27
2021-03-18 13:33:00,33874.1,33900.9,33855.85,33897.45,33900.0,2021-03-18,2021-03-25,2021-04-01,2021-03-25,2021-04-29,2021-05-27
2021-03-18 13:34:00,33890.6,33949.1,33885.85,33949.1,33900.0,2021-03-18,2021-03-25,2021-04-01,2021-03-25,2021-04-29,2021-05-27
2021-03-18 13:35:00,33944.9,33981.6,33922.6,33943.3,33900.0,2021-03-18,2021-03-25,2021-04-01,2021-03-25,2021-04-29,2021-05-27
2021-03-18 13:36:00,33943.55,34007.35,33939.85,34006.05,34000.0,2021-03-18,2021-03-25,2021-04-01,2021-03-25,2021-04-29,2021-05-27
2021-03-18 13:37:00,34003.35,34003.8,33940.1,33940.1,33900.0,2021-03-18,2021-03-25,2021-04-01,2021-03-25,2021-04-29,2021-05-27
2021-03-18 13:38:00,33936.05,33940.7,33884.7,33904.2,33900.0,2021-03-18,2021-03-25,2021-04-01,2021-03-25,2021-04-29,2021-05-27
2021-03-18 13:39:00,33914.35,33950.65,33913.25,33917.45,33900.0,2021-03-18,2021-03-25,2021-04-01,2021-03-25,2021-04-29,2021-05-27
2021-03-18 13:40:00,33908.1,33932.9,33896.2,33906.95,33900.0,2021-03-18,2021-03-25,2021-04-01,2021-03-25,2021-04-29,2021-05-27
2021-03-18 13:41:00,33903.5,33923.65,33883.65,33898.05,33900.0,2021-03-18,2021-03-25,2021-04-01,2021-03-25,2021-04-29,2021-05-27
2021-03-18 13:42:00,33893.85,33941.35,33892.2,33940.9,33900.0,2021-03-18,2021-03-25,2021-04-01,2021-03-25,2021-04-29,2021-05-27
2021-03-18 13:43:00,33945.55,33966.4,33904.95,33912.35,33900.0,2021-03-18,2021-03-25,2021-04-01,2021-03-25,2021-04-29,2021-05-27
2021-03-18 13:44:00,33913.7,33932.8,33902.1,33915.75,33900.0,2021-03-18,2021-03-25,2021-04-01,2021-03-25,2021-04-29,2021-05-27
2021-03-18 13:45:00,33913.55,33989.45,33910.4,33968.45,34000.0,2021-03-18,2021-03-25,2021-04-01,2021-03-25,2021-04-29,2021-05-27
2021-03-18 13:46:00,33966.6,34013.7,33966.6,34011.15,34000.0,2021-03-18,2021-03-25,2021-04-01,2021-03-25,2021-04-29,2021-05-27
2021-03-18 13:47:00,34021.5,34032.95,33948.2,33952.65,34000.0,2021-03-18,2021-03-25,2021-04-01,2021-03-25,2021-04-29,2021-05-27
2021-03-18 13:48:00,33946.85,33957.1,33930.25,33940.3,33900.0,2021-03-18,2021-03-25,2021-04-01,2021-03-25,2021-04-29,2021-05-27
2021-03-18 13:49:00,33936.5,33991.1,33935.35,33974.8,34000.0,2021-03-18,2021-03-25,2021-04-01,2021-03-25,2021-04-29,2021-05-27
2021-03-18 13:50:00,33972.2,33989.5,33961.85,33965.15,34000.0,2021-03-18,2021-03-25,2021-04-01,2021-03-25,2021-04-29,2021-05-27
2021-03-18 13:51:00,33965.2,33999.85,33948.65,33985.55,34000.0,2021-03-18,2021-03-25,2021-04-01,2021-03-25,2021-04-29,2021-05-27
2021-03-18 13:52:00,33988.8,33990.65,33969.95,33973.45,34000.0,2021-03-18,2021-03-25,2021-04-01,2021-03-25,2021-04-29,2021-05-27
2021-03-18 13:53:00,33970.7,33989.6,33954.75,33959.25,34000.0,2021-03-18,2021-03-25,2021-04-01,2021-03-25,2021-04-29,2021-05-27
2021-03-18 13:54:00,33953.3,33960.05,33916.95,33934.0,33900.0,2021-03-18,2021-03-25,2021-04-01,2021-03-25,2021-04-29,2021-05-27
2021-03-18 13:55:00,33929.8,33938.45,33912.5,33929.45,33900.0,2021-03-18,2021-03-25,2021-04-01,2021-03-25,2021-04-29,2021-05-27
2021-03-18 13:56:00,33928.05,33945.35,33922.05,33924.15,33900.0,2021-03-18,2021-03-25,2021-04-01,2021-03-25,2021-04-29,2021-05-27
2021-03-18 13:57:00,33928.65,33930.9,33876.1,33887.25,33900.0,2021-03-18,2021-03-25,2021-04-01,2021-03-25,2021-04-29,2021-05-27
2021-03-18 13:58:00,33888.7,33893.5,33820.2,33830.35,33800.0,2021-03-18,2021-03-25,2021-04-01,2021-03-25,2021-04-29,2021-05-27
2021-03-18 13:59:00,33826.5,33840.25,33775.9,33791.35,33800.0,2021-03-18,2021-03-25,2021-04-01,2021-03-25,2021-04-29,2021-05-27
2021-03-18 14:00:00,33792.5,33794.65,33719.4,33739.25,33700.0,2021-03-18,2021-03-25,2021-04-01,2021-03-25,2021-04-29,2021-05-27
2021-03-18 14:01:00,33734.95,33778.5,33734.95,33767.95,33800.0,2021-03-18,2021-03-25,2021-04-01,2021-03-25,2021-04-29,2021-05-27
2021-03-18 14:02:00,33768.2,33773.25,33715.6,33735.4,33700.0,2021-03-18,2021-03-25,2021-04-01,2021-03-25,2021-04-29,2021-05-27
2021-03-18 14:03:00,33729.2,33736.95,33694.1,33704.65,33700.0,2021-03-18,2021-03-25,2021-04-01,2021-03-25,2021-04-29,2021-05-27
2021-03-18 14:04:00,33701.6,33726.45,33696.4,33711.15,33700.0,2021-03-18,2021-03-25,2021-04-01,2021-03-25,2021-04-29,2021-05-27
2021-03-18 14:05:00,33707.65,33708.45,33656.2,33663.7,33700.0,2021-03-18,2021-03-25,2021-04-01,2021-03-25,2021-04-29,2021-05-27
2021-03-18 14:06:00,33655.8,33685.05,33655.8,33678.5,33700.0,2021-03-18,2021-03-25,2021-04-01,2021-03-25,2021-04-29,2021-05-27
2021-03-18 14:07:00,33677.7,33731.15,33667.45,33731.15,33700.0,2021-03-18,2021-03-25,2021-04-01,2021-03-25,2021-04-29,2021-05-27
2021-03-18 14:08:00,33747.35,33750.0,33705.55,33739.55,33700.0,2021-03-18,2021-03-25,2021-04-01,2021-03-25,2021-04-29,2021-05-27
2021-03-18 14:09:00,33737.4,33800.0,33737.4,33771.1,33800.0,2021-03-18,2021-03-25,2021-04-01,2021-03-25,2021-04-29,2021-05-27
2021-03-18 14:10:00,33763.7,33785.2,33756.6,33757.45,33800.0,2021-03-18,2021-03-25,2021-04-01,2021-03-25,2021-04-29,2021-05-27
2021-03-18 14:11:00,33753.65,33759.15,33728.7,33728.7,33700.0,2021-03-18,2021-03-25,2021-04-01,2021-03-25,2021-04-29,2021-05-27
2021-03-18 14:12:00,33720.55,33731.5,33665.45,33669.7,33700.0,2021-03-18,2021-03-25,2021-04-01,2021-03-25,2021-04-29,2021-05-27
2021-03-18 14:13:00,33677.45,33695.35,33667.65,33674.85,33700.0,2021-03-18,2021-03-25,2021-04-01,2021-03-25,2021-04-29,2021-05-27
2021-03-18 14:14:00,33682.15,33682.15,33614.5,33637.95,33600.0,2021-03-18,2021-03-25,2021-04-01,2021-03-25,2021-04-29,2021-05-27
2021-03-18 14:15:00,33637.85,33702.25,33637.85,33686.25,33700.0,2021-03-18,2021-03-25,2021-04-01,2021-03-25,2021-04-29,2021-05-27
2021-03-18 14:16:00,33687.1,33687.1,33612.75,33620.7,33600.0,2021-03-18,2021-03-25,2021-04-01,2021-03-25,2021-04-29,2021-05-27
2021-03-18 14:17:00,33612.4,33665.5,33597.55,33646.75,33600.0,2021-03-18,2021-03-25,2021-04-01,2021-03-25,2021-04-29,2021-05-27
2021-03-18 14:18:00,33644.0,33670.5,33641.8,33658.7,33700.0,2021-03-18,2021-03-25,2021-04-01,2021-03-25,2021-04-29,2021-05-27
2021-03-18 14:19:00,33657.2,33673.45,33644.5,33670.3,33700.0,2021-03-18,2021-03-25,2021-04-01,2021-03-25,2021-04-29,2021-05-27
2021-03-18 14:20:00,33667.55,33702.35,33649.25,33702.35,33700.0,2021-03-18,2021-03-25,2021-04-01,2021-03-25,2021-04-29,2021-05-27
2021-03-18 14:21:00,33703.15,33705.95,33655.8,33658.65,33700.0,2021-03-18,2021-03-25,2021-04-01,2021-03-25,2021-04-29,2021-05-27
2021-03-18 14:22:00,33656.95,33659.0,33625.55,33644.75,33600.0,2021-03-18,2021-03-25,2021-04-01,2021-03-25,2021-04-29,2021-05-27
2021-03-18 14:23:00,33637.6,33644.35,33612.6,33644.35,33600.0,2021-03-18,2021-03-25,2021-04-01,2021-03-25,2021-04-29,2021-05-27
2021-03-18 14:24:00,33645.65,33708.5,33642.25,33690.25,33700.0,2021-03-18,2021-03-25,2021-04-01,2021-03-25,2021-04-29,2021-05-27
2021-03-18 14:25:00,33689.6,33757.5,33683.15,33736.95,33700.0,2021-03-18,2021-03-25,2021-04-01,2021-03-25,2021-04-29,2021-05-27
2021-03-18 14:26:00,33736.9,33736.9,33684.95,33717.45,33700.0,2021-03-18,2021-03-25,2021-04-01,2021-03-25,2021-04-29,2021-05-27
2021-03-18 14:27:00,33712.35,33736.05,33700.4,33722.65,33700.0,2021-03-18,2021-03-25,2021-04-01,2021-03-25,2021-04-29,2021-05-27
2021-03-18 14:28:00,33713.0,33731.05,33699.0,33714.6,33700.0,2021-03-18,2021-03-25,2021-04-01,2021-03-25,2021-04-29,2021-05-27
2021-03-18 14:29:00,33713.85,33734.0,33694.35,33723.55,33700.0,2021-03-18,2021-03-25,2021-04-01,2021-03-25,2021-04-29,2021-05-27
2021-03-18 14:30:00,33725.85,33803.2,33712.95,33788.8,33800.0,2021-03-18,2021-03-25,2021-04-01,2021-03-25,2021-04-29,2021-05-27
2021-03-18 14:31:00,33788.35,33798.0,33757.75,33797.55,33800.0,2021-03-18,2021-03-25,2021-04-01,2021-03-25,2021-04-29,2021-05-27
2021-03-18 14:32:00,33800.35,33845.25,33800.35,33840.65,33800.0,2021-03-18,2021-03-25,2021-04-01,2021-03-25,2021-04-29,2021-05-27
2021-03-18 14:33:00,33836.8,33837.4,33815.8,33815.8,33800.0,2021-03-18,2021-03-25,2021-04-01,2021-03-25,2021-04-29,2021-05-27
2021-03-18 14:34:00,33817.7,33829.1,33764.85,33764.85,33800.0,2021-03-18,2021-03-25,2021-04-01,2021-03-25,2021-04-29,2021-05-27
2021-03-18 14:35:00,33767.8,33807.45,33766.0,33783.15,33800.0,2021-03-18,2021-03-25,2021-04-01,2021-03-25,2021-04-29,2021-05-27
2021-03-18 14:36:00,33783.7,33805.55,33776.5,33805.55,33800.0,2021-03-18,2021-03-25,2021-04-01,2021-03-25,2021-04-29,2021-05-27
2021-03-18 14:37:00,33804.75,33837.3,33804.75,33826.6,33800.0,2021-03-18,2021-03-25,2021-04-01,2021-03-25,2021-04-29,2021-05-27
2021-03-18 14:38:00,33834.15,33881.4,33834.15,33871.65,33900.0,2021-03-18,2021-03-25,2021-04-01,2021-03-25,2021-04-29,2021-05-27
2021-03-18 14:39:00,33874.0,33875.35,33829.7,33836.75,33800.0,2021-03-18,2021-03-25,2021-04-01,2021-03-25,2021-04-29,2021-05-27
2021-03-18 14:40:00,33836.7,33896.35,33811.7,33896.35,33900.0,2021-03-18,2021-03-25,2021-04-01,2021-03-25,2021-04-29,2021-05-27
2021-03-18 14:41:00,33899.9,33917.5,33849.65,33865.25,33900.0,2021-03-18,2021-03-25,2021-04-01,2021-03-25,2021-04-29,2021-05-27
2021-03-18 14:42:00,33861.15,33864.15,33817.55,33817.55,33800.0,2021-03-18,2021-03-25,2021-04-01,2021-03-25,2021-04-29,2021-05-27
2021-03-18 14:43:00,33816.35,33816.35,33755.85,33755.85,33800.0,2021-03-18,2021-03-25,2021-04-01,2021-03-25,2021-04-29,2021-05-27
2021-03-18 14:44:00,33749.3,33757.9,33712.15,33737.1,33700.0,2021-03-18,2021-03-25,2021-04-01,2021-03-25,2021-04-29,2021-05-27
2021-03-18 14:45:00,33736.35,33738.8,33693.45,33725.45,33700.0,2021-03-18,2021-03-25,2021-04-01,2021-03-25,2021-04-29,2021-05-27
2021-03-18 14:46:00,33724.7,33738.9,33707.85,33738.9,33700.0,2021-03-18,2021-03-25,2021-04-01,2021-03-25,2021-04-29,2021-05-27
2021-03-18 14:47:00,33738.2,33766.9,33712.7,33748.65,33700.0,2021-03-18,2021-03-25,2021-04-01,2021-03-25,2021-04-29,2021-05-27
2021-03-18 14:48:00,33744.9,33806.35,33739.8,33800.25,33800.0,2021-03-18,2021-03-25,2021-04-01,2021-03-25,2021-04-29,2021-05-27
2021-03-18 14:49:00,33796.55,33800.7,33765.7,33781.75,33800.0,2021-03-18,2021-03-25,2021-04-01,2021-03-25,2021-04-29,2021-05-27
2021-03-18 14:50:00,33782.15,33827.1,33781.95,33800.35,33800.0,2021-03-18,2021-03-25,2021-04-01,2021-03-25,2021-04-29,2021-05-27
2021-03-18 14:51:00,33802.35,33802.95,33768.05,33789.6,33800.0,2021-03-18,2021-03-25,2021-04-01,2021-03-25,2021-04-29,2021-05-27
2021-03-18 14:52:00,33787.65,33821.35,33779.25,33812.75,33800.0,2021-03-18,2021-03-25,2021-04-01,2021-03-25,2021-04-29,2021-05-27
2021-03-18 14:53:00,33810.95,33812.25,33780.3,33798.3,33800.0,2021-03-18,2021-03-25,2021-04-01,2021-03-25,2021-04-29,2021-05-27
2021-03-18 14:54:00,33798.2,33804.1,33772.8,33799.55,33800.0,2021-03-18,2021-03-25,2021-04-01,2021-03-25,2021-04-29,2021-05-27
2021-03-18 14:55:00,33800.05,33810.5,33774.25,33800.75,33800.0,2021-03-18,2021-03-25,2021-04-01,2021-03-25,2021-04-29,2021-05-27
2021-03-18 14:56:00,33799.65,33828.65,33792.2,33817.55,33800.0,2021-03-18,2021-03-25,2021-04-01,2021-03-25,2021-04-29,2021-05-27
2021-03-18 14:57:00,33818.0,33818.25,33767.75,33771.35,33800.0,2021-03-18,2021-03-25,2021-04-01,2021-03-25,2021-04-29,2021-05-27
2021-03-18 14:58:00,33772.95,33792.4,33768.85,33776.25,33800.0,2021-03-18,2021-03-25,2021-04-01,2021-03-25,2021-04-29,2021-05-27
2021-03-18 14:59:00,33775.05,33806.95,33771.15,33788.1,33800.0,2021-03-18,2021-03-25,2021-04-01,2021-03-25,2021-04-29,2021-05-27
2021-03-18 15:00:00,33784.65,33793.3,33740.95,33741.25,33700.0,2021-03-18,2021-03-25,2021-04-01,2021-03-25,2021-04-29,2021-05-27
2021-03-18 15:01:00,33737.0,33737.0,33665.35,33687.4,33700.0,2021-03-18,2021-03-25,2021-04-01,2021-03-25,2021-04-29,2021-05-27
2021-03-18 15:02:00,33685.0,33726.35,33653.5,33726.3,33700.0,2021-03-18,2021-03-25,2021-04-01,2021-03-25,2021-04-29,2021-05-27
2021-03-18 15:03:00,33727.1,33794.2,33724.95,33781.6,33800.0,2021-03-18,2021-03-25,2021-04-01,2021-03-25,2021-04-29,2021-05-27
2021-03-18 15:04:00,33782.45,33784.8,33728.4,33756.45,33800.0,2021-03-18,2021-03-25,2021-04-01,2021-03-25,2021-04-29,2021-05-27
2021-03-18 15:05:00,33752.35,33752.35,33687.95,33740.9,33700.0,2021-03-18,2021-03-25,2021-04-01,2021-03-25,2021-04-29,2021-05-27
2021-03-18 15:06:00,33742.9,33766.55,33735.2,33765.95,33800.0,2021-03-18,2021-03-25,2021-04-01,2021-03-25,2021-04-29,2021-05-27
2021-03-18 15:07:00,33767.85,33781.7,33767.85,33781.7,33800.0,2021-03-18,2021-03-25,2021-04-01,2021-03-25,2021-04-29,2021-05-27
2021-03-18 15:08:00,33782.0,33818.95,33780.6,33797.1,33800.0,2021-03-18,2021-03-25,2021-04-01,2021-03-25,2021-04-29,2021-05-27
2021-03-18 15:09:00,33798.4,33807.6,33795.5,33796.0,33800.0,2021-03-18,2021-03-25,2021-04-01,2021-03-25,2021-04-29,2021-05-27
2021-03-18 15:10:00,33796.6,33855.0,33794.0,33852.75,33900.0,2021-03-18,2021-03-25,2021-04-01,2021-03-25,2021-04-29,2021-05-27
2021-03-18 15:11:00,33848.5,33896.55,33841.2,33894.75,33900.0,2021-03-18,2021-03-25,2021-04-01,2021-03-25,2021-04-29,2021-05-27
2021-03-18 15:12:00,33897.2,33953.75,33897.2,33908.75,33900.0,2021-03-18,2021-03-25,2021-04-01,2021-03-25,2021-04-29,2021-05-27
2021-03-18 15:13:00,33918.2,33925.35,33866.85,33925.35,33900.0,2021-03-18,2021-03-25,2021-04-01,2021-03-25,2021-04-29,2021-05-27
2021-03-18 15:14:00,33925.6,33930.7,33910.1,33928.15,33900.0,2021-03-18,2021-03-25,2021-04-01,2021-03-25,2021-04-29,2021-05-27
2021-03-18 15:15:00,33937.0,33940.4,33922.85,33931.0,33900.0,2021-03-18,2021-03-25,2021-04-01,2021-03-25,2021-04-29,2021-05-27
2021-03-18 15:16:00,33922.15,33928.4,33872.25,33893.45,33900.0,2021-03-18,2021-03-25,2021-04-01,2021-03-25,2021-04-29,2021-05-27
2021-03-18 15:17:00,33894.3,33896.1,33877.65,33890.45,33900.0,2021-03-18,2021-03-25,2021-04-01,2021-03-25,2021-04-29,2021-05-27
2021-03-18 15:18:00,33889.2,33904.3,33881.6,33900.35,33900.0,2021-03-18,2021-03-25,2021-04-01,2021-03-25,2021-04-29,2021-05-27
2021-03-18 15:19:00,33901.2,33941.25,33901.2,33934.15,33900.0,2021-03-18,2021-03-25,2021-04-01,2021-03-25,2021-04-29,2021-05-27
2021-03-18 15:20:00,33932.75,33938.85,33883.3,33895.55,33900.0,2021-03-18,2021-03-25,2021-04-01,2021-03-25,2021-04-29,2021-05-27
2021-03-18 15:21:00,33908.6,33928.0,33867.6,33895.35,33900.0,2021-03-18,2021-03-25,2021-04-01,2021-03-25,2021-04-29,2021-05-27
2021-03-18 15:22:00,33896.0,33896.0,33870.05,33872.4,33900.0,2021-03-18,2021-03-25,2021-04-01,2021-03-25,2021-04-29,2021-05-27
2021-03-18 15:23:00,33874.9,33880.5,33867.3,33874.5,33900.0,2021-03-18,2021-03-25,2021-04-01,2021-03-25,2021-04-29,2021-05-27
2021-03-18 15:24:00,33872.8,33892.15,33872.8,33878.2,33900.0,2021-03-18,2021-03-25,2021-04-01,2021-03-25,2021-04-29,2021-05-27
2021-03-18 15:25:00,33876.15,33876.15,33855.7,33862.1,33900.0,2021-03-18,2021-03-25,2021-04-01,2021-03-25,2021-04-29,2021-05-27
2021-03-18 15:26:00,33861.75,33878.85,33854.8,33878.3,33900.0,2021-03-18,2021-03-25,2021-04-01,2021-03-25,2021-04-29,2021-05-27
2021-03-18 15:27:00,33877.25,33901.65,33871.25,33895.9,33900.0,2021-03-18,2021-03-25,2021-04-01,2021-03-25,2021-04-29,2021-05-27
2021-03-18 15:28:00,33893.35,33917.75,33892.9,33916.35,33900.0,2021-03-18,2021-03-25,2021-04-01,2021-03-25,2021-04-29,2021-05-27
2021-03-18 15:29:00,33925.2,33932.9,33908.1,33909.85,33900.0,2021-03-18,2021-03-25,2021-04-01,2021-03-25,2021-04-29,2021-05-27
