date,final_close,final_CEentryPrice,final_CEhitstatus,final_CE_maxMTM,final_CE_minMTM,final_CE_PnL,final_PEentryPrice,final_PEhitstatus,final_PE_maxMTM,final_PE_minMTM,final_PE_PnL,finalTotal_PnL
2020-01-01,32131.35,32131.35,32131.35,32131.35,32131.35,32131.35,32131.35,32131.35,32131.35,32131.35,32131.35,32131.35
2020-01-02,32438.25,32438.25,32438.25,32438.25,32438.25,32438.25,32438.25,32438.25,32438.25,32438.25,32438.25,32438.25
2020-01-03,32084.7,32084.7,32084.7,32084.7,32084.7,32084.7,32084.7,32084.7,32084.7,32084.7,32084.7,32084.7
2020-01-06,31228.7,31228.7,31228.7,31228.7,31228.7,31228.7,31228.7,31228.7,31228.7,31228.7,31228.7,31228.7
2020-01-07,31404.65,31404.65,31404.65,31404.65,31404.65,31404.65,31404.65,31404.65,31404.65,31404.65,31404.65,31404.65
2020-01-08,31349.15,31349.15,31349.15,31349.15,31349.15,31349.15,31349.15,31349.15,31349.15,31349.15,31349.15,31349.15
2020-01-09,32071.55,32071.55,32071.55,32071.55,32071.55,32071.55,32071.55,32071.55,32071.55,32071.55,32071.55,32071.55
2020-01-10,32084.65,32084.65,32084.65,32084.65,32084.65,32084.65,32084.65,32084.65,32084.65,32084.65,32084.65,32084.65
2020-01-13,32198.55,32198.55,32198.55,32198.55,32198.55,32198.55,32198.55,32198.55,32198.55,32198.55,32198.55,32198.55
2020-01-14,32061.45,32061.45,32061.45,32061.45,32061.45,32061.45,32061.45,32061.45,32061.45,32061.45,32061.45,32061.45
2020-01-15,31833.45,31833.45,31833.45,31833.45,31833.45,31833.45,31833.45,31833.45,31833.45,31833.45,31833.45,31833.45
2020-01-16,31848.25,31848.25,31848.25,31848.25,31848.25,31848.25,31848.25,31848.25,31848.25,31848.25,31848.25,31848.25
2020-01-17,31556.15,31556.15,31556.15,31556.15,31556.15,31556.15,31556.15,31556.15,31556.15,31556.15,31556.15,31556.15
2020-01-20,31096.35,31096.35,31096.35,31096.35,31096.35,31096.35,31096.35,31096.35,31096.35,31096.35,31096.35,31096.35
2020-01-21,30956.55,30956.55,30956.55,30956.55,30956.55,30956.55,30956.55,30956.55,30956.55,30956.55,30956.55,30956.55
2020-01-22,30686.05,30686.05,30686.05,30686.05,30686.05,30686.05,30686.05,30686.05,30686.05,30686.05,30686.05,30686.05
2020-01-23,31014.7,31014.7,31014.7,31014.7,31014.7,31014.7,31014.7,31014.7,31014.7,31014.7,31014.7,31014.7
2020-01-24,31271.7,31271.7,31271.7,31271.7,31271.7,31271.7,31271.7,31271.7,31271.7,31271.7,31271.7,31271.7
2020-01-27,30819.2,30819.2,30819.2,30819.2,30819.2,30819.2,30819.2,30819.2,30819.2,30819.2,30819.2,30819.2
2020-01-28,30767.05,30767.05,30767.05,30767.05,30767.05,30767.05,30767.05,30767.05,30767.05,30767.05,30767.05,30767.05
2020-01-29,30880.85,30880.85,30880.85,30880.85,30880.85,30880.85,30880.85,30880.85,30880.85,30880.85,30880.85,30880.85
2020-01-30,30638.75,30638.75,30638.75,30638.75,30638.75,30638.75,30638.75,30638.75,30638.75,30638.75,30638.75,30638.75
2020-01-31,30813.9,30813.9,30813.9,30813.9,30813.9,30813.9,30813.9,30813.9,30813.9,30813.9,30813.9,30813.9
2020-02-01,29809.6,29809.6,29809.6,29809.6,29809.6,29809.6,29809.6,29809.6,29809.6,29809.6,29809.6,29809.6
2020-02-03,30049.5,30049.5,30049.5,30049.5,30049.5,30049.5,30049.5,30049.5,30049.5,30049.5,30049.5,30049.5
2020-02-04,30678.85,30678.85,30678.85,30678.85,30678.85,30678.85,30678.85,30678.85,30678.85,30678.85,30678.85,30678.85
2020-02-05,31023.1,31023.1,31023.1,31023.1,31023.1,31023.1,31023.1,31023.1,31023.1,31023.1,31023.1,31023.1
2020-02-06,31286.7,31286.7,31286.7,31286.7,31286.7,31286.7,31286.7,31286.7,31286.7,31286.7,31286.7,31286.7
2020-02-07,31158.25,31158.25,31158.25,31158.25,31158.25,31158.25,31158.25,31158.25,31158.25,31158.25,31158.25,31158.25
2020-02-10,31075.7,31075.7,31075.7,31075.7,31075.7,31075.7,31075.7,31075.7,31075.7,31075.7,31075.7,31075.7
2020-02-11,31292.65,31292.65,31292.65,31292.65,31292.65,31292.65,31292.65,31292.65,31292.65,31292.65,31292.65,31292.65
2020-02-12,31484.1,31484.1,31484.1,31484.1,31484.1,31484.1,31484.1,31484.1,31484.1,31484.1,31484.1,31484.1
2020-02-13,31200.05,31200.05,31200.05,31200.05,31200.05,31200.05,31200.05,31200.05,31200.05,31200.05,31200.05,31200.05
2020-02-14,30858.7,30858.7,30858.7,30858.7,30858.7,30858.7,30858.7,30858.7,30858.7,30858.7,30858.7,30858.7
2020-02-17,30710.75,30710.75,30710.75,30710.75,30710.75,30710.75,30710.75,30710.75,30710.75,30710.75,30710.75,30710.75
2020-02-18,30606.5,30606.5,30606.5,30606.5,30606.5,30606.5,30606.5,30606.5,30606.5,30606.5,30606.5,30606.5
2020-02-19,30842.05,30842.05,30842.05,30842.05,30842.05,30842.05,30842.05,30842.05,30842.05,30842.05,30842.05,30842.05
2020-02-20,30944.05,30944.05,30944.05,30944.05,30944.05,30944.05,30944.05,30944.05,30944.05,30944.05,30944.05,30944.05
2020-02-24,30471.45,30471.45,30471.45,30471.45,30471.45,30471.45,30471.45,30471.45,30471.45,30471.45,30471.45,30471.45
2020-02-25,30468.3,30468.3,30468.3,30468.3,30468.3,30468.3,30468.3,30468.3,30468.3,30468.3,30468.3,30468.3
2020-02-26,30329.45,30329.45,30329.45,30329.45,30329.45,30329.45,30329.45,30329.45,30329.45,30329.45,30329.45,30329.45
2020-02-27,30165.0,30165.0,30165.0,30165.0,30165.0,30165.0,30165.0,30165.0,30165.0,30165.0,30165.0,30165.0
2020-02-28,29204.75,29204.75,29204.75,29204.75,29204.75,29204.75,29204.75,29204.75,29204.75,29204.75,29204.75,29204.75
2020-03-02,28921.95,28921.95,28921.95,28921.95,28921.95,28921.95,28921.95,28921.95,28921.95,28921.95,28921.95,28921.95
2020-03-03,29244.4,29244.4,29244.4,29244.4,29244.4,29244.4,29244.4,29244.4,29244.4,29244.4,29244.4,29244.4
2020-03-04,28671.55,28671.55,28671.55,28671.55,28671.55,28671.55,28671.55,28671.55,28671.55,28671.55,28671.55,28671.55
2020-03-05,28778.0,28778.0,28778.0,28778.0,28778.0,28778.0,28778.0,28778.0,28778.0,28778.0,28778.0,28778.0
2020-03-09,26470.2,26470.2,26470.2,26470.2,26470.2,26470.2,26470.2,26470.2,26470.2,26470.2,26470.2,26470.2
2020-03-11,26440.7,26440.7,26440.7,26440.7,26440.7,26440.7,26440.7,26440.7,26440.7,26440.7,26440.7,26440.7
2020-03-16,23078.95,23078.95,23078.95,23078.95,23078.95,23078.95,23078.95,23078.95,23078.95,23078.95,23078.95,23078.95
2020-03-17,22114.05,22114.05,22114.05,22114.05,22114.05,22114.05,22114.05,22114.05,22114.05,22114.05,22114.05,22114.05
2020-03-18,20853.8,20853.8,20853.8,20853.8,20853.8,20853.8,20853.8,20853.8,20853.8,20853.8,20853.8,20853.8
2020-03-19,20044.6,20044.6,20044.6,20044.6,20044.6,20044.6,20044.6,20044.6,20044.6,20044.6,20044.6,20044.6
2020-03-20,20274.55,20274.55,20274.55,20274.55,20274.55,20274.55,20274.55,20274.55,20274.55,20274.55,20274.55,20274.55
2020-03-23,17018.35,17018.35,17018.35,17018.35,17018.35,17018.35,17018.35,17018.35,17018.35,17018.35,17018.35,17018.35
2020-03-24,17282.75,17282.75,17282.75,17282.75,17282.75,17282.75,17282.75,17282.75,17282.75,17282.75,17282.75,17282.75
2020-03-25,18549.05,18549.05,18549.05,18549.05,18549.05,18549.05,18549.05,18549.05,18549.05,18549.05,18549.05,18549.05
2020-03-26,19656.5,19656.5,19656.5,19656.5,19656.5,19656.5,19656.5,19656.5,19656.5,19656.5,19656.5,19656.5
2020-03-27,19911.0,19911.0,19911.0,19911.0,19911.0,19911.0,19911.0,19911.0,19911.0,19911.0,19911.0,19911.0
2020-03-30,18759.7,18759.7,18759.7,18759.7,18759.7,18759.7,18759.7,18759.7,18759.7,18759.7,18759.7,18759.7
2020-03-31,19054.0,19054.0,19054.0,19054.0,19054.0,19054.0,19054.0,19054.0,19054.0,19054.0,19054.0,19054.0
2020-04-01,18202.5,18202.5,18202.5,18202.5,18202.5,18202.5,18202.5,18202.5,18202.5,18202.5,18202.5,18202.5
2020-04-03,17302.35,17302.35,17302.35,17302.35,17302.35,17302.35,17302.35,17302.35,17302.35,17302.35,17302.35,17302.35
2020-04-07,19055.45,19055.45,19055.45,19055.45,19055.45,19055.45,19055.45,19055.45,19055.45,19055.45,19055.45,19055.45
2020-04-08,18936.2,18936.2,18936.2,18936.2,18936.2,18936.2,18936.2,18936.2,18936.2,18936.2,18936.2,18936.2
2020-04-09,19864.1,19864.1,19864.1,19864.1,19864.1,19864.1,19864.1,19864.1,19864.1,19864.1,19864.1,19864.1
2020-04-13,19534.95,19534.95,19534.95,19534.95,19534.95,19534.95,19534.95,19534.95,19534.95,19534.95,19534.95,19534.95
2020-04-15,19120.9,19120.9,19120.9,19120.9,19120.9,19120.9,19120.9,19120.9,19120.9,19120.9,19120.9,19120.9
2020-04-16,19485.2,19485.2,19485.2,19485.2,19485.2,19485.2,19485.2,19485.2,19485.2,19485.2,19485.2,19485.2
2020-04-17,20749.25,20749.25,20749.25,20749.25,20749.25,20749.25,20749.25,20749.25,20749.25,20749.25,20749.25,20749.25
2020-04-20,20494.65,20494.65,20494.65,20494.65,20494.65,20494.65,20494.65,20494.65,20494.65,20494.65,20494.65,20494.65
2020-04-21,19359.25,19359.25,19359.25,19359.25,19359.25,19359.25,19359.25,19359.25,19359.25,19359.25,19359.25,19359.25
2020-04-22,19745.2,19745.2,19745.2,19745.2,19745.2,19745.2,19745.2,19745.2,19745.2,19745.2,19745.2,19745.2
2020-04-23,20203.7,20203.7,20203.7,20203.7,20203.7,20203.7,20203.7,20203.7,20203.7,20203.7,20203.7,20203.7
2020-04-24,19637.9,19637.9,19637.9,19637.9,19637.9,19637.9,19637.9,19637.9,19637.9,19637.9,19637.9,19637.9
2020-04-27,20073.1,20073.1,20073.1,20073.1,20073.1,20073.1,20073.1,20073.1,20073.1,20073.1,20073.1,20073.1
2020-04-28,20739.85,20739.85,20739.85,20739.85,20739.85,20739.85,20739.85,20739.85,20739.85,20739.85,20739.85,20739.85
2020-04-29,20982.65,20982.65,20982.65,20982.65,20982.65,20982.65,20982.65,20982.65,20982.65,20982.65,20982.65,20982.65
2020-04-30,21481.65,21481.65,21481.65,21481.65,21481.65,21481.65,21481.65,21481.65,21481.65,21481.65,21481.65,21481.65
2020-05-04,19813.25,19813.25,19813.25,19813.25,19813.25,19813.25,19813.25,19813.25,19813.25,19813.25,19813.25,19813.25
2020-05-05,19334.85,19334.85,19334.85,19334.85,19334.85,19334.85,19334.85,19334.85,19334.85,19334.85,19334.85,19334.85
2020-05-06,19762.3,19762.3,19762.3,19762.3,19762.3,19762.3,19762.3,19762.3,19762.3,19762.3,19762.3,19762.3
2020-05-07,19533.0,19533.0,19533.0,19533.0,19533.0,19533.0,19533.0,19533.0,19533.0,19533.0,19533.0,19533.0
2020-05-08,19360.7,19360.7,19360.7,19360.7,19360.7,19360.7,19360.7,19360.7,19360.7,19360.7,19360.7,19360.7
2020-05-11,18974.05,18974.05,18974.05,18974.05,18974.05,18974.05,18974.05,18974.05,18974.05,18974.05,18974.05,18974.05
2020-05-12,18893.4,18893.4,18893.4,18893.4,18893.4,18893.4,18893.4,18893.4,18893.4,18893.4,18893.4,18893.4
2020-05-13,19656.8,19656.8,19656.8,19656.8,19656.8,19656.8,19656.8,19656.8,19656.8,19656.8,19656.8,19656.8
2020-05-14,19096.5,19096.5,19096.5,19096.5,19096.5,19096.5,19096.5,19096.5,19096.5,19096.5,19096.5,19096.5
2020-05-15,18821.2,18821.2,18821.2,18821.2,18821.2,18821.2,18821.2,18821.2,18821.2,18821.2,18821.2,18821.2
2020-05-18,17647.4,17647.4,17647.4,17647.4,17647.4,17647.4,17647.4,17647.4,17647.4,17647.4,17647.4,17647.4
2020-05-19,17522.85,17522.85,17522.85,17522.85,17522.85,17522.85,17522.85,17522.85,17522.85,17522.85,17522.85,17522.85
2020-05-20,17934.0,17934.0,17934.0,17934.0,17934.0,17934.0,17934.0,17934.0,17934.0,17934.0,17934.0,17934.0
2020-05-21,17744.2,17744.2,17744.2,17744.2,17744.2,17744.2,17744.2,17744.2,17744.2,17744.2,17744.2,17744.2
2020-05-22,17352.15,17352.15,17352.15,17352.15,17352.15,17352.15,17352.15,17352.15,17352.15,17352.15,17352.15,17352.15
2020-05-26,17506.5,17506.5,17506.5,17506.5,17506.5,17506.5,17506.5,17506.5,17506.5,17506.5,17506.5,17506.5
2020-05-27,18713.6,18713.6,18713.6,18713.6,18713.6,18713.6,18713.6,18713.6,18713.6,18713.6,18713.6,18713.6
2020-05-28,19150.9,19150.9,19150.9,19150.9,19150.9,19150.9,19150.9,19150.9,19150.9,19150.9,19150.9,19150.9
2020-05-29,19212.8,19212.8,19212.8,19212.8,19212.8,19212.8,19212.8,19212.8,19212.8,19212.8,19212.8,19212.8
2020-06-01,19909.9,19909.9,19909.9,19909.9,19909.9,19909.9,19909.9,19909.9,19909.9,19909.9,19909.9,19909.9
2020-06-02,20610.4,20610.4,20610.4,20610.4,20610.4,20610.4,20610.4,20610.4,20610.4,20610.4,20610.4,20610.4
2020-06-03,20918.6,20918.6,20918.6,20918.6,20918.6,20918.6,20918.6,20918.6,20918.6,20918.6,20918.6,20918.6
2020-06-05,21178.7,21178.7,21178.7,21178.7,21178.7,21178.7,21178.7,21178.7,21178.7,21178.7,21178.7,21178.7
2020-06-08,21226.25,21226.25,21226.25,21226.25,21226.25,21226.25,21226.25,21226.25,21226.25,21226.25,21226.25,21226.25
2020-06-09,20651.85,20651.85,20651.85,20651.85,20651.85,20651.85,20651.85,20651.85,20651.85,20651.85,20651.85,20651.85
2020-06-10,21240.25,21240.25,21240.25,21240.25,21240.25,21240.25,21240.25,21240.25,21240.25,21240.25,21240.25,21240.25
2020-06-11,20539.2,20539.2,20539.2,20539.2,20539.2,20539.2,20539.2,20539.2,20539.2,20539.2,20539.2,20539.2
2020-06-12,20589.6,20589.6,20589.6,20589.6,20589.6,20589.6,20589.6,20589.6,20589.6,20589.6,20589.6,20589.6
2020-06-15,19926.5,19926.5,19926.5,19926.5,19926.5,19926.5,19926.5,19926.5,19926.5,19926.5,19926.5,19926.5
2020-06-16,20245.4,20245.4,20245.4,20245.4,20245.4,20245.4,20245.4,20245.4,20245.4,20245.4,20245.4,20245.4
2020-06-17,20197.6,20197.6,20197.6,20197.6,20197.6,20197.6,20197.6,20197.6,20197.6,20197.6,20197.6,20197.6
2020-06-18,20919.7,20919.7,20919.7,20919.7,20919.7,20919.7,20919.7,20919.7,20919.7,20919.7,20919.7,20919.7
2020-06-19,21344.25,21344.25,21344.25,21344.25,21344.25,21344.25,21344.25,21344.25,21344.25,21344.25,21344.25,21344.25
2020-06-22,21737.75,21737.75,21737.75,21737.75,21737.75,21737.75,21737.75,21737.75,21737.75,21737.75,21737.75,21737.75
2020-06-23,22318.95,22318.95,22318.95,22318.95,22318.95,22318.95,22318.95,22318.95,22318.95,22318.95,22318.95,22318.95
2020-06-24,21457.85,21457.85,21457.85,21457.85,21457.85,21457.85,21457.85,21457.85,21457.85,21457.85,21457.85,21457.85
2020-06-25,21504.75,21504.75,21504.75,21504.75,21504.75,21504.75,21504.75,21504.75,21504.75,21504.75,21504.75,21504.75
2020-06-26,21660.8,21660.8,21660.8,21660.8,21660.8,21660.8,21660.8,21660.8,21660.8,21660.8,21660.8,21660.8
2020-06-29,21368.35,21368.35,21368.35,21368.35,21368.35,21368.35,21368.35,21368.35,21368.35,21368.35,21368.35,21368.35
2020-06-30,21376.2,21376.2,21376.2,21376.2,21376.2,21376.2,21376.2,21376.2,21376.2,21376.2,21376.2,21376.2
2020-07-01,21891.55,21891.55,21891.55,21891.55,21891.55,21891.55,21891.55,21891.55,21891.55,21891.55,21891.55,21891.55
2020-07-02,21990.15,21990.15,21990.15,21990.15,21990.15,21990.15,21990.15,21990.15,21990.15,21990.15,21990.15,21990.15
2020-07-03,21856.2,21856.2,21856.2,21856.2,21856.2,21856.2,21856.2,21856.2,21856.2,21856.2,21856.2,21856.2
2020-07-06,22201.15,22201.15,22201.15,22201.15,22201.15,22201.15,22201.15,22201.15,22201.15,22201.15,22201.15,22201.15
2020-07-07,22567.7,22567.7,22567.7,22567.7,22567.7,22567.7,22567.7,22567.7,22567.7,22567.7,22567.7,22567.7
2020-07-08,22568.9,22568.9,22568.9,22568.9,22568.9,22568.9,22568.9,22568.9,22568.9,22568.9,22568.9,22568.9
2020-07-09,22954.05,22954.05,22954.05,22954.05,22954.05,22954.05,22954.05,22954.05,22954.05,22954.05,22954.05,22954.05
2020-07-10,22411.3,22411.3,22411.3,22411.3,22411.3,22411.3,22411.3,22411.3,22411.3,22411.3,22411.3,22411.3
2020-07-13,22118.55,22118.55,22118.55,22118.55,22118.55,22118.55,22118.55,22118.55,22118.55,22118.55,22118.55,22118.55
2020-07-14,21419.1,21419.1,21419.1,21419.1,21419.1,21419.1,21419.1,21419.1,21419.1,21419.1,21419.1,21419.1
2020-07-15,21413.15,21413.15,21413.15,21413.15,21413.15,21413.15,21413.15,21413.15,21413.15,21413.15,21413.15,21413.15
2020-07-16,21551.7,21551.7,21551.7,21551.7,21551.7,21551.7,21551.7,21551.7,21551.7,21551.7,21551.7,21551.7
2020-07-17,22065.0,22065.0,22065.0,22065.0,22065.0,22065.0,22065.0,22065.0,22065.0,22065.0,22065.0,22065.0
2020-07-20,22281.7,22281.7,22281.7,22281.7,22281.7,22281.7,22281.7,22281.7,22281.7,22281.7,22281.7,22281.7
2020-07-21,22801.4,22801.4,22801.4,22801.4,22801.4,22801.4,22801.4,22801.4,22801.4,22801.4,22801.4,22801.4
2020-07-22,22883.4,22883.4,22883.4,22883.4,22883.4,22883.4,22883.4,22883.4,22883.4,22883.4,22883.4,22883.4
2020-07-23,23104.45,23104.45,23104.45,23104.45,23104.45,23104.45,23104.45,23104.45,23104.45,23104.45,23104.45,23104.45
2020-07-24,22675.15,22675.15,22675.15,22675.15,22675.15,22675.15,22675.15,22675.15,22675.15,22675.15,22675.15,22675.15
2020-07-27,21857.6,21857.6,21857.6,21857.6,21857.6,21857.6,21857.6,21857.6,21857.6,21857.6,21857.6,21857.6
2020-07-28,22082.9,22082.9,22082.9,22082.9,22082.9,22082.9,22082.9,22082.9,22082.9,22082.9,22082.9,22082.9
2020-07-29,22066.35,22066.35,22066.35,22066.35,22066.35,22066.35,22066.35,22066.35,22066.35,22066.35,22066.35,22066.35
2020-07-30,21649.05,21649.05,21649.05,21649.05,21649.05,21649.05,21649.05,21649.05,21649.05,21649.05,21649.05,21649.05
2020-07-31,21652.4,21652.4,21652.4,21652.4,21652.4,21652.4,21652.4,21652.4,21652.4,21652.4,21652.4,21652.4
2020-08-03,21135.35,21135.35,21135.35,21135.35,21135.35,21135.35,21135.35,21135.35,21135.35,21135.35,21135.35,21135.35
2020-08-04,21487.45,21487.45,21487.45,21487.45,21487.45,21487.45,21487.45,21487.45,21487.45,21487.45,21487.45,21487.45
2020-08-05,21556.3,21556.3,21556.3,21556.3,21556.3,21556.3,21556.3,21556.3,21556.3,21556.3,21556.3,21556.3
2020-08-06,21660.8,21660.8,21660.8,21660.8,21660.8,21660.8,21660.8,21660.8,21660.8,21660.8,21660.8,21660.8
2020-08-07,21760.0,21760.0,21760.0,21760.0,21760.0,21760.0,21760.0,21760.0,21760.0,21760.0,21760.0,21760.0
2020-08-10,21926.6,21926.6,21926.6,21926.6,21926.6,21926.6,21926.6,21926.6,21926.6,21926.6,21926.6,21926.6
2020-08-11,22243.9,22243.9,22243.9,22243.9,22243.9,22243.9,22243.9,22243.9,22243.9,22243.9,22243.9,22243.9
2020-08-12,22239.7,22239.7,22239.7,22239.7,22239.7,22239.7,22239.7,22239.7,22239.7,22239.7,22239.7,22239.7
2020-08-13,22230.85,22230.85,22230.85,22230.85,22230.85,22230.85,22230.85,22230.85,22230.85,22230.85,22230.85,22230.85
2020-08-14,21695.65,21695.65,21695.65,21695.65,21695.65,21695.65,21695.65,21695.65,21695.65,21695.65,21695.65,21695.65
2020-08-17,21755.2,21755.2,21755.2,21755.2,21755.2,21755.2,21755.2,21755.2,21755.2,21755.2,21755.2,21755.2
2020-08-18,22158.65,22158.65,22158.65,22158.65,22158.65,22158.65,22158.65,22158.65,22158.65,22158.65,22158.65,22158.65
2020-08-19,22293.25,22293.25,22293.25,22293.25,22293.25,22293.25,22293.25,22293.25,22293.25,22293.25,22293.25,22293.25
2020-08-20,21978.35,21978.35,21978.35,21978.35,21978.35,21978.35,21978.35,21978.35,21978.35,21978.35,21978.35,21978.35
2020-08-21,22312.65,22312.65,22312.65,22312.65,22312.65,22312.65,22312.65,22312.65,22312.65,22312.65,22312.65,22312.65
2020-08-24,22811.8,22811.8,22811.8,22811.8,22811.8,22811.8,22811.8,22811.8,22811.8,22811.8,22811.8,22811.8
2020-08-25,23102.9,23102.9,23102.9,23102.9,23102.9,23102.9,23102.9,23102.9,23102.9,23102.9,23102.9,23102.9
2020-08-26,23433.85,23433.85,23433.85,23433.85,23433.85,23433.85,23433.85,23433.85,23433.85,23433.85,23433.85,23433.85
2020-08-27,23637.1,23637.1,23637.1,23637.1,23637.1,23637.1,23637.1,23637.1,23637.1,23637.1,23637.1,23637.1
2020-08-28,24588.95,24588.95,24588.95,24588.95,24588.95,24588.95,24588.95,24588.95,24588.95,24588.95,24588.95,24588.95
2020-08-31,23666.6,23666.6,23666.6,23666.6,23666.6,23666.6,23666.6,23666.6,23666.6,23666.6,23666.6,23666.6
2020-09-01,23858.3,23858.3,23858.3,23858.3,23858.3,23858.3,23858.3,23858.3,23858.3,23858.3,23858.3,23858.3
2020-09-02,23875.05,23875.05,23875.05,23875.05,23875.05,23875.05,23875.05,23875.05,23875.05,23875.05,23875.05,23875.05
2020-09-03,23575.65,23575.65,23575.65,23575.65,23575.65,23575.65,23575.65,23575.65,23575.65,23575.65,23575.65,23575.65
2020-09-04,23077.8,23077.8,23077.8,23077.8,23077.8,23077.8,23077.8,23077.8,23077.8,23077.8,23077.8,23077.8
2020-09-07,22979.35,22979.35,22979.35,22979.35,22979.35,22979.35,22979.35,22979.35,22979.35,22979.35,22979.35,22979.35
2020-09-08,22664.5,22664.5,22664.5,22664.5,22664.5,22664.5,22664.5,22664.5,22664.5,22664.5,22664.5,22664.5
2020-09-09,22299.85,22299.85,22299.85,22299.85,22299.85,22299.85,22299.85,22299.85,22299.85,22299.85,22299.85,22299.85
2020-09-10,22490.3,22490.3,22490.3,22490.3,22490.3,22490.3,22490.3,22490.3,22490.3,22490.3,22490.3,22490.3
2020-09-11,22517.45,22517.45,22517.45,22517.45,22517.45,22517.45,22517.45,22517.45,22517.45,22517.45,22517.45,22517.45
2020-09-14,22081.15,22081.15,22081.15,22081.15,22081.15,22081.15,22081.15,22081.15,22081.15,22081.15,22081.15,22081.15
2020-09-15,22508.25,22508.25,22508.25,22508.25,22508.25,22508.25,22508.25,22508.25,22508.25,22508.25,22508.25,22508.25
2020-09-16,22545.15,22545.15,22545.15,22545.15,22545.15,22545.15,22545.15,22545.15,22545.15,22545.15,22545.15,22545.15
2020-09-17,22327.3,22327.3,22327.3,22327.3,22327.3,22327.3,22327.3,22327.3,22327.3,22327.3,22327.3,22327.3
2020-09-18,22063.55,22063.55,22063.55,22063.55,22063.55,22063.55,22063.55,22063.55,22063.55,22063.55,22063.55,22063.55
2020-09-21,21290.1,21290.1,21290.1,21290.1,21290.1,21290.1,21290.1,21290.1,21290.1,21290.1,21290.1,21290.1
2020-09-22,21185.5,21185.5,21185.5,21185.5,21185.5,21185.5,21185.5,21185.5,21185.5,21185.5,21185.5,21185.5
2020-09-23,21239.9,21239.9,21239.9,21239.9,21239.9,21239.9,21239.9,21239.9,21239.9,21239.9,21239.9,21239.9
2020-09-24,20475.15,20475.15,20475.15,20475.15,20475.15,20475.15,20475.15,20475.15,20475.15,20475.15,20475.15,20475.15
2020-09-25,20939.95,20939.95,20939.95,20939.95,20939.95,20939.95,20939.95,20939.95,20939.95,20939.95,20939.95,20939.95
2020-09-28,21695.15,21695.15,21695.15,21695.15,21695.15,21695.15,21695.15,21695.15,21695.15,21695.15,21695.15,21695.15
2020-09-29,21436.15,21436.15,21436.15,21436.15,21436.15,21436.15,21436.15,21436.15,21436.15,21436.15,21436.15,21436.15
2020-09-30,21416.85,21416.85,21416.85,21416.85,21416.85,21416.85,21416.85,21416.85,21416.85,21416.85,21416.85,21416.85
2020-10-01,22234.55,22234.55,22234.55,22234.55,22234.55,22234.55,22234.55,22234.55,22234.55,22234.55,22234.55,22234.55
2020-10-05,22370.3,22370.3,22370.3,22370.3,22370.3,22370.3,22370.3,22370.3,22370.3,22370.3,22370.3,22370.3
2020-10-06,22836.8,22836.8,22836.8,22836.8,22836.8,22836.8,22836.8,22836.8,22836.8,22836.8,22836.8,22836.8
2020-10-07,22956.95,22956.95,22956.95,22956.95,22956.95,22956.95,22956.95,22956.95,22956.95,22956.95,22956.95,22956.95
2020-10-08,23178.7,23178.7,23178.7,23178.7,23178.7,23178.7,23178.7,23178.7,23178.7,23178.7,23178.7,23178.7
2020-10-09,23890.3,23890.3,23890.3,23890.3,23890.3,23890.3,23890.3,23890.3,23890.3,23890.3,23890.3,23890.3
2020-10-12,23706.9,23706.9,23706.9,23706.9,23706.9,23706.9,23706.9,23706.9,23706.9,23706.9,23706.9,23706.9
2020-10-13,23443.6,23443.6,23443.6,23443.6,23443.6,23443.6,23443.6,23443.6,23443.6,23443.6,23443.6,23443.6
2020-10-14,23865.7,23865.7,23865.7,23865.7,23865.7,23865.7,23865.7,23865.7,23865.7,23865.7,23865.7,23865.7
2020-10-15,23030.9,23030.9,23030.9,23030.9,23030.9,23030.9,23030.9,23030.9,23030.9,23030.9,23030.9,23030.9
2020-10-16,23531.25,23531.25,23531.25,23531.25,23531.25,23531.25,23531.25,23531.25,23531.25,23531.25,23531.25,23531.25
2020-10-19,24232.9,24232.9,24232.9,24232.9,24232.9,24232.9,24232.9,24232.9,24232.9,24232.9,24232.9,24232.9
2020-10-20,24302.3,24302.3,24302.3,24302.3,24302.3,24302.3,24302.3,24302.3,24302.3,24302.3,24302.3,24302.3
2020-10-21,24639.45,24639.45,24639.45,24639.45,24639.45,24639.45,24639.45,24639.45,24639.45,24639.45,24639.45,24639.45
2020-10-22,24484.0,24484.0,24484.0,24484.0,24484.0,24484.0,24484.0,24484.0,24484.0,24484.0,24484.0,24484.0
2020-10-23,24471.9,24471.9,24471.9,24471.9,24471.9,24471.9,24471.9,24471.9,24471.9,24471.9,24471.9,24471.9
2020-10-26,24100.65,24100.65,24100.65,24100.65,24100.65,24100.65,24100.65,24100.65,24100.65,24100.65,24100.65,24100.65
2020-10-27,24768.05,24768.05,24768.05,24768.05,24768.05,24768.05,24768.05,24768.05,24768.05,24768.05,24768.05,24768.05
2020-10-28,24277.4,24277.4,24277.4,24277.4,24277.4,24277.4,24277.4,24277.4,24277.4,24277.4,24277.4,24277.4
2020-10-29,24100.4,24100.4,24100.4,24100.4,24100.4,24100.4,24100.4,24100.4,24100.4,24100.4,24100.4,24100.4
2020-10-30,23898.45,23898.45,23898.45,23898.45,23898.45,23898.45,23898.45,23898.45,23898.45,23898.45,23898.45,23898.45
2020-11-02,24853.6,24853.6,24853.6,24853.6,24853.6,24853.6,24853.6,24853.6,24853.6,24853.6,24853.6,24853.6
2020-11-03,25677.1,25677.1,25677.1,25677.1,25677.1,25677.1,25677.1,25677.1,25677.1,25677.1,25677.1,25677.1
2020-11-04,25652.2,25652.2,25652.2,25652.2,25652.2,25652.2,25652.2,25652.2,25652.2,25652.2,25652.2,25652.2
2020-11-05,26309.35,26309.35,26309.35,26309.35,26309.35,26309.35,26309.35,26309.35,26309.35,26309.35,26309.35,26309.35
2020-11-06,26762.1,26762.1,26762.1,26762.1,26762.1,26762.1,26762.1,26762.1,26762.1,26762.1,26762.1,26762.1
2020-11-09,27585.85,27585.85,27585.85,27585.85,27585.85,27585.85,27585.85,27585.85,27585.85,27585.85,27585.85,27585.85
2020-11-10,28602.35,28602.35,28602.35,28602.35,28602.35,28602.35,28602.35,28602.35,28602.35,28602.35,28602.35,28602.35
2020-11-11,28886.8,28886.8,28886.8,28886.8,28886.8,28886.8,28886.8,28886.8,28886.8,28886.8,28886.8,28886.8
2020-11-12,28276.6,28276.6,28276.6,28276.6,28276.6,28276.6,28276.6,28276.6,28276.6,28276.6,28276.6,28276.6
2020-11-13,28466.35,28466.35,28466.35,28466.35,28466.35,28466.35,28466.35,28466.35,28466.35,28466.35,28466.35,28466.35
2020-11-17,29217.25,29217.25,29217.25,29217.25,29217.25,29217.25,29217.25,29217.25,29217.25,29217.25,29217.25,29217.25
2020-11-18,29735.15,29735.15,29735.15,29735.15,29735.15,29735.15,29735.15,29735.15,29735.15,29735.15,29735.15,29735.15
2020-11-19,28826.5,28826.5,28826.5,28826.5,28826.5,28826.5,28826.5,28826.5,28826.5,28826.5,28826.5,28826.5
2020-11-20,29141.1,29141.1,29141.1,29141.1,29141.1,29141.1,29141.1,29141.1,29141.1,29141.1,29141.1,29141.1
2020-11-23,29030.65,29030.65,29030.65,29030.65,29030.65,29030.65,29030.65,29030.65,29030.65,29030.65,29030.65,29030.65
2020-11-24,29796.4,29796.4,29796.4,29796.4,29796.4,29796.4,29796.4,29796.4,29796.4,29796.4,29796.4,29796.4
2020-11-25,29199.0,29199.0,29199.0,29199.0,29199.0,29199.0,29199.0,29199.0,29199.0,29199.0,29199.0,29199.0
2020-11-26,29609.2,29609.2,29609.2,29609.2,29609.2,29609.2,29609.2,29609.2,29609.2,29609.2,29609.2,29609.2
2020-11-27,29569.35,29569.35,29569.35,29569.35,29569.35,29569.35,29569.35,29569.35,29569.35,29569.35,29569.35,29569.35
2020-12-01,29786.85,29786.85,29786.85,29786.85,29786.85,29786.85,29786.85,29786.85,29786.85,29786.85,29786.85,29786.85
2020-12-02,29436.15,29436.15,29436.15,29436.15,29436.15,29436.15,29436.15,29436.15,29436.15,29436.15,29436.15,29436.15
2020-12-03,29487.05,29487.05,29487.05,29487.05,29487.05,29487.05,29487.05,29487.05,29487.05,29487.05,29487.05,29487.05
2020-12-04,30139.9,30139.9,30139.9,30139.9,30139.9,30139.9,30139.9,30139.9,30139.9,30139.9,30139.9,30139.9
2020-12-07,30179.45,30179.45,30179.45,30179.45,30179.45,30179.45,30179.45,30179.45,30179.45,30179.45,30179.45,30179.45
2020-12-08,30245.85,30245.85,30245.85,30245.85,30245.85,30245.85,30245.85,30245.85,30245.85,30245.85,30245.85,30245.85
2020-12-09,30692.65,30692.65,30692.65,30692.65,30692.65,30692.65,30692.65,30692.65,30692.65,30692.65,30692.65,30692.65
2020-12-10,30511.85,30511.85,30511.85,30511.85,30511.85,30511.85,30511.85,30511.85,30511.85,30511.85,30511.85,30511.85
2020-12-11,30595.8,30595.8,30595.8,30595.8,30595.8,30595.8,30595.8,30595.8,30595.8,30595.8,30595.8,30595.8
2020-12-14,30743.95,30743.95,30743.95,30743.95,30743.95,30743.95,30743.95,30743.95,30743.95,30743.95,30743.95,30743.95
2020-12-15,30662.5,30662.5,30662.5,30662.5,30662.5,30662.5,30662.5,30662.5,30662.5,30662.5,30662.5,30662.5
2020-12-16,30669.0,30669.0,30669.0,30669.0,30669.0,30669.0,30669.0,30669.0,30669.0,30669.0,30669.0,30669.0
2020-12-17,30846.35,30846.35,30846.35,30846.35,30846.35,30846.35,30846.35,30846.35,30846.35,30846.35,30846.35,30846.35
2020-12-18,30659.15,30659.15,30659.15,30659.15,30659.15,30659.15,30659.15,30659.15,30659.15,30659.15,30659.15,30659.15
2020-12-21,29325.65,29325.65,29325.65,29325.65,29325.65,29325.65,29325.65,29325.65,29325.65,29325.65,29325.65,29325.65
2020-12-22,29631.5,29631.5,29631.5,29631.5,29631.5,29631.5,29631.5,29631.5,29631.5,29631.5,29631.5,29631.5
2020-12-23,29937.3,29937.3,29937.3,29937.3,29937.3,29937.3,29937.3,29937.3,29937.3,29937.3,29937.3,29937.3
2020-12-24,30374.7,30374.7,30374.7,30374.7,30374.7,30374.7,30374.7,30374.7,30374.7,30374.7,30374.7,30374.7
2020-12-28,30924.6,30924.6,30924.6,30924.6,30924.6,30924.6,30924.6,30924.6,30924.6,30924.6,30924.6,30924.6
2020-12-29,31346.45,31346.45,31346.45,31346.45,31346.45,31346.45,31346.45,31346.45,31346.45,31346.45,31346.45,31346.45
2020-12-30,31258.45,31258.45,31258.45,31258.45,31258.45,31258.45,31258.45,31258.45,31258.45,31258.45,31258.45,31258.45
2020-12-31,31237.8,31237.8,31237.8,31237.8,31237.8,31237.8,31237.8,31237.8,31237.8,31237.8,31237.8,31237.8
2021-01-01,31212.05,31212.05,31212.05,31212.05,31212.05,31212.05,31212.05,31212.05,31212.05,31212.05,31212.05,31212.05
2021-01-04,31269.2,31269.2,31269.2,31269.2,31269.2,31269.2,31269.2,31269.2,31269.2,31269.2,31269.2,31269.2
2021-01-05,31704.25,31704.25,31704.25,31704.25,31704.25,31704.25,31704.25,31704.25,31704.25,31704.25,31704.25,31704.25
2021-01-06,31736.8,31736.8,31736.8,31736.8,31736.8,31736.8,31736.8,31736.8,31736.8,31736.8,31736.8,31736.8
2021-01-07,31972.1,31972.1,31972.1,31972.1,31972.1,31972.1,31972.1,31972.1,31972.1,31972.1,31972.1,31972.1
2021-01-08,32086.3,32086.3,32086.3,32086.3,32086.3,32086.3,32086.3,32086.3,32086.3,32086.3,32086.3,32086.3
2021-01-11,32016.6,32016.6,32016.6,32016.6,32016.6,32016.6,32016.6,32016.6,32016.6,32016.6,32016.6,32016.6
2021-01-12,32341.0,32341.0,32341.0,32341.0,32341.0,32341.0,32341.0,32341.0,32341.0,32341.0,32341.0,32341.0
2021-01-13,32557.05,32557.05,32557.05,32557.05,32557.05,32557.05,32557.05,32557.05,32557.05,32557.05,32557.05,32557.05
2021-01-14,32574.4,32574.4,32574.4,32574.4,32574.4,32574.4,32574.4,32574.4,32574.4,32574.4,32574.4,32574.4
2021-01-15,32248.35,32248.35,32248.35,32248.35,32248.35,32248.35,32248.35,32248.35,32248.35,32248.35,32248.35,32248.35
2021-01-18,31665.25,31665.25,31665.25,31665.25,31665.25,31665.25,31665.25,31665.25,31665.25,31665.25,31665.25,31665.25
2021-01-19,32438.25,32438.25,32438.25,32438.25,32438.25,32438.25,32438.25,32438.25,32438.25,32438.25,32438.25,32438.25
2021-01-20,32498.7,32498.7,32498.7,32498.7,32498.7,32498.7,32498.7,32498.7,32498.7,32498.7,32498.7,32498.7
2021-01-21,32281.7,32281.7,32281.7,32281.7,32281.7,32281.7,32281.7,32281.7,32281.7,32281.7,32281.7,32281.7
2021-01-22,31179.7,31179.7,31179.7,31179.7,31179.7,31179.7,31179.7,31179.7,31179.7,31179.7,31179.7,31179.7
2021-01-25,31183.9,31183.9,31183.9,31183.9,31183.9,31183.9,31183.9,31183.9,31183.9,31183.9,31183.9,31183.9
2021-01-27,30295.4,30295.4,30295.4,30295.4,30295.4,30295.4,30295.4,30295.4,30295.4,30295.4,30295.4,30295.4
2021-01-28,30359.35,30359.35,30359.35,30359.35,30359.35,30359.35,30359.35,30359.35,30359.35,30359.35,30359.35,30359.35
2021-01-29,30625.1,30625.1,30625.1,30625.1,30625.1,30625.1,30625.1,30625.1,30625.1,30625.1,30625.1,30625.1
2021-02-01,33253.15,33253.15,33253.15,33253.15,33253.15,33253.15,33253.15,33253.15,33253.15,33253.15,33253.15,33253.15
2021-02-02,34299.8,34299.8,34299.8,34299.8,34299.8,34299.8,34299.8,34299.8,34299.8,34299.8,34299.8,34299.8
2021-02-03,34704.2,34704.2,34704.2,34704.2,34704.2,34704.2,34704.2,34704.2,34704.2,34704.2,34704.2,34704.2
2021-02-04,35326.45,35326.45,35326.45,35326.45,35326.45,35326.45,35326.45,35326.45,35326.45,35326.45,35326.45,35326.45
2021-02-05,35756.55,35756.55,35756.55,35756.55,35756.55,35756.55,35756.55,35756.55,35756.55,35756.55,35756.55,35756.55
2021-02-08,35990.7,35990.7,35990.7,35990.7,35990.7,35990.7,35990.7,35990.7,35990.7,35990.7,35990.7,35990.7
2021-02-09,35996.25,35996.25,35996.25,35996.25,35996.25,35996.25,35996.25,35996.25,35996.25,35996.25,35996.25,35996.25
2021-02-10,35901.9,35901.9,35901.9,35901.9,35901.9,35901.9,35901.9,35901.9,35901.9,35901.9,35901.9,35901.9
2021-02-11,35801.2,35801.2,35801.2,35801.2,35801.2,35801.2,35801.2,35801.2,35801.2,35801.2,35801.2,35801.2
2021-02-12,36134.3,36134.3,36134.3,36134.3,36134.3,36134.3,36134.3,36134.3,36134.3,36134.3,36134.3,36134.3
2021-02-15,37426.55,37426.55,37426.55,37426.55,37426.55,37426.55,37426.55,37426.55,37426.55,37426.55,37426.55,37426.55
2021-02-16,37127.6,37127.6,37127.6,37127.6,37127.6,37127.6,37127.6,37127.6,37127.6,37127.6,37127.6,37127.6
2021-02-17,36864.55,36864.55,36864.55,36864.55,36864.55,36864.55,36864.55,36864.55,36864.55,36864.55,36864.55,36864.55
2021-02-18,36612.15,36612.15,36612.15,36612.15,36612.15,36612.15,36612.15,36612.15,36612.15,36612.15,36612.15,36612.15
2021-02-19,35928.7,35928.7,35928.7,35928.7,35928.7,35928.7,35928.7,35928.7,35928.7,35928.7,35928.7,35928.7
2021-02-22,35176.45,35176.45,35176.45,35176.45,35176.45,35176.45,35176.45,35176.45,35176.45,35176.45,35176.45,35176.45
2021-02-23,35116.95,35116.95,35116.95,35116.95,35116.95,35116.95,35116.95,35116.95,35116.95,35116.95,35116.95,35116.95
2021-02-25,36539.95,36539.95,36539.95,36539.95,36539.95,36539.95,36539.95,36539.95,36539.95,36539.95,36539.95,36539.95
2021-02-26,34855.85,34855.85,34855.85,34855.85,34855.85,34855.85,34855.85,34855.85,34855.85,34855.85,34855.85,34855.85
2021-03-01,35343.6,35343.6,35343.6,35343.6,35343.6,35343.6,35343.6,35343.6,35343.6,35343.6,35343.6,35343.6
2021-03-02,35478.75,35478.75,35478.75,35478.75,35478.75,35478.75,35478.75,35478.75,35478.75,35478.75,35478.75,35478.75
2021-03-03,36347.1,36347.1,36347.1,36347.1,36347.1,36347.1,36347.1,36347.1,36347.1,36347.1,36347.1,36347.1
2021-03-04,35830.65,35830.65,35830.65,35830.65,35830.65,35830.65,35830.65,35830.65,35830.65,35830.65,35830.65,35830.65
2021-03-05,35331.95,35331.95,35331.95,35331.95,35331.95,35331.95,35331.95,35331.95,35331.95,35331.95,35331.95,35331.95
2021-03-08,35308.1,35308.1,35308.1,35308.1,35308.1,35308.1,35308.1,35308.1,35308.1,35308.1,35308.1,35308.1
2021-03-09,35851.25,35851.25,35851.25,35851.25,35851.25,35851.25,35851.25,35851.25,35851.25,35851.25,35851.25,35851.25
2021-03-10,35945.15,35945.15,35945.15,35945.15,35945.15,35945.15,35945.15,35945.15,35945.15,35945.15,35945.15,35945.15
2021-03-12,35454.15,35454.15,35454.15,35454.15,35454.15,35454.15,35454.15,35454.15,35454.15,35454.15,35454.15,35454.15
2021-03-15,35223.25,35223.25,35223.25,35223.25,35223.25,35223.25,35223.25,35223.25,35223.25,35223.25,35223.25,35223.25
2021-03-16,34824.85,34824.85,34824.85,34824.85,34824.85,34824.85,34824.85,34824.85,34824.85,34824.85,34824.85,34824.85
2021-03-17,34128.65,34128.65,34128.65,34128.65,34128.65,34128.65,34128.65,34128.65,34128.65,34128.65,34128.65,34128.65
2021-03-19,34120.85,34120.85,34120.85,34120.85,34120.85,34120.85,34120.85,34120.85,34120.85,34120.85,34120.85,34120.85
2021-03-22,33655.95,33655.95,33655.95,33655.95,33655.95,33655.95,33655.95,33655.95,33655.95,33655.95,33655.95,33655.95
2021-03-23,34221.65,34221.65,34221.65,34221.65,34221.65,34221.65,34221.65,34221.65,34221.65,34221.65,34221.65,34221.65
2021-03-24,33357.65,33357.65,33357.65,33357.65,33357.65,33357.65,33357.65,33357.65,33357.65,33357.65,33357.65,33357.65
2021-03-25,33030.35,33030.35,33030.35,33030.35,33030.35,33030.35,33030.35,33030.35,33030.35,33030.35,33030.35,33030.35
2021-03-26,33439.0,33439.0,33439.0,33439.0,33439.0,33439.0,33439.0,33439.0,33439.0,33439.0,33439.0,33439.0
2021-03-30,33893.55,33893.55,33893.55,33893.55,33893.55,33893.55,33893.55,33893.55,33893.55,33893.55,33893.55,33893.55
2021-03-31,33335.5,33335.5,33335.5,33335.5,33335.5,33335.5,33335.5,33335.5,33335.5,33335.5,33335.5,33335.5
2021-04-01,33900.05,33900.05,33900.05,33900.05,33900.05,33900.05,33900.05,33900.05,33900.05,33900.05,33900.05,33900.05
2021-04-05,32714.45,32714.45,32714.45,32714.45,32714.45,32714.45,32714.45,32714.45,32714.45,32714.45,32714.45,32714.45
2021-04-06,32537.4,32537.4,32537.4,32537.4,32537.4,32537.4,32537.4,32537.4,32537.4,32537.4,32537.4,32537.4
2021-04-07,32958.6,32958.6,32958.6,32958.6,32958.6,32958.6,32958.6,32958.6,32958.6,32958.6,32958.6,32958.6
2021-04-08,32799.15,32799.15,32799.15,32799.15,32799.15,32799.15,32799.15,32799.15,32799.15,32799.15,32799.15,32799.15
2021-04-09,32446.55,32446.55,32446.55,32446.55,32446.55,32446.55,32446.55,32446.55,32446.55,32446.55,32446.55,32446.55
2021-04-12,30925.75,30925.75,30925.75,30925.75,30925.75,30925.75,30925.75,30925.75,30925.75,30925.75,30925.75,30925.75
2021-04-13,31757.85,31757.85,31757.85,31757.85,31757.85,31757.85,31757.85,31757.85,31757.85,31757.85,31757.85,31757.85
2021-04-15,32153.9,32153.9,32153.9,32153.9,32153.9,32153.9,32153.9,32153.9,32153.9,32153.9,32153.9,32153.9
2021-04-16,31945.25,31945.25,31945.25,31945.25,31945.25,31945.25,31945.25,31945.25,31945.25,31945.25,31945.25,31945.25
2021-04-19,31209.85,31209.85,31209.85,31209.85,31209.85,31209.85,31209.85,31209.85,31209.85,31209.85,31209.85,31209.85
2021-04-20,31084.95,31084.95,31084.95,31084.95,31084.95,31084.95,31084.95,31084.95,31084.95,31084.95,31084.95,31084.95
2021-04-22,31737.7,31737.7,31737.7,31737.7,31737.7,31737.7,31737.7,31737.7,31737.7,31737.7,31737.7,31737.7
2021-04-23,31628.7,31628.7,31628.7,31628.7,31628.7,31628.7,31628.7,31628.7,31628.7,31628.7,31628.7,31628.7
2021-04-26,32271.2,32271.2,32271.2,32271.2,32271.2,32271.2,32271.2,32271.2,32271.2,32271.2,32271.2,32271.2
2021-04-27,32747.65,32747.65,32747.65,32747.65,32747.65,32747.65,32747.65,32747.65,32747.65,32747.65,32747.65,32747.65
2021-04-28,33667.7,33667.7,33667.7,33667.7,33667.7,33667.7,33667.7,33667.7,33667.7,33667.7,33667.7,33667.7
2021-04-29,33664.2,33664.2,33664.2,33664.2,33664.2,33664.2,33664.2,33664.2,33664.2,33664.2,33664.2,33664.2
2021-04-30,32724.9,32724.9,32724.9,32724.9,32724.9,32724.9,32724.9,32724.9,32724.9,32724.9,32724.9,32724.9
2021-05-03,32545.65,32545.65,32545.65,32545.65,32545.65,32545.65,32545.65,32545.65,32545.65,32545.65,32545.65,32545.65
2021-05-04,32294.05,32294.05,32294.05,32294.05,32294.05,32294.05,32294.05,32294.05,32294.05,32294.05,32294.05,32294.05
2021-05-05,32853.2,32853.2,32853.2,32853.2,32853.2,32853.2,32853.2,32853.2,32853.2,32853.2,32853.2,32853.2
2021-05-06,32885.5,32885.5,32885.5,32885.5,32885.5,32885.5,32885.5,32885.5,32885.5,32885.5,32885.5,32885.5
2021-05-07,32887.0,32887.0,32887.0,32887.0,32887.0,32887.0,32887.0,32887.0,32887.0,32887.0,32887.0,32887.0
2021-05-10,33191.5,33191.5,33191.5,33191.5,33191.5,33191.5,33191.5,33191.5,33191.5,33191.5,33191.5,33191.5
2021-05-11,32831.7,32831.7,32831.7,32831.7,32831.7,32831.7,32831.7,32831.7,32831.7,32831.7,32831.7,32831.7
2021-05-12,32457.85,32457.85,32457.85,32457.85,32457.85,32457.85,32457.85,32457.85,32457.85,32457.85,32457.85,32457.85
2021-05-14,32167.15,32167.15,32167.15,32167.15,32167.15,32167.15,32167.15,32167.15,32167.15,32167.15,32167.15,32167.15
2021-05-17,33474.2,33474.2,33474.2,33474.2,33474.2,33474.2,33474.2,33474.2,33474.2,33474.2,33474.2,33474.2
2021-05-18,33955.35,33955.35,33955.35,33955.35,33955.35,33955.35,33955.35,33955.35,33955.35,33955.35,33955.35,33955.35
2021-05-19,33659.15,33659.15,33659.15,33659.15,33659.15,33659.15,33659.15,33659.15,33659.15,33659.15,33659.15,33659.15
2021-05-20,33401.1,33401.1,33401.1,33401.1,33401.1,33401.1,33401.1,33401.1,33401.1,33401.1,33401.1,33401.1
2021-05-21,34678.8,34678.8,34678.8,34678.8,34678.8,34678.8,34678.8,34678.8,34678.8,34678.8,34678.8,34678.8
2021-05-24,34841.6,34841.6,34841.6,34841.6,34841.6,34841.6,34841.6,34841.6,34841.6,34841.6,34841.6,34841.6
2021-05-25,34705.8,34705.8,34705.8,34705.8,34705.8,34705.8,34705.8,34705.8,34705.8,34705.8,34705.8,34705.8
2021-05-26,34675.25,34675.25,34675.25,34675.25,34675.25,34675.25,34675.25,34675.25,34675.25,34675.25,34675.25,34675.25
2021-05-27,35134.3,35134.3,35134.3,35134.3,35134.3,35134.3,35134.3,35134.3,35134.3,35134.3,35134.3,35134.3
2021-05-28,35225.05,35225.05,35225.05,35225.05,35225.05,35225.05,35225.05,35225.05,35225.05,35225.05,35225.05,35225.05
2021-05-31,35484.55,35484.55,35484.55,35484.55,35484.55,35484.55,35484.55,35484.55,35484.55,35484.55,35484.55,35484.55
2021-06-01,35344.35,35344.35,35344.35,35344.35,35344.35,35344.35,35344.35,35344.35,35344.35,35344.35,35344.35,35344.35
2021-06-02,35399.5,35399.5,35399.5,35399.5,35399.5,35399.5,35399.5,35399.5,35399.5,35399.5,35399.5,35399.5
2021-06-03,35652.8,35652.8,35652.8,35652.8,35652.8,35652.8,35652.8,35652.8,35652.8,35652.8,35652.8,35652.8
2021-06-04,35343.5,35343.5,35343.5,35343.5,35343.5,35343.5,35343.5,35343.5,35343.5,35343.5,35343.5,35343.5
2021-06-07,35411.05,35411.05,35411.05,35411.05,35411.05,35411.05,35411.05,35411.05,35411.05,35411.05,35411.05,35411.05
2021-06-08,35084.7,35084.7,35084.7,35084.7,35084.7,35084.7,35084.7,35084.7,35084.7,35084.7,35084.7,35084.7
2021-06-09,34808.7,34808.7,34808.7,34808.7,34808.7,34808.7,34808.7,34808.7,34808.7,34808.7,34808.7,34808.7
2021-06-10,35152.65,35152.65,35152.65,35152.65,35152.65,35152.65,35152.65,35152.65,35152.65,35152.65,35152.65,35152.65
2021-06-11,35053.15,35053.15,35053.15,35053.15,35053.15,35053.15,35053.15,35053.15,35053.15,35053.15,35053.15,35053.15
2021-06-14,34940.05,34940.05,34940.05,34940.05,34940.05,34940.05,34940.05,34940.05,34940.05,34940.05,34940.05,34940.05
2021-06-15,35217.7,35217.7,35217.7,35217.7,35217.7,35217.7,35217.7,35217.7,35217.7,35217.7,35217.7,35217.7
2021-06-16,34985.3,34985.3,34985.3,34985.3,34985.3,34985.3,34985.3,34985.3,34985.3,34985.3,34985.3,34985.3
2021-06-17,34524.7,34524.7,34524.7,34524.7,34524.7,34524.7,34524.7,34524.7,34524.7,34524.7,34524.7,34524.7
2021-06-18,34692.25,34692.25,34692.25,34692.25,34692.25,34692.25,34692.25,34692.25,34692.25,34692.25,34692.25,34692.25
2021-06-21,34874.3,34874.3,34874.3,34874.3,34874.3,34874.3,34874.3,34874.3,34874.3,34874.3,34874.3,34874.3
2021-06-22,34720.55,34720.55,34720.55,34720.55,34720.55,34720.55,34720.55,34720.55,34720.55,34720.55,34720.55,34720.55
2021-06-23,34591.2,34591.2,34591.2,34591.2,34591.2,34591.2,34591.2,34591.2,34591.2,34591.2,34591.2,34591.2
2021-06-24,34858.7,34858.7,34858.7,34858.7,34858.7,34858.7,34858.7,34858.7,34858.7,34858.7,34858.7,34858.7
2021-06-25,35334.1,35334.1,35334.1,35334.1,35334.1,35334.1,35334.1,35334.1,35334.1,35334.1,35334.1,35334.1
2021-06-28,35402.75,35402.75,35402.75,35402.75,35402.75,35402.75,35402.75,35402.75,35402.75,35402.75,35402.75,35402.75
2021-06-29,34997.95,34997.95,34997.95,34997.95,34997.95,34997.95,34997.95,34997.95,34997.95,34997.95,34997.95,34997.95
2021-06-30,34780.55,34780.55,34780.55,34780.55,34780.55,34780.55,34780.55,34780.55,34780.55,34780.55,34780.55,34780.55
2021-07-01,34721.3,34721.3,34721.3,34721.3,34721.3,34721.3,34721.3,34721.3,34721.3,34721.3,34721.3,34721.3
2021-07-02,34835.8,34835.8,34835.8,34835.8,34835.8,34835.8,34835.8,34835.8,34835.8,34835.8,34835.8,34835.8
2021-07-05,35222.05,35222.05,35222.05,35222.05,35222.05,35222.05,35222.05,35222.05,35222.05,35222.05,35222.05,35222.05
2021-07-06,35525.8,35525.8,35525.8,35525.8,35525.8,35525.8,35525.8,35525.8,35525.8,35525.8,35525.8,35525.8
2021-07-07,35758.75,35758.75,35758.75,35758.75,35758.75,35758.75,35758.75,35758.75,35758.75,35758.75,35758.75,35758.75
2021-07-08,35282.9,35282.9,35282.9,35282.9,35282.9,35282.9,35282.9,35282.9,35282.9,35282.9,35282.9,35282.9
2021-07-09,35093.65,35093.65,35093.65,35093.65,35093.65,35093.65,35093.65,35093.65,35093.65,35093.65,35093.65,35093.65
2021-07-12,35192.5,35192.5,35192.5,35192.5,35192.5,35192.5,35192.5,35192.5,35192.5,35192.5,35192.5,35192.5
2021-07-13,35641.15,35641.15,35641.15,35641.15,35641.15,35641.15,35641.15,35641.15,35641.15,35641.15,35641.15,35641.15
2021-07-14,35644.5,35644.5,35644.5,35644.5,35644.5,35644.5,35644.5,35644.5,35644.5,35644.5,35644.5,35644.5
2021-07-15,35894.9,35894.9,35894.9,35894.9,35894.9,35894.9,35894.9,35894.9,35894.9,35894.9,35894.9,35894.9
2021-07-16,35752.05,35752.05,35752.05,35752.05,35752.05,35752.05,35752.05,35752.05,35752.05,35752.05,35752.05,35752.05
2021-07-19,35095.55,35095.55,35095.55,35095.55,35095.55,35095.55,35095.55,35095.55,35095.55,35095.55,35095.55,35095.55
2021-07-20,34415.05,34415.05,34415.05,34415.05,34415.05,34415.05,34415.05,34415.05,34415.05,34415.05,34415.05,34415.05
2021-07-22,34705.5,34705.5,34705.5,34705.5,34705.5,34705.5,34705.5,34705.5,34705.5,34705.5,34705.5,34705.5
2021-07-23,35007.4,35007.4,35007.4,35007.4,35007.4,35007.4,35007.4,35007.4,35007.4,35007.4,35007.4,35007.4
2021-07-26,34929.7,34929.7,34929.7,34929.7,34929.7,34929.7,34929.7,34929.7,34929.7,34929.7,34929.7,34929.7
2021-07-27,34796.45,34796.45,34796.45,34796.45,34796.45,34796.45,34796.45,34796.45,34796.45,34796.45,34796.45,34796.45
2021-07-28,34558.4,34558.4,34558.4,34558.4,34558.4,34558.4,34558.4,34558.4,34558.4,34558.4,34558.4,34558.4
2021-07-29,34740.35,34740.35,34740.35,34740.35,34740.35,34740.35,34740.35,34740.35,34740.35,34740.35,34740.35,34740.35
2021-07-30,34579.5,34579.5,34579.5,34579.5,34579.5,34579.5,34579.5,34579.5,34579.5,34579.5,34579.5,34579.5
2021-08-02,34725.65,34725.65,34725.65,34725.65,34725.65,34725.65,34725.65,34725.65,34725.65,34725.65,34725.65,34725.65
2021-08-03,35199.5,35199.5,35199.5,35199.5,35199.5,35199.5,35199.5,35199.5,35199.5,35199.5,35199.5,35199.5
2021-08-04,35994.5,35994.5,35994.5,35994.5,35994.5,35994.5,35994.5,35994.5,35994.5,35994.5,35994.5,35994.5
2021-08-05,35793.85,35793.85,35793.85,35793.85,35793.85,35793.85,35793.85,35793.85,35793.85,35793.85,35793.85,35793.85
2021-08-06,35882.1,35882.1,35882.1,35882.1,35882.1,35882.1,35882.1,35882.1,35882.1,35882.1,35882.1,35882.1
2021-08-09,36011.65,36011.65,36011.65,36011.65,36011.65,36011.65,36011.65,36011.65,36011.65,36011.65,36011.65,36011.65
2021-08-10,36007.55,36007.55,36007.55,36007.55,36007.55,36007.55,36007.55,36007.55,36007.55,36007.55,36007.55,36007.55
2021-08-11,35786.6,35786.6,35786.6,35786.6,35786.6,35786.6,35786.6,35786.6,35786.6,35786.6,35786.6,35786.6
2021-08-12,35986.1,35986.1,35986.1,35986.1,35986.1,35986.1,35986.1,35986.1,35986.1,35986.1,35986.1,35986.1
2021-08-13,36130.85,36130.85,36130.85,36130.85,36130.85,36130.85,36130.85,36130.85,36130.85,36130.85,36130.85,36130.85
2021-08-16,36048.1,36048.1,36048.1,36048.1,36048.1,36048.1,36048.1,36048.1,36048.1,36048.1,36048.1,36048.1
2021-08-17,35882.1,35882.1,35882.1,35882.1,35882.1,35882.1,35882.1,35882.1,35882.1,35882.1,35882.1,35882.1
2021-08-18,35480.95,35480.95,35480.95,35480.95,35480.95,35480.95,35480.95,35480.95,35480.95,35480.95,35480.95,35480.95
2021-08-20,35027.9,35027.9,35027.9,35027.9,35027.9,35027.9,35027.9,35027.9,35027.9,35027.9,35027.9,35027.9
2021-08-23,35080.55,35080.55,35080.55,35080.55,35080.55,35080.55,35080.55,35080.55,35080.55,35080.55,35080.55,35080.55
2021-08-24,35677.8,35677.8,35677.8,35677.8,35677.8,35677.8,35677.8,35677.8,35677.8,35677.8,35677.8,35677.8
2021-08-25,35554.65,35554.65,35554.65,35554.65,35554.65,35554.65,35554.65,35554.65,35554.65,35554.65,35554.65,35554.65
2021-08-26,35602.8,35602.8,35602.8,35602.8,35602.8,35602.8,35602.8,35602.8,35602.8,35602.8,35602.8,35602.8
2021-08-27,35605.45,35605.45,35605.45,35605.45,35605.45,35605.45,35605.45,35605.45,35605.45,35605.45,35605.45,35605.45
2021-08-30,36360.25,36360.25,36360.25,36360.25,36360.25,36360.25,36360.25,36360.25,36360.25,36360.25,36360.25,36360.25
2021-08-31,36393.9,36393.9,36393.9,36393.9,36393.9,36393.9,36393.9,36393.9,36393.9,36393.9,36393.9,36393.9
2021-09-01,36513.85,36513.85,36513.85,36513.85,36513.85,36513.85,36513.85,36513.85,36513.85,36513.85,36513.85,36513.85
2021-09-02,36874.45,36874.45,36874.45,36874.45,36874.45,36874.45,36874.45,36874.45,36874.45,36874.45,36874.45,36874.45
2021-09-03,36763.25,36763.25,36763.25,36763.25,36763.25,36763.25,36763.25,36763.25,36763.25,36763.25,36763.25,36763.25
2021-09-06,36588.25,36588.25,36588.25,36588.25,36588.25,36588.25,36588.25,36588.25,36588.25,36588.25,36588.25,36588.25
2021-09-07,36457.55,36457.55,36457.55,36457.55,36457.55,36457.55,36457.55,36457.55,36457.55,36457.55,36457.55,36457.55
2021-09-08,36844.2,36844.2,36844.2,36844.2,36844.2,36844.2,36844.2,36844.2,36844.2,36844.2,36844.2,36844.2
2021-09-09,36670.3,36670.3,36670.3,36670.3,36670.3,36670.3,36670.3,36670.3,36670.3,36670.3,36670.3,36670.3
2021-09-13,36496.55,36496.55,36496.55,36496.55,36496.55,36496.55,36496.55,36496.55,36496.55,36496.55,36496.55,36496.55
2021-09-14,36613.7,36613.7,36613.7,36613.7,36613.7,36613.7,36613.7,36613.7,36613.7,36613.7,36613.7,36613.7
2021-09-15,36860.45,36860.45,36860.45,36860.45,36860.45,36860.45,36860.45,36860.45,36860.45,36860.45,36860.45,36860.45
2021-09-16,37687.1,37687.1,37687.1,37687.1,37687.1,37687.1,37687.1,37687.1,37687.1,37687.1,37687.1,37687.1
2021-09-17,37889.3,37889.3,37889.3,37889.3,37889.3,37889.3,37889.3,37889.3,37889.3,37889.3,37889.3,37889.3
2021-09-20,37075.2,37075.2,37075.2,37075.2,37075.2,37075.2,37075.2,37075.2,37075.2,37075.2,37075.2,37075.2
2021-09-21,37293.0,37293.0,37293.0,37293.0,37293.0,37293.0,37293.0,37293.0,37293.0,37293.0,37293.0,37293.0
2021-09-22,36987.2,36987.2,36987.2,36987.2,36987.2,36987.2,36987.2,36987.2,36987.2,36987.2,36987.2,36987.2
2021-09-23,37811.3,37811.3,37811.3,37811.3,37811.3,37811.3,37811.3,37811.3,37811.3,37811.3,37811.3,37811.3
2021-09-24,37790.05,37790.05,37790.05,37790.05,37790.05,37790.05,37790.05,37790.05,37790.05,37790.05,37790.05,37790.05
2021-09-27,38170.0,38170.0,38170.0,38170.0,38170.0,38170.0,38170.0,38170.0,38170.0,38170.0,38170.0,38170.0
2021-09-28,37873.2,37873.2,37873.2,37873.2,37873.2,37873.2,37873.2,37873.2,37873.2,37873.2,37873.2,37873.2
2021-09-29,37741.25,37741.25,37741.25,37741.25,37741.25,37741.25,37741.25,37741.25,37741.25,37741.25,37741.25,37741.25
2021-09-30,37411.4,37411.4,37411.4,37411.4,37411.4,37411.4,37411.4,37411.4,37411.4,37411.4,37411.4,37411.4
2021-10-01,37235.05,37235.05,37235.05,37235.05,37235.05,37235.05,37235.05,37235.05,37235.05,37235.05,37235.05,37235.05
2021-10-04,37602.7,37602.7,37602.7,37602.7,37602.7,37602.7,37602.7,37602.7,37602.7,37602.7,37602.7,37602.7
2021-10-05,37740.6,37740.6,37740.6,37740.6,37740.6,37740.6,37740.6,37740.6,37740.6,37740.6,37740.6,37740.6
2021-10-06,37480.05,37480.05,37480.05,37480.05,37480.05,37480.05,37480.05,37480.05,37480.05,37480.05,37480.05,37480.05
2021-10-07,37757.45,37757.45,37757.45,37757.45,37757.45,37757.45,37757.45,37757.45,37757.45,37757.45,37757.45,37757.45
2021-10-08,37831.15,37831.15,37831.15,37831.15,37831.15,37831.15,37831.15,37831.15,37831.15,37831.15,37831.15,37831.15
2021-10-11,38287.1,38287.1,38287.1,38287.1,38287.1,38287.1,38287.1,38287.1,38287.1,38287.1,38287.1,38287.1
2021-10-12,38529.15,38529.15,38529.15,38529.15,38529.15,38529.15,38529.15,38529.15,38529.15,38529.15,38529.15,38529.15
2021-10-13,38584.25,38584.25,38584.25,38584.25,38584.25,38584.25,38584.25,38584.25,38584.25,38584.25,38584.25,38584.25
2021-10-14,39329.35,39329.35,39329.35,39329.35,39329.35,39329.35,39329.35,39329.35,39329.35,39329.35,39329.35,39329.35
2021-10-18,39676.25,39676.25,39676.25,39676.25,39676.25,39676.25,39676.25,39676.25,39676.25,39676.25,39676.25,39676.25
2021-10-19,39540.5,39540.5,39540.5,39540.5,39540.5,39540.5,39540.5,39540.5,39540.5,39540.5,39540.5,39540.5
2021-10-20,39557.35,39557.35,39557.35,39557.35,39557.35,39557.35,39557.35,39557.35,39557.35,39557.35,39557.35,39557.35
2021-10-21,40164.75,40164.75,40164.75,40164.75,40164.75,40164.75,40164.75,40164.75,40164.75,40164.75,40164.75,40164.75
2021-10-22,40314.85,40314.85,40314.85,40314.85,40314.85,40314.85,40314.85,40314.85,40314.85,40314.85,40314.85,40314.85
2021-10-25,41246.65,41246.65,41246.65,41246.65,41246.65,41246.65,41246.65,41246.65,41246.65,41246.65,41246.65,41246.65
2021-10-26,41305.55,41305.55,41305.55,41305.55,41305.55,41305.55,41305.55,41305.55,41305.55,41305.55,41305.55,41305.55
2021-10-27,40803.85,40803.85,40803.85,40803.85,40803.85,40803.85,40803.85,40803.85,40803.85,40803.85,40803.85,40803.85
2021-10-28,39571.8,39571.8,39571.8,39571.8,39571.8,39571.8,39571.8,39571.8,39571.8,39571.8,39571.8,39571.8
2021-10-29,39272.6,39272.6,39272.6,39272.6,39272.6,39272.6,39272.6,39272.6,39272.6,39272.6,39272.6,39272.6
2021-11-01,39839.1,39839.1,39839.1,39839.1,39839.1,39839.1,39839.1,39839.1,39839.1,39839.1,39839.1,39839.1
2021-11-02,39901.55,39901.55,39901.55,39901.55,39901.55,39901.55,39901.55,39901.55,39901.55,39901.55,39901.55,39901.55
2021-11-03,39416.45,39416.45,39416.45,39416.45,39416.45,39416.45,39416.45,39416.45,39416.45,39416.45,39416.45,39416.45
2021-11-08,39499.3,39499.3,39499.3,39499.3,39499.3,39499.3,39499.3,39499.3,39499.3,39499.3,39499.3,39499.3
2021-11-09,39404.6,39404.6,39404.6,39404.6,39404.6,39404.6,39404.6,39404.6,39404.6,39404.6,39404.6,39404.6
2021-11-10,39025.3,39025.3,39025.3,39025.3,39025.3,39025.3,39025.3,39025.3,39025.3,39025.3,39025.3,39025.3
2021-11-11,38571.8,38571.8,38571.8,38571.8,38571.8,38571.8,38571.8,38571.8,38571.8,38571.8,38571.8,38571.8
2021-11-12,38751.85,38751.85,38751.85,38751.85,38751.85,38751.85,38751.85,38751.85,38751.85,38751.85,38751.85,38751.85
2021-11-15,38677.35,38677.35,38677.35,38677.35,38677.35,38677.35,38677.35,38677.35,38677.35,38677.35,38677.35,38677.35
2021-11-16,38239.95,38239.95,38239.95,38239.95,38239.95,38239.95,38239.95,38239.95,38239.95,38239.95,38239.95,38239.95
2021-11-17,38006.05,38006.05,38006.05,38006.05,38006.05,38006.05,38006.05,38006.05,38006.05,38006.05,38006.05,38006.05
2021-11-18,37941.95,37941.95,37941.95,37941.95,37941.95,37941.95,37941.95,37941.95,37941.95,37941.95,37941.95,37941.95
2021-11-22,37258.4,37258.4,37258.4,37258.4,37258.4,37258.4,37258.4,37258.4,37258.4,37258.4,37258.4,37258.4
2021-11-23,37262.45,37262.45,37262.45,37262.45,37262.45,37262.45,37262.45,37262.45,37262.45,37262.45,37262.45,37262.45
2021-11-24,37344.3,37344.3,37344.3,37344.3,37344.3,37344.3,37344.3,37344.3,37344.3,37344.3,37344.3,37344.3
2021-11-25,37382.25,37382.25,37382.25,37382.25,37382.25,37382.25,37382.25,37382.25,37382.25,37382.25,37382.25,37382.25
2021-11-26,35951.9,35951.9,35951.9,35951.9,35951.9,35951.9,35951.9,35951.9,35951.9,35951.9,35951.9,35951.9
2021-11-29,35938.85,35938.85,35938.85,35938.85,35938.85,35938.85,35938.85,35938.85,35938.85,35938.85,35938.85,35938.85
2021-11-30,35600.45,35600.45,35600.45,35600.45,35600.45,35600.45,35600.45,35600.45,35600.45,35600.45,35600.45,35600.45
2021-12-01,36383.35,36383.35,36383.35,36383.35,36383.35,36383.35,36383.35,36383.35,36383.35,36383.35,36383.35,36383.35
2021-12-02,36540.95,36540.95,36540.95,36540.95,36540.95,36540.95,36540.95,36540.95,36540.95,36540.95,36540.95,36540.95
2021-12-03,36215.15,36215.15,36215.15,36215.15,36215.15,36215.15,36215.15,36215.15,36215.15,36215.15,36215.15,36215.15
2021-12-06,35737.45,35737.45,35737.45,35737.45,35737.45,35737.45,35737.45,35737.45,35737.45,35737.45,35737.45,35737.45
2021-12-07,36604.4,36604.4,36604.4,36604.4,36604.4,36604.4,36604.4,36604.4,36604.4,36604.4,36604.4,36604.4
2021-12-08,37266.8,37266.8,37266.8,37266.8,37266.8,37266.8,37266.8,37266.8,37266.8,37266.8,37266.8,37266.8
2021-12-09,37054.85,37054.85,37054.85,37054.85,37054.85,37054.85,37054.85,37054.85,37054.85,37054.85,37054.85,37054.85
2021-12-10,37099.55,37099.55,37099.55,37099.55,37099.55,37099.55,37099.55,37099.55,37099.55,37099.55,37099.55,37099.55
2021-12-13,36964.3,36964.3,36964.3,36964.3,36964.3,36964.3,36964.3,36964.3,36964.3,36964.3,36964.3,36964.3
2021-12-14,36894.75,36894.75,36894.75,36894.75,36894.75,36894.75,36894.75,36894.75,36894.75,36894.75,36894.75,36894.75
2021-12-15,36765.45,36765.45,36765.45,36765.45,36765.45,36765.45,36765.45,36765.45,36765.45,36765.45,36765.45,36765.45
2021-12-16,36591.45,36591.45,36591.45,36591.45,36591.45,36591.45,36591.45,36591.45,36591.45,36591.45,36591.45,36591.45
2021-12-17,35679.45,35679.45,35679.45,35679.45,35679.45,35679.45,35679.45,35679.45,35679.45,35679.45,35679.45,35679.45
2021-12-20,34436.5,34436.5,34436.5,34436.5,34436.5,34436.5,34436.5,34436.5,34436.5,34436.5,34436.5,34436.5
2021-12-21,34664.05,34664.05,34664.05,34664.05,34664.05,34664.05,34664.05,34664.05,34664.05,34664.05,34664.05,34664.05
2021-12-22,35090.05,35090.05,35090.05,35090.05,35090.05,35090.05,35090.05,35090.05,35090.05,35090.05,35090.05,35090.05
2021-12-23,35084.25,35084.25,35084.25,35084.25,35084.25,35084.25,35084.25,35084.25,35084.25,35084.25,35084.25,35084.25
2021-12-24,34876.25,34876.25,34876.25,34876.25,34876.25,34876.25,34876.25,34876.25,34876.25,34876.25,34876.25,34876.25
2021-12-27,35107.35,35107.35,35107.35,35107.35,35107.35,35107.35,35107.35,35107.35,35107.35,35107.35,35107.35,35107.35
2021-12-28,35173.35,35173.35,35173.35,35173.35,35173.35,35173.35,35173.35,35173.35,35173.35,35173.35,35173.35,35173.35
2021-12-29,34945.05,34945.05,34945.05,34945.05,34945.05,34945.05,34945.05,34945.05,34945.05,34945.05,34945.05,34945.05
2021-12-30,35134.2,35134.2,35134.2,35134.2,35134.2,35134.2,35134.2,35134.2,35134.2,35134.2,35134.2,35134.2
2021-12-31,35510.95,35510.95,35510.95,35510.95,35510.95,35510.95,35510.95,35510.95,35510.95,35510.95,35510.95,35510.95
2022-01-03,36465.55,36465.55,36465.55,36465.55,36465.55,36465.55,36465.55,36465.55,36465.55,36465.55,36465.55,36465.55
2022-01-04,36849.9,36849.9,36849.9,36849.9,36849.9,36849.9,36849.9,36849.9,36849.9,36849.9,36849.9,36849.9
2022-01-05,37647.25,37647.25,37647.25,37647.25,37647.25,37647.25,37647.25,37647.25,37647.25,37647.25,37647.25,37647.25
2022-01-06,37485.25,37485.25,37485.25,37485.25,37485.25,37485.25,37485.25,37485.25,37485.25,37485.25,37485.25,37485.25
2022-01-07,37755.1,37755.1,37755.1,37755.1,37755.1,37755.1,37755.1,37755.1,37755.1,37755.1,37755.1,37755.1
2022-01-10,38344.95,38344.95,38344.95,38344.95,38344.95,38344.95,38344.95,38344.95,38344.95,38344.95,38344.95,38344.95
2022-01-11,38440.25,38440.25,38440.25,38440.25,38440.25,38440.25,38440.25,38440.25,38440.25,38440.25,38440.25,38440.25
2022-01-12,38704.75,38704.75,38704.75,38704.75,38704.75,38704.75,38704.75,38704.75,38704.75,38704.75,38704.75,38704.75
2022-01-13,38466.05,38466.05,38466.05,38466.05,38466.05,38466.05,38466.05,38466.05,38466.05,38466.05,38466.05,38466.05
2022-01-14,38305.8,38305.8,38305.8,38305.8,38305.8,38305.8,38305.8,38305.8,38305.8,38305.8,38305.8,38305.8
2022-01-17,38247.9,38247.9,38247.9,38247.9,38247.9,38247.9,38247.9,38247.9,38247.9,38247.9,38247.9,38247.9
2022-01-18,38211.65,38211.65,38211.65,38211.65,38211.65,38211.65,38211.65,38211.65,38211.65,38211.65,38211.65,38211.65
2022-01-19,38066.15,38066.15,38066.15,38066.15,38066.15,38066.15,38066.15,38066.15,38066.15,38066.15,38066.15,38066.15
2022-01-20,37891.6,37891.6,37891.6,37891.6,37891.6,37891.6,37891.6,37891.6,37891.6,37891.6,37891.6,37891.6
2022-01-21,37731.35,37731.35,37731.35,37731.35,37731.35,37731.35,37731.35,37731.35,37731.35,37731.35,37731.35,37731.35
2022-01-24,36834.9,36834.9,36834.9,36834.9,36834.9,36834.9,36834.9,36834.9,36834.9,36834.9,36834.9,36834.9
2022-01-25,37709.4,37709.4,37709.4,37709.4,37709.4,37709.4,37709.4,37709.4,37709.4,37709.4,37709.4,37709.4
2022-01-27,38110.35,38110.35,38110.35,38110.35,38110.35,38110.35,38110.35,38110.35,38110.35,38110.35,38110.35,38110.35
2022-01-28,37678.7,37678.7,37678.7,37678.7,37678.7,37678.7,37678.7,37678.7,37678.7,37678.7,37678.7,37678.7
2022-01-31,37957.5,37957.5,37957.5,37957.5,37957.5,37957.5,37957.5,37957.5,37957.5,37957.5,37957.5,37957.5
2022-02-01,38562.75,38562.75,38562.75,38562.75,38562.75,38562.75,38562.75,38562.75,38562.75,38562.75,38562.75,38562.75
2022-02-02,39338.2,39338.2,39338.2,39338.2,39338.2,39338.2,39338.2,39338.2,39338.2,39338.2,39338.2,39338.2
2022-02-03,38885.25,38885.25,38885.25,38885.25,38885.25,38885.25,38885.25,38885.25,38885.25,38885.25,38885.25,38885.25
2022-02-04,38730.25,38730.25,38730.25,38730.25,38730.25,38730.25,38730.25,38730.25,38730.25,38730.25,38730.25,38730.25
2022-02-07,37995.15,37995.15,37995.15,37995.15,37995.15,37995.15,37995.15,37995.15,37995.15,37995.15,37995.15,37995.15
2022-02-08,37939.2,37939.2,37939.2,37939.2,37939.2,37939.2,37939.2,37939.2,37939.2,37939.2,37939.2,37939.2
2022-02-09,38602.4,38602.4,38602.4,38602.4,38602.4,38602.4,38602.4,38602.4,38602.4,38602.4,38602.4,38602.4
2022-02-10,38962.65,38962.65,38962.65,38962.65,38962.65,38962.65,38962.65,38962.65,38962.65,38962.65,38962.65,38962.65
2022-02-11,38430.7,38430.7,38430.7,38430.7,38430.7,38430.7,38430.7,38430.7,38430.7,38430.7,38430.7,38430.7
2022-02-14,36847.45,36847.45,36847.45,36847.45,36847.45,36847.45,36847.45,36847.45,36847.45,36847.45,36847.45,36847.45
2022-02-15,38159.7,38159.7,38159.7,38159.7,38159.7,38159.7,38159.7,38159.7,38159.7,38159.7,38159.7,38159.7
2022-02-16,37863.65,37863.65,37863.65,37863.65,37863.65,37863.65,37863.65,37863.65,37863.65,37863.65,37863.65,37863.65
2022-02-17,37452.35,37452.35,37452.35,37452.35,37452.35,37452.35,37452.35,37452.35,37452.35,37452.35,37452.35,37452.35
2022-02-18,37570.6,37570.6,37570.6,37570.6,37570.6,37570.6,37570.6,37570.6,37570.6,37570.6,37570.6,37570.6
2022-02-21,37705.9,37705.9,37705.9,37705.9,37705.9,37705.9,37705.9,37705.9,37705.9,37705.9,37705.9,37705.9
2022-02-22,37333.4,37333.4,37333.4,37333.4,37333.4,37333.4,37333.4,37333.4,37333.4,37333.4,37333.4,37333.4
2022-02-23,37364.25,37364.25,37364.25,37364.25,37364.25,37364.25,37364.25,37364.25,37364.25,37364.25,37364.25,37364.25
2022-02-24,35095.25,35095.25,35095.25,35095.25,35095.25,35095.25,35095.25,35095.25,35095.25,35095.25,35095.25,35095.25
2022-02-25,36483.05,36483.05,36483.05,36483.05,36483.05,36483.05,36483.05,36483.05,36483.05,36483.05,36483.05,36483.05
2022-02-28,36196.15,36196.15,36196.15,36196.15,36196.15,36196.15,36196.15,36196.15,36196.15,36196.15,36196.15,36196.15
2022-03-02,35470.35,35470.35,35470.35,35470.35,35470.35,35470.35,35470.35,35470.35,35470.35,35470.35,35470.35,35470.35
2022-03-03,34959.45,34959.45,34959.45,34959.45,34959.45,34959.45,34959.45,34959.45,34959.45,34959.45,34959.45,34959.45
2022-03-04,34376.35,34376.35,34376.35,34376.35,34376.35,34376.35,34376.35,34376.35,34376.35,34376.35,34376.35,34376.35
2022-03-08,33206.45,33206.45,33206.45,33206.45,33206.45,33206.45,33206.45,33206.45,33206.45,33206.45,33206.45,33206.45
2022-03-09,33896.95,33896.95,33896.95,33896.95,33896.95,33896.95,33896.95,33896.95,33896.95,33896.95,33896.95,33896.95
2022-03-10,34400.7,34400.7,34400.7,34400.7,34400.7,34400.7,34400.7,34400.7,34400.7,34400.7,34400.7,34400.7
2022-03-11,34544.2,34544.2,34544.2,34544.2,34544.2,34544.2,34544.2,34544.2,34544.2,34544.2,34544.2,34544.2
2022-03-14,35343.65,35343.65,35343.65,35343.65,35343.65,35343.65,35343.65,35343.65,35343.65,35343.65,35343.65,35343.65
2022-03-15,34937.75,34937.75,34937.75,34937.75,34937.75,34937.75,34937.75,34937.75,34937.75,34937.75,34937.75,34937.75
2022-03-16,35689.3,35689.3,35689.3,35689.3,35689.3,35689.3,35689.3,35689.3,35689.3,35689.3,35689.3,35689.3
2022-03-17,36388.55,36388.55,36388.55,36388.55,36388.55,36388.55,36388.55,36388.55,36388.55,36388.55,36388.55,36388.55
2022-03-21,36042.95,36042.95,36042.95,36042.95,36042.95,36042.95,36042.95,36042.95,36042.95,36042.95,36042.95,36042.95
2022-03-22,36443.65,36443.65,36443.65,36443.65,36443.65,36443.65,36443.65,36443.65,36443.65,36443.65,36443.65,36443.65
2022-03-23,36088.05,36088.05,36088.05,36088.05,36088.05,36088.05,36088.05,36088.05,36088.05,36088.05,36088.05,36088.05
2022-03-24,35526.0,35526.0,35526.0,35526.0,35526.0,35526.0,35526.0,35526.0,35526.0,35526.0,35526.0,35526.0
2022-03-25,35526.7,35526.7,35526.7,35526.7,35526.7,35526.7,35526.7,35526.7,35526.7,35526.7,35526.7,35526.7
2022-03-28,35750.35,35750.35,35750.35,35750.35,35750.35,35750.35,35750.35,35750.35,35750.35,35750.35,35750.35,35750.35
2022-03-29,35923.35,35923.35,35923.35,35923.35,35923.35,35923.35,35923.35,35923.35,35923.35,35923.35,35923.35,35923.35
2022-03-30,36326.75,36326.75,36326.75,36326.75,36326.75,36326.75,36326.75,36326.75,36326.75,36326.75,36326.75,36326.75
2022-03-31,36373.6,36373.6,36373.6,36373.6,36373.6,36373.6,36373.6,36373.6,36373.6,36373.6,36373.6,36373.6
2022-04-01,37158.9,37158.9,37158.9,37158.9,37158.9,37158.9,37158.9,37158.9,37158.9,37158.9,37158.9,37158.9
2022-04-04,38594.55,38594.55,38594.55,38594.55,38594.55,38594.55,38594.55,38594.55,38594.55,38594.55,38594.55,38594.55
2022-04-05,37969.25,37969.25,37969.25,37969.25,37969.25,37969.25,37969.25,37969.25,37969.25,37969.25,37969.25,37969.25
2022-04-06,37588.15,37588.15,37588.15,37588.15,37588.15,37588.15,37588.15,37588.15,37588.15,37588.15,37588.15,37588.15
2022-04-07,37607.9,37607.9,37607.9,37607.9,37607.9,37607.9,37607.9,37607.9,37607.9,37607.9,37607.9,37607.9
2022-04-08,37792.7,37792.7,37792.7,37792.7,37792.7,37792.7,37792.7,37792.7,37792.7,37792.7,37792.7,37792.7
2022-04-11,37649.5,37649.5,37649.5,37649.5,37649.5,37649.5,37649.5,37649.5,37649.5,37649.5,37649.5,37649.5
2022-04-12,37766.0,37766.0,37766.0,37766.0,37766.0,37766.0,37766.0,37766.0,37766.0,37766.0,37766.0,37766.0
2022-04-13,37442.95,37442.95,37442.95,37442.95,37442.95,37442.95,37442.95,37442.95,37442.95,37442.95,37442.95,37442.95
2022-04-18,36791.6,36791.6,36791.6,36791.6,36791.6,36791.6,36791.6,36791.6,36791.6,36791.6,36791.6,36791.6
2022-04-19,36068.65,36068.65,36068.65,36068.65,36068.65,36068.65,36068.65,36068.65,36068.65,36068.65,36068.65,36068.65
2022-04-20,36355.4,36355.4,36355.4,36355.4,36355.4,36355.4,36355.4,36355.4,36355.4,36355.4,36355.4,36355.4
2022-04-21,36911.25,36911.25,36911.25,36911.25,36911.25,36911.25,36911.25,36911.25,36911.25,36911.25,36911.25,36911.25
2022-04-22,36007.45,36007.45,36007.45,36007.45,36007.45,36007.45,36007.45,36007.45,36007.45,36007.45,36007.45,36007.45
2022-04-25,36192.65,36192.65,36192.65,36192.65,36192.65,36192.65,36192.65,36192.65,36192.65,36192.65,36192.65,36192.65
2022-04-26,36386.75,36386.75,36386.75,36386.75,36386.75,36386.75,36386.75,36386.75,36386.75,36386.75,36386.75,36386.75
2022-04-27,36050.3,36050.3,36050.3,36050.3,36050.3,36050.3,36050.3,36050.3,36050.3,36050.3,36050.3,36050.3
2022-04-28,36425.55,36425.55,36425.55,36425.55,36425.55,36425.55,36425.55,36425.55,36425.55,36425.55,36425.55,36425.55
2022-04-29,36064.05,36064.05,36064.05,36064.05,36064.05,36064.05,36064.05,36064.05,36064.05,36064.05,36064.05,36064.05
2022-05-02,36137.4,36137.4,36137.4,36137.4,36137.4,36137.4,36137.4,36137.4,36137.4,36137.4,36137.4,36137.4
2022-05-04,35312.85,35312.85,35312.85,35312.85,35312.85,35312.85,35312.85,35312.85,35312.85,35312.85,35312.85,35312.85
2022-05-05,35163.25,35163.25,35163.25,35163.25,35163.25,35163.25,35163.25,35163.25,35163.25,35163.25,35163.25,35163.25
2022-05-06,34674.7,34674.7,34674.7,34674.7,34674.7,34674.7,34674.7,34674.7,34674.7,34674.7,34674.7,34674.7
2022-05-09,34322.25,34322.25,34322.25,34322.25,34322.25,34322.25,34322.25,34322.25,34322.25,34322.25,34322.25,34322.25
2022-05-10,34426.45,34426.45,34426.45,34426.45,34426.45,34426.45,34426.45,34426.45,34426.45,34426.45,34426.45,34426.45
2022-05-11,34785.3,34785.3,34785.3,34785.3,34785.3,34785.3,34785.3,34785.3,34785.3,34785.3,34785.3,34785.3
2022-05-12,33534.3,33534.3,33534.3,33534.3,33534.3,33534.3,33534.3,33534.3,33534.3,33534.3,33534.3,33534.3
2022-05-13,33082.65,33082.65,33082.65,33082.65,33082.65,33082.65,33082.65,33082.65,33082.65,33082.65,33082.65,33082.65
2022-05-16,33636.35,33636.35,33636.35,33636.35,33636.35,33636.35,33636.35,33636.35,33636.35,33636.35,33636.35,33636.35
2022-05-17,34344.1,34344.1,34344.1,34344.1,34344.1,34344.1,34344.1,34344.1,34344.1,34344.1,34344.1,34344.1
2022-05-18,34200.85,34200.85,34200.85,34200.85,34200.85,34200.85,34200.85,34200.85,34200.85,34200.85,34200.85,34200.85
2022-05-19,33358.1,33358.1,33358.1,33358.1,33358.1,33358.1,33358.1,33358.1,33358.1,33358.1,33358.1,33358.1
2022-05-20,34319.6,34319.6,34319.6,34319.6,34319.6,34319.6,34319.6,34319.6,34319.6,34319.6,34319.6,34319.6
2022-05-23,34161.75,34161.75,34161.75,34161.75,34161.75,34161.75,34161.75,34161.75,34161.75,34161.75,34161.75,34161.75
2022-05-24,34306.5,34306.5,34306.5,34306.5,34306.5,34306.5,34306.5,34306.5,34306.5,34306.5,34306.5,34306.5
2022-05-25,34319.55,34319.55,34319.55,34319.55,34319.55,34319.55,34319.55,34319.55,34319.55,34319.55,34319.55,34319.55
2022-05-26,35198.15,35198.15,35198.15,35198.15,35198.15,35198.15,35198.15,35198.15,35198.15,35198.15,35198.15,35198.15
2022-05-27,35617.7,35617.7,35617.7,35617.7,35617.7,35617.7,35617.7,35617.7,35617.7,35617.7,35617.7,35617.7
2022-05-30,35841.2,35841.2,35841.2,35841.2,35841.2,35841.2,35841.2,35841.2,35841.2,35841.2,35841.2,35841.2
2022-05-31,35363.4,35363.4,35363.4,35363.4,35363.4,35363.4,35363.4,35363.4,35363.4,35363.4,35363.4,35363.4
2022-06-01,35681.35,35681.35,35681.35,35681.35,35681.35,35681.35,35681.35,35681.35,35681.35,35681.35,35681.35,35681.35
2022-06-02,35618.5,35618.5,35618.5,35618.5,35618.5,35618.5,35618.5,35618.5,35618.5,35618.5,35618.5,35618.5
2022-06-03,35295.55,35295.55,35295.55,35295.55,35295.55,35295.55,35295.55,35295.55,35295.55,35295.55,35295.55,35295.55
2022-06-06,35311.05,35311.05,35311.05,35311.05,35311.05,35311.05,35311.05,35311.05,35311.05,35311.05,35311.05,35311.05
2022-06-07,34978.05,34978.05,34978.05,34978.05,34978.05,34978.05,34978.05,34978.05,34978.05,34978.05,34978.05,34978.05
2022-06-08,34906.1,34906.1,34906.1,34906.1,34906.1,34906.1,34906.1,34906.1,34906.1,34906.1,34906.1,34906.1
2022-06-09,35113.35,35113.35,35113.35,35113.35,35113.35,35113.35,35113.35,35113.35,35113.35,35113.35,35113.35,35113.35
2022-06-10,34485.7,34485.7,34485.7,34485.7,34485.7,34485.7,34485.7,34485.7,34485.7,34485.7,34485.7,34485.7
2022-06-13,33449.65,33449.65,33449.65,33449.65,33449.65,33449.65,33449.65,33449.65,33449.65,33449.65,33449.65,33449.65
2022-06-14,33329.55,33329.55,33329.55,33329.55,33329.55,33329.55,33329.55,33329.55,33329.55,33329.55,33329.55,33329.55
2022-06-15,33345.05,33345.05,33345.05,33345.05,33345.05,33345.05,33345.05,33345.05,33345.05,33345.05,33345.05,33345.05
2022-06-16,32571.6,32571.6,32571.6,32571.6,32571.6,32571.6,32571.6,32571.6,32571.6,32571.6,32571.6,32571.6
2022-06-17,32857.05,32857.05,32857.05,32857.05,32857.05,32857.05,32857.05,32857.05,32857.05,32857.05,32857.05,32857.05
2022-06-20,32699.8,32699.8,32699.8,32699.8,32699.8,32699.8,32699.8,32699.8,32699.8,32699.8,32699.8,32699.8
2022-06-21,33174.0,33174.0,33174.0,33174.0,33174.0,33174.0,33174.0,33174.0,33174.0,33174.0,33174.0,33174.0
2022-06-22,32793.5,32793.5,32793.5,32793.5,32793.5,32793.5,32793.5,32793.5,32793.5,32793.5,32793.5,32793.5
2022-06-23,33171.05,33171.05,33171.05,33171.05,33171.05,33171.05,33171.05,33171.05,33171.05,33171.05,33171.05,33171.05
2022-06-24,33654.2,33654.2,33654.2,33654.2,33654.2,33654.2,33654.2,33654.2,33654.2,33654.2,33654.2,33654.2
2022-06-27,33827.8,33827.8,33827.8,33827.8,33827.8,33827.8,33827.8,33827.8,33827.8,33827.8,33827.8,33827.8
2022-06-28,33692.25,33692.25,33692.25,33692.25,33692.25,33692.25,33692.25,33692.25,33692.25,33692.25,33692.25,33692.25
2022-06-29,33250.15,33250.15,33250.15,33250.15,33250.15,33250.15,33250.15,33250.15,33250.15,33250.15,33250.15,33250.15
2022-06-30,33365.5,33365.5,33365.5,33365.5,33365.5,33365.5,33365.5,33365.5,33365.5,33365.5,33365.5,33365.5
2022-07-01,33619.3,33619.3,33619.3,33619.3,33619.3,33619.3,33619.3,33619.3,33619.3,33619.3,33619.3,33619.3
2022-07-04,33959.2,33959.2,33959.2,33959.2,33959.2,33959.2,33959.2,33959.2,33959.2,33959.2,33959.2,33959.2
2022-07-05,33769.4,33769.4,33769.4,33769.4,33769.4,33769.4,33769.4,33769.4,33769.4,33769.4,33769.4,33769.4
2022-07-06,34355.55,34355.55,34355.55,34355.55,34355.55,34355.55,34355.55,34355.55,34355.55,34355.55,34355.55,34355.55
2022-07-07,34930.6,34930.6,34930.6,34930.6,34930.6,34930.6,34930.6,34930.6,34930.6,34930.6,34930.6,34930.6
2022-07-08,35130.95,35130.95,35130.95,35130.95,35130.95,35130.95,35130.95,35130.95,35130.95,35130.95,35130.95,35130.95
2022-07-11,35442.2,35442.2,35442.2,35442.2,35442.2,35442.2,35442.2,35442.2,35442.2,35442.2,35442.2,35442.2
2022-07-12,35070.65,35070.65,35070.65,35070.65,35070.65,35070.65,35070.65,35070.65,35070.65,35070.65,35070.65,35070.65
2022-07-13,34818.9,34818.9,34818.9,34818.9,34818.9,34818.9,34818.9,34818.9,34818.9,34818.9,34818.9,34818.9
2022-07-14,34663.15,34663.15,34663.15,34663.15,34663.15,34663.15,34663.15,34663.15,34663.15,34663.15,34663.15,34663.15
2022-07-15,34704.85,34704.85,34704.85,34704.85,34704.85,34704.85,34704.85,34704.85,34704.85,34704.85,34704.85,34704.85
2022-07-18,35345.8,35345.8,35345.8,35345.8,35345.8,35345.8,35345.8,35345.8,35345.8,35345.8,35345.8,35345.8
2022-07-19,35701.35,35701.35,35701.35,35701.35,35701.35,35701.35,35701.35,35701.35,35701.35,35701.35,35701.35,35701.35
2022-07-20,35892.65,35892.65,35892.65,35892.65,35892.65,35892.65,35892.65,35892.65,35892.65,35892.65,35892.65,35892.65
2022-07-21,36226.15,36226.15,36226.15,36226.15,36226.15,36226.15,36226.15,36226.15,36226.15,36226.15,36226.15,36226.15
2022-07-22,36737.05,36737.05,36737.05,36737.05,36737.05,36737.05,36737.05,36737.05,36737.05,36737.05,36737.05,36737.05
2022-07-25,36673.0,36673.0,36673.0,36673.0,36673.0,36673.0,36673.0,36673.0,36673.0,36673.0,36673.0,36673.0
2022-07-26,36349.85,36349.85,36349.85,36349.85,36349.85,36349.85,36349.85,36349.85,36349.85,36349.85,36349.85,36349.85
2022-07-27,36785.1,36785.1,36785.1,36785.1,36785.1,36785.1,36785.1,36785.1,36785.1,36785.1,36785.1,36785.1
2022-07-28,37336.25,37336.25,37336.25,37336.25,37336.25,37336.25,37336.25,37336.25,37336.25,37336.25,37336.25,37336.25
2022-07-29,37499.15,37499.15,37499.15,37499.15,37499.15,37499.15,37499.15,37499.15,37499.15,37499.15,37499.15,37499.15
2022-08-01,37875.1,37875.1,37875.1,37875.1,37875.1,37875.1,37875.1,37875.1,37875.1,37875.1,37875.1,37875.1
2022-08-02,37877.75,37877.75,37877.75,37877.75,37877.75,37877.75,37877.75,37877.75,37877.75,37877.75,37877.75,37877.75
2022-08-03,37999.7,37999.7,37999.7,37999.7,37999.7,37999.7,37999.7,37999.7,37999.7,37999.7,37999.7,37999.7
2022-08-04,37687.95,37687.95,37687.95,37687.95,37687.95,37687.95,37687.95,37687.95,37687.95,37687.95,37687.95,37687.95
2022-08-05,37908.7,37908.7,37908.7,37908.7,37908.7,37908.7,37908.7,37908.7,37908.7,37908.7,37908.7,37908.7
2022-08-08,38244.75,38244.75,38244.75,38244.75,38244.75,38244.75,38244.75,38244.75,38244.75,38244.75,38244.75,38244.75
2022-08-10,38277.7,38277.7,38277.7,38277.7,38277.7,38277.7,38277.7,38277.7,38277.7,38277.7,38277.7,38277.7
2022-08-11,38835.95,38835.95,38835.95,38835.95,38835.95,38835.95,38835.95,38835.95,38835.95,38835.95,38835.95,38835.95
2022-08-12,39052.35,39052.35,39052.35,39052.35,39052.35,39052.35,39052.35,39052.35,39052.35,39052.35,39052.35,39052.35
2022-08-16,39243.55,39243.55,39243.55,39243.55,39243.55,39243.55,39243.55,39243.55,39243.55,39243.55,39243.55,39243.55
2022-08-17,39416.2,39416.2,39416.2,39416.2,39416.2,39416.2,39416.2,39416.2,39416.2,39416.2,39416.2,39416.2
2022-08-18,39670.8,39670.8,39670.8,39670.8,39670.8,39670.8,39670.8,39670.8,39670.8,39670.8,39670.8,39670.8
2022-08-22,38327.75,38327.75,38327.75,38327.75,38327.75,38327.75,38327.75,38327.75,38327.75,38327.75,38327.75,38327.75
2022-08-23,38852.2,38852.2,38852.2,38852.2,38852.2,38852.2,38852.2,38852.2,38852.2,38852.2,38852.2,38852.2
2022-08-24,39087.25,39087.25,39087.25,39087.25,39087.25,39087.25,39087.25,39087.25,39087.25,39087.25,39087.25,39087.25
2022-08-25,38847.0,38847.0,38847.0,38847.0,38847.0,38847.0,38847.0,38847.0,38847.0,38847.0,38847.0,38847.0
2022-08-26,39034.25,39034.25,39034.25,39034.25,39034.25,39034.25,39034.25,39034.25,39034.25,39034.25,39034.25,39034.25
2022-08-29,38333.9,38333.9,38333.9,38333.9,38333.9,38333.9,38333.9,38333.9,38333.9,38333.9,38333.9,38333.9
2022-08-30,39520.35,39520.35,39520.35,39520.35,39520.35,39520.35,39520.35,39520.35,39520.35,39520.35,39520.35,39520.35
2022-09-01,39345.8,39345.8,39345.8,39345.8,39345.8,39345.8,39345.8,39345.8,39345.8,39345.8,39345.8,39345.8
2022-09-02,39376.65,39376.65,39376.65,39376.65,39376.65,39376.65,39376.65,39376.65,39376.65,39376.65,39376.65,39376.65
2022-09-05,39754.45,39754.45,39754.45,39754.45,39754.45,39754.45,39754.45,39754.45,39754.45,39754.45,39754.45,39754.45
2022-09-06,39673.3,39673.3,39673.3,39673.3,39673.3,39673.3,39673.3,39673.3,39673.3,39673.3,39673.3,39673.3
2022-09-07,39454.6,39454.6,39454.6,39454.6,39454.6,39454.6,39454.6,39454.6,39454.6,39454.6,39454.6,39454.6
2022-09-08,40242.1,40242.1,40242.1,40242.1,40242.1,40242.1,40242.1,40242.1,40242.1,40242.1,40242.1,40242.1
2022-09-09,40388.15,40388.15,40388.15,40388.15,40388.15,40388.15,40388.15,40388.15,40388.15,40388.15,40388.15,40388.15
2022-09-12,40561.5,40561.5,40561.5,40561.5,40561.5,40561.5,40561.5,40561.5,40561.5,40561.5,40561.5,40561.5
2022-09-13,40873.55,40873.55,40873.55,40873.55,40873.55,40873.55,40873.55,40873.55,40873.55,40873.55,40873.55,40873.55
2022-09-14,41369.25,41369.25,41369.25,41369.25,41369.25,41369.25,41369.25,41369.25,41369.25,41369.25,41369.25,41369.25
2022-09-15,41208.45,41208.45,41208.45,41208.45,41208.45,41208.45,41208.45,41208.45,41208.45,41208.45,41208.45,41208.45
2022-09-16,40825.15,40825.15,40825.15,40825.15,40825.15,40825.15,40825.15,40825.15,40825.15,40825.15,40825.15,40825.15
2022-09-19,40964.25,40964.25,40964.25,40964.25,40964.25,40964.25,40964.25,40964.25,40964.25,40964.25,40964.25,40964.25
2022-09-20,41413.4,41413.4,41413.4,41413.4,41413.4,41413.4,41413.4,41413.4,41413.4,41413.4,41413.4,41413.4
2022-09-21,41202.1,41202.1,41202.1,41202.1,41202.1,41202.1,41202.1,41202.1,41202.1,41202.1,41202.1,41202.1
2022-09-22,40637.3,40637.3,40637.3,40637.3,40637.3,40637.3,40637.3,40637.3,40637.3,40637.3,40637.3,40637.3
2022-09-23,39555.35,39555.35,39555.35,39555.35,39555.35,39555.35,39555.35,39555.35,39555.35,39555.35,39555.35,39555.35
2022-09-26,38661.45,38661.45,38661.45,38661.45,38661.45,38661.45,38661.45,38661.45,38661.45,38661.45,38661.45,38661.45
2022-09-27,38526.3,38526.3,38526.3,38526.3,38526.3,38526.3,38526.3,38526.3,38526.3,38526.3,38526.3,38526.3
2022-09-28,37676.8,37676.8,37676.8,37676.8,37676.8,37676.8,37676.8,37676.8,37676.8,37676.8,37676.8,37676.8
2022-09-29,37691.7,37691.7,37691.7,37691.7,37691.7,37691.7,37691.7,37691.7,37691.7,37691.7,37691.7,37691.7
2022-09-30,38702.75,38702.75,38702.75,38702.75,38702.75,38702.75,38702.75,38702.75,38702.75,38702.75,38702.75,38702.75
2022-10-03,37978.75,37978.75,37978.75,37978.75,37978.75,37978.75,37978.75,37978.75,37978.75,37978.75,37978.75,37978.75
2022-10-04,39136.8,39136.8,39136.8,39136.8,39136.8,39136.8,39136.8,39136.8,39136.8,39136.8,39136.8,39136.8
2022-10-06,39239.25,39239.25,39239.25,39239.25,39239.25,39239.25,39239.25,39239.25,39239.25,39239.25,39239.25,39239.25
2022-10-07,39199.4,39199.4,39199.4,39199.4,39199.4,39199.4,39199.4,39199.4,39199.4,39199.4,39199.4,39199.4
2022-10-10,39112.9,39112.9,39112.9,39112.9,39112.9,39112.9,39112.9,39112.9,39112.9,39112.9,39112.9,39112.9
2022-10-11,38662.55,38662.55,38662.55,38662.55,38662.55,38662.55,38662.55,38662.55,38662.55,38662.55,38662.55,38662.55
2022-10-12,39128.6,39128.6,39128.6,39128.6,39128.6,39128.6,39128.6,39128.6,39128.6,39128.6,39128.6,39128.6
2022-10-13,38658.1,38658.1,38658.1,38658.1,38658.1,38658.1,38658.1,38658.1,38658.1,38658.1,38658.1,38658.1
2022-10-14,39370.65,39370.65,39370.65,39370.65,39370.65,39370.65,39370.65,39370.65,39370.65,39370.65,39370.65,39370.65
2022-10-17,39959.45,39959.45,39959.45,39959.45,39959.45,39959.45,39959.45,39959.45,39959.45,39959.45,39959.45,39959.45
2022-10-18,40306.75,40306.75,40306.75,40306.75,40306.75,40306.75,40306.75,40306.75,40306.75,40306.75,40306.75,40306.75
2022-10-19,40379.95,40379.95,40379.95,40379.95,40379.95,40379.95,40379.95,40379.95,40379.95,40379.95,40379.95,40379.95
2022-10-20,40116.0,40116.0,40116.0,40116.0,40116.0,40116.0,40116.0,40116.0,40116.0,40116.0,40116.0,40116.0
2022-10-21,40875.05,40875.05,40875.05,40875.05,40875.05,40875.05,40875.05,40875.05,40875.05,40875.05,40875.05,40875.05
2022-10-25,41045.5,41045.5,41045.5,41045.5,41045.5,41045.5,41045.5,41045.5,41045.5,41045.5,41045.5,41045.5
2022-10-27,41327.8,41327.8,41327.8,41327.8,41327.8,41327.8,41327.8,41327.8,41327.8,41327.8,41327.8,41327.8
2022-10-28,41034.55,41034.55,41034.55,41034.55,41034.55,41034.55,41034.55,41034.55,41034.55,41034.55,41034.55,41034.55
2022-10-31,41314.9,41314.9,41314.9,41314.9,41314.9,41314.9,41314.9,41314.9,41314.9,41314.9,41314.9,41314.9
2022-11-01,41268.6,41268.6,41268.6,41268.6,41268.6,41268.6,41268.6,41268.6,41268.6,41268.6,41268.6,41268.6
2022-11-02,41114.45,41114.45,41114.45,41114.45,41114.45,41114.45,41114.45,41114.45,41114.45,41114.45,41114.45,41114.45
2022-11-03,41304.65,41304.65,41304.65,41304.65,41304.65,41304.65,41304.65,41304.65,41304.65,41304.65,41304.65,41304.65
2022-11-04,41298.6,41298.6,41298.6,41298.6,41298.6,41298.6,41298.6,41298.6,41298.6,41298.6,41298.6,41298.6
2022-11-07,41698.8,41698.8,41698.8,41698.8,41698.8,41698.8,41698.8,41698.8,41698.8,41698.8,41698.8,41698.8
2022-11-09,41698.05,41698.05,41698.05,41698.05,41698.05,41698.05,41698.05,41698.05,41698.05,41698.05,41698.05,41698.05
2022-11-10,41593.6,41593.6,41593.6,41593.6,41593.6,41593.6,41593.6,41593.6,41593.6,41593.6,41593.6,41593.6
2022-11-11,42144.85,42144.85,42144.85,42144.85,42144.85,42144.85,42144.85,42144.85,42144.85,42144.85,42144.85,42144.85
2022-11-14,42059.3,42059.3,42059.3,42059.3,42059.3,42059.3,42059.3,42059.3,42059.3,42059.3,42059.3,42059.3
2022-11-15,42430.25,42430.25,42430.25,42430.25,42430.25,42430.25,42430.25,42430.25,42430.25,42430.25,42430.25,42430.25
2022-11-16,42484.65,42484.65,42484.65,42484.65,42484.65,42484.65,42484.65,42484.65,42484.65,42484.65,42484.65,42484.65
2022-11-17,42426.75,42426.75,42426.75,42426.75,42426.75,42426.75,42426.75,42426.75,42426.75,42426.75,42426.75,42426.75
2022-11-18,42420.1,42420.1,42420.1,42420.1,42420.1,42420.1,42420.1,42420.1,42420.1,42420.1,42420.1,42420.1
2022-11-21,42334.15,42334.15,42334.15,42334.15,42334.15,42334.15,42334.15,42334.15,42334.15,42334.15,42334.15,42334.15
2022-11-22,42475.0,42475.0,42475.0,42475.0,42475.0,42475.0,42475.0,42475.0,42475.0,42475.0,42475.0,42475.0
2022-11-23,42676.0,42676.0,42676.0,42676.0,42676.0,42676.0,42676.0,42676.0,42676.0,42676.0,42676.0,42676.0
2022-11-24,43102.15,43102.15,43102.15,43102.15,43102.15,43102.15,43102.15,43102.15,43102.15,43102.15,43102.15,43102.15
2022-11-25,42961.35,42961.35,42961.35,42961.35,42961.35,42961.35,42961.35,42961.35,42961.35,42961.35,42961.35,42961.35
2022-11-28,42986.75,42986.75,42986.75,42986.75,42986.75,42986.75,42986.75,42986.75,42986.75,42986.75,42986.75,42986.75
2022-11-29,43045.3,43045.3,43045.3,43045.3,43045.3,43045.3,43045.3,43045.3,43045.3,43045.3,43045.3,43045.3
2022-11-30,43251.85,43251.85,43251.85,43251.85,43251.85,43251.85,43251.85,43251.85,43251.85,43251.85,43251.85,43251.85
2022-12-01,43217.65,43217.65,43217.65,43217.65,43217.65,43217.65,43217.65,43217.65,43217.65,43217.65,43217.65,43217.65
2022-12-02,43098.6,43098.6,43098.6,43098.6,43098.6,43098.6,43098.6,43098.6,43098.6,43098.6,43098.6,43098.6
2022-12-05,43321.3,43321.3,43321.3,43321.3,43321.3,43321.3,43321.3,43321.3,43321.3,43321.3,43321.3,43321.3
2022-12-06,43141.45,43141.45,43141.45,43141.45,43141.45,43141.45,43141.45,43141.45,43141.45,43141.45,43141.45,43141.45
2022-12-07,43108.8,43108.8,43108.8,43108.8,43108.8,43108.8,43108.8,43108.8,43108.8,43108.8,43108.8,43108.8
2022-12-08,43629.4,43629.4,43629.4,43629.4,43629.4,43629.4,43629.4,43629.4,43629.4,43629.4,43629.4,43629.4
2022-12-09,43627.5,43627.5,43627.5,43627.5,43627.5,43627.5,43627.5,43627.5,43627.5,43627.5,43627.5,43627.5
2022-12-12,43697.05,43697.05,43697.05,43697.05,43697.05,43697.05,43697.05,43697.05,43697.05,43697.05,43697.05,43697.05
2022-12-13,43914.25,43914.25,43914.25,43914.25,43914.25,43914.25,43914.25,43914.25,43914.25,43914.25,43914.25,43914.25
2022-12-14,44014.5,44014.5,44014.5,44014.5,44014.5,44014.5,44014.5,44014.5,44014.5,44014.5,44014.5,44014.5
2022-12-15,43389.85,43389.85,43389.85,43389.85,43389.85,43389.85,43389.85,43389.85,43389.85,43389.85,43389.85,43389.85
