from_date,to_date,NetRealizedPnL,NetUnrealizedPnlPerc,TotalGL,Nifty
04-04-2018,04-04-2018,-34663.2,0,-34663.2,10128.40039
11-04-2018,11-04-2018,72340,0,72340,10417.15039
18-04-2018,18-04-2018,27620,0,27620,10526.2002
19-04-2018,19-04-2018,-180220,0,-180220,10565.2998
20-04-2018,20-04-2018,-75861.6,0,-75861.6,10564.0498
24-04-2018,24-04-2018,408788,0,408788,10614.34961
25-04-2018,25-04-2018,22580,0,22580,10570.5498
02-05-2018,02-05-2018,120,0,120,10718.0498
10-05-2018,10-05-2018,39280,0,39280,10716.5498
15-05-2018,15-05-2018,-341331,0,-341331,10801.84961
18-05-2018,18-05-2018,25038,0,25038,10596.40039
21-05-2018,21-05-2018,53550,0,53550,10516.7002
22-05-2018,22-05-2018,114795,0,114795,10536.7002
23-05-2018,23-05-2018,372393.75,0,372393.75,10430.34961
24-05-2018,24-05-2018,-483640,0,-483640,10513.84961
25-05-2018,25-05-2018,-425215.5,0,-425215.5,10605.15039
29-05-2018,29-05-2018,411180,0,411180,10633.2998
30-05-2018,30-05-2018,-227866.5,0,-227866.5,10614.34961
31-05-2018,31-05-2018,39949,0,39949,10736.15039
05-06-2018,05-06-2018,-241380,0,-241380,10593.15039
06-06-2018,06-06-2018,91084.5,0,91084.5,10684.65039
07-06-2018,07-06-2018,566980,0,566980,10768.34961
11-06-2018,11-06-2018,-107660,0,-107660,10786.9502
14-06-2018,14-06-2018,195760,0,195760,10808.0498
19-06-2018,19-06-2018,-38920,0,-38920,10710.4502
20-06-2018,20-06-2018,-370895.5,0,-370895.5,10772.0498
21-06-2018,21-06-2018,358100,0,358100,10741.09961
25-06-2018,25-06-2018,97452.4,0,97452.4,10762.4502
27-06-2018,27-06-2018,633700.45,0,633700.45,10671.40039
28-06-2018,28-06-2018,-138961.15,0,-138961.15,10589.09961
05-07-2018,05-07-2018,13661.6,0,13661.6,10749.75
09-07-2018,09-07-2018,22334,0,22334,10852.90039
10-07-2018,10-07-2018,289727,0,289727,10947.25
11-07-2018,11-07-2018,16536,0,16536,10948.2998
12-07-2018,12-07-2018,60660,0,60660,11023.2002
13-07-2018,13-07-2018,162200,0,162200,11018.90039
16-07-2018,16-07-2018,-85660,0,-85660,10936.84961
17-07-2018,17-07-2018,-324680,0,-324680,11008.0498
19-07-2018,19-07-2018,-330656.4,0,-330656.4,10957.09961
23-07-2018,23-07-2018,18056.25,0,18056.25,11084.75
24-07-2018,24-07-2018,-266720,0,-266720,11134.2998
25-07-2018,25-07-2018,139785.6,0,139785.6,11132
26-07-2018,26-07-2018,542029.7,0,542029.7,11167.2998
30-07-2018,30-07-2018,70900,0,70900,11319.5498
02-08-2018,02-08-2018,125810,0,125810,11244.7002
03-08-2018,03-08-2018,74180,0,74180,11360.7998
08-08-2018,08-08-2018,-171120,0,-171120,11450
16-08-2018,16-08-2018,21143.2,0,21143.2,11385.0498
17-08-2018,17-08-2018,159157.5,0,159157.5,11470.75
20-08-2018,20-08-2018,-23510,0,-23510,11551.75
23-08-2018,23-08-2018,100778.8,0,100778.8,11582.75
27-08-2018,27-08-2018,-42962.4,0,-42962.4,11691.9502
28-08-2018,28-08-2018,-848714.4,0,-848714.4,11738.5
30-08-2018,30-08-2018,334860,0,334860,11676.7998
03-09-2018,03-09-2018,107140,0,107140,11582.34961
04-09-2018,04-09-2018,72320,0,72320,11520.2998
05-09-2018,05-09-2018,355640,0,355640,11476.9502
06-09-2018,06-09-2018,-958140,0,-958140,11536.90039
11-09-2018,11-09-2018,-33720,0,-33720,11287.5
12-09-2018,12-09-2018,-4620,0,-4620,11369.90039
18-09-2018,18-09-2018,362720,0,362720,11278.90039
19-09-2018,19-09-2018,-338040,0,-338040,11234.34961
21-09-2018,21-09-2018,182128.5,0,182128.5,11143.09961
24-09-2018,24-09-2018,506838.5,0,506838.5,10967.40039
25-09-2018,25-09-2018,-337600,0,-337600,11067.4502
26-09-2018,26-09-2018,-85350,0,-85350,11053.7998
27-09-2018,27-09-2018,486296.27,0,486296.27,10977.5498
28-09-2018,28-09-2018,6440,0,6440,10930.4502
01-10-2018,01-10-2018,98180,0,98180,11008.2998
03-10-2018,03-10-2018,-389990,0,-389990,10858.25
04-10-2018,04-10-2018,326285.25,0,326285.25,10599.25
05-10-2018,05-10-2018,641255.5,0,641255.5,10316.4502
08-10-2018,08-10-2018,-238480,0,-238480,10348.0498
09-10-2018,09-10-2018,-120260,0,-120260,10301.0498
10-10-2018,10-10-2018,-575260,0,-575260,10460.09961
11-10-2018,11-10-2018,817227.6,0,817227.6,10234.65039
15-10-2018,15-10-2018,379640,0,379640,10512.5
16-10-2018,16-10-2018,-337739.6,0,-337739.6,10584.75
17-10-2018,17-10-2018,915524,0,915524,10453.0498
19-10-2018,19-10-2018,126015.75,0,126015.75,10303.5498
24-10-2018,24-10-2018,299809.75,0,299809.75,10224.75
25-10-2018,25-10-2018,-660602.25,0,-660602.25,10124.90039
29-10-2018,29-10-2018,-120650,0,-120650,10250.84961
30-10-2018,30-10-2018,702.4,0,702.4,10198.40039
31-10-2018,31-10-2018,891837.3,0,891837.3,10386.59961
01-11-2018,01-11-2018,-263417.4,0,-263417.4,10380.4502
02-11-2018,02-11-2018,158968.8,0,158968.8,10553
05-11-2018,05-11-2018,142308.9,0,142308.9,10524
06-11-2018,06-11-2018,271278,0,271278,10530
13-11-2018,13-11-2018,-93534.8,0,-93534.8,10582.5
14-11-2018,14-11-2018,264124,0,264124,10576.2998
15-11-2018,15-11-2018,-631470,0,-631470,10616.7002
16-11-2018,16-11-2018,143085.75,0,143085.75,10682.2002
19-11-2018,19-11-2018,201015.75,0,201015.75,10763.40039
20-11-2018,20-11-2018,-75351.85,0,-75351.85,10656.2002
21-11-2018,21-11-2018,677046.25,0,677046.25,10600.0498
22-11-2018,22-11-2018,-21660.4,0,-21660.4,10526.75
26-11-2018,26-11-2018,-85151.25,0,-85151.25,10628.59961
27-11-2018,27-11-2018,36828,0,36828,10685.59961
28-11-2018,28-11-2018,445668,0,445668,10728.84961
29-11-2018,29-11-2018,-705716.75,0,-705716.75,10858.7002
03-12-2018,03-12-2018,62960,0,62960,10883.75
04-12-2018,04-12-2018,-27792,0,-27792,10869.5
05-12-2018,05-12-2018,724981.5,0,724981.5,10782.90039
06-12-2018,06-12-2018,-432287.45,0,-432287.45,10601.15039
07-12-2018,07-12-2018,-78909.75,0,-78909.75,10693.7002
10-12-2018,10-12-2018,9534,0,9534,10488.4502
11-12-2018,11-12-2018,107938.75,0,107938.75,10549.15039
12-12-2018,12-12-2018,330540,0,330540,10737.59961
13-12-2018,13-12-2018,663740.6,0,663740.6,10791.5498
14-12-2018,14-12-2018,7200,0,7200,10805.4502
17-12-2018,17-12-2018,-223750,0,-223750,10888.34961
18-12-2018,18-12-2018,655859,0,655859,10908.7002
19-12-2018,19-12-2018,19010,0,19010,10967.2998
20-12-2018,20-12-2018,773283,0,773283,10951.7002
21-12-2018,21-12-2018,-1076189.85,0,-1076189.85,10754
24-12-2018,24-12-2018,1713.55,0,1713.55,10663.5
26-12-2018,26-12-2018,-222140,0,-222140,10729.84961
27-12-2018,27-12-2018,-406860,0,-406860,10779.7998
28-12-2018,28-12-2018,11475,0,11475,10859.90039
31-12-2018,31-12-2018,15705,0,15705,10862.5498
01-01-2019,01-01-2019,-622738.8,0,-622738.8,#N/A
02-01-2019,02-01-2019,453301.1,0,453301.1,10792.5
03-01-2019,03-01-2019,-67491,0,-67491,10672.25
04-01-2019,04-01-2019,183878.66,0,183878.66,10727.34961
07-01-2019,07-01-2019,-55530,0,-55530,10771.7998
08-01-2019,08-01-2019,132513.5,0,132513.5,10802.15039
09-01-2019,09-01-2019,732150,0,732150,10855.15039
10-01-2019,10-01-2019,-168856.4,0,-168856.4,10821.59961
14-01-2019,14-01-2019,-5674,0,-5674,10737.59961
15-01-2019,15-01-2019,5721,0,5721,10886.7998
16-01-2019,16-01-2019,173780,0,173780,10890.2998
17-01-2019,17-01-2019,352143.4,0,352143.4,10905.2002
18-01-2019,18-01-2019,-449100.95,0,-449100.95,10906.9502
21-01-2019,21-01-2019,3372,0,3372,10961.84961
22-01-2019,22-01-2019,295627.55,0,295627.55,10922.75
23-01-2019,23-01-2019,365744.8,0,365744.8,10831.5
24-01-2019,24-01-2019,66540,0,66540,10849.7998
25-01-2019,25-01-2019,246907.5,0,246907.5,10780.5498
28-01-2019,28-01-2019,-513124.5,0,-513124.5,10661.5498
29-01-2019,29-01-2019,1286844.55,0,1286844.55,10652.2002
30-01-2019,30-01-2019,-1351910.45,0,-1351910.45,10651.7998
31-01-2019,31-01-2019,128538.5,0,128538.5,10830.9502
01-02-2019,01-02-2019,31258,0,31258,10893.65039
04-02-2019,04-02-2019,-30983.5,0,-30983.5,10912.25
05-02-2019,05-02-2019,13900,0,13900,10934.34961
06-02-2019,06-02-2019,264500,0,264500,11062.4502
07-02-2019,07-02-2019,-191466,0,-191466,11069.40039
12-02-2019,12-02-2019,-93447.25,0,-93447.25,10831.40039
13-02-2019,13-02-2019,71082.5,0,71082.5,#N/A
14-02-2019,14-02-2019,581442.2,0,581442.2,10746.0498
15-02-2019,15-02-2019,18620,0,18620,10724.40039
18-02-2019,18-02-2019,-111704,0,-111704,10640.9502
19-02-2019,19-02-2019,145273.5,0,145273.5,10604.34961
20-02-2019,20-02-2019,69380,0,69380,10735.4502
21-02-2019,21-02-2019,-539861.25,0,-539861.25,10789.84961
22-02-2019,22-02-2019,122500,0,122500,10791.65039
26-02-2019,26-02-2019,201530.75,0,201530.75,10835.2998
27-02-2019,27-02-2019,262103.25,0,262103.25,10806.65039
28-02-2019,28-02-2019,-280534,0,-280534,10792.5
01-03-2019,01-03-2019,287420,0,287420,10863.5
05-03-2019,05-03-2019,-133824.95,0,-133824.95,10987.4502
06-03-2019,06-03-2019,5670,0,5670,11053
07-03-2019,07-03-2019,626398.5,0,626398.5,11058.2002
08-03-2019,08-03-2019,16800,0,16800,11035.40039
11-03-2019,11-03-2019,330117.25,0,330117.25,11168.0498
12-03-2019,12-03-2019,827502.5,0,827502.5,11301.2002
13-03-2019,13-03-2019,845325,0,845325,11341.7002
14-03-2019,14-03-2019,-1684147.25,0,-1684147.25,11343.25
15-03-2019,15-03-2019,303280,0,303280,11426.84961
18-03-2019,18-03-2019,-806141,0,-806141,11462.2002
19-03-2019,19-03-2019,798420,0,798420,11532.40039
20-03-2019,20-03-2019,418621,0,418621,11521.0498
22-03-2019,22-03-2019,39123,0,39123,11456.90039
25-03-2019,25-03-2019,-262904,0,-262904,11354.25
26-03-2019,26-03-2019,-1132795.45,0,-1132795.45,11483.25
27-03-2019,27-03-2019,-198319,0,-198319,11445.0498
28-03-2019,28-03-2019,-152751,0,-152751,11570
02-04-2019,02-04-2019,16100,0,16100,11713.2002
03-04-2019,03-04-2019,641906,0,641906,11643.9502
04-04-2019,04-04-2019,-299260,0,-299260,11598
05-04-2019,05-04-2019,251924,0,251924,11665.9502
09-04-2019,09-04-2019,84960,0,84960,11671.9502
10-04-2019,10-04-2019,374853.25,0,374853.25,11584.2998
11-04-2019,11-04-2019,-223654.25,0,-223654.25,11596.7002
12-04-2019,12-04-2019,3500,0,3500,11643.4502
15-04-2019,15-04-2019,-19125,0,-19125,11690.34961
16-04-2019,16-04-2019,1029830,0,1029830,11787.15039
18-04-2019,18-04-2019,-376894,0,-376894,11752.7998
22-04-2019,22-04-2019,-181767.25,0,-181767.25,11594.4502
23-04-2019,23-04-2019,-154276,0,-154276,11575.9502
24-04-2019,24-04-2019,47406.5,0,47406.5,11726.15039
25-04-2019,25-04-2019,89659.5,0,89659.5,11641.7998
26-04-2019,26-04-2019,-4020,0,-4020,11754.65039
30-04-2019,30-04-2019,33748,0,33748,11748.15039
02-05-2019,02-05-2019,137780.75,0,137780.75,11724.75
03-05-2019,03-05-2019,799562,0,799562,11712.25
06-05-2019,06-05-2019,208959.75,0,208959.75,11598.25
07-05-2019,07-05-2019,-122860,0,-122860,11497.90039
08-05-2019,08-05-2019,1269647.75,0,1269647.75,11359.4502
09-05-2019,09-05-2019,-1640630.5,0,-1640630.5,11301.7998
13-05-2019,13-05-2019,111430,0,111430,11148.2002
14-05-2019,14-05-2019,216330.75,0,216330.75,11222.0498
15-05-2019,15-05-2019,85124.5,0,85124.5,11157
16-05-2019,16-05-2019,-37981.75,0,-37981.75,11257.09961
17-05-2019,17-05-2019,-10175,0,-10175,11407.15039
20-05-2019,20-05-2019,-283539,0,-283539,11828.25
21-05-2019,21-05-2019,-1737013.75,0,-1737013.75,11709.09961
22-05-2019,22-05-2019,2306030,0,2306030,11737.90039
23-05-2019,23-05-2019,1094131.9,0,1094131.9,11657.0498
24-05-2019,24-05-2019,-172919,0,-172919,11844.09961
27-05-2019,27-05-2019,1264,0,1264,11924.75
28-05-2019,28-05-2019,125617.75,0,125617.75,11928.75
29-05-2019,29-05-2019,-1053111.25,0,-1053111.25,11861.09961
30-05-2019,30-05-2019,185762.75,0,185762.75,11945.90039
31-05-2019,31-05-2019,-289091.5,0,-289091.5,11922.7998
03-06-2019,03-06-2019,97060,0,97060,12088.5498
04-06-2019,04-06-2019,23345,0,23345,12021.65039
06-06-2019,06-06-2019,315211.8,0,315211.8,11843.75
07-06-2019,07-06-2019,210993.75,0,210993.75,11870.65039
10-06-2019,10-06-2019,122281,0,122281,11922.7002
11-06-2019,11-06-2019,13771,0,13771,11965.59961
12-06-2019,12-06-2019,-138485,0,-138485,11906.2002
13-06-2019,13-06-2019,44320,0,44320,11914.0498
14-06-2019,14-06-2019,227943,0,227943,11823.2998
17-06-2019,17-06-2019,-311626,0,-311626,11672.15039
18-06-2019,18-06-2019,124273.25,0,124273.25,11691.5
19-06-2019,19-06-2019,491722,0,491722,11691.4502
20-06-2019,20-06-2019,63549.5,0,63549.5,11831.75
21-06-2019,21-06-2019,-249409.25,0,-249409.25,11724.09961
24-06-2019,24-06-2019,-52344.27,0,-52344.27,11699.65039
25-06-2019,25-06-2019,302420,0,302420,11796.4502
26-06-2019,26-06-2019,-137380.25,0,-137380.25,11847.5498
27-06-2019,27-06-2019,-421499.25,0,-421499.25,11841.5498
28-06-2019,28-06-2019,-21768.75,0,-21768.75,11788.84961
01-07-2019,01-07-2019,72144,0,72144,11865.59961
02-07-2019,02-07-2019,-36789.3,0,-36789.3,11910.2998
03-07-2019,03-07-2019,340340.94,0,340340.94,11916.75
04-07-2019,04-07-2019,232025.75,0,232025.75,11946.75
05-07-2019,05-07-2019,26648.5,0,26648.5,11811.15039
08-07-2019,08-07-2019,482883,0,482883,11558.59961
09-07-2019,09-07-2019,481712.25,0,481712.25,11555.90039
10-07-2019,10-07-2019,-148300,0,-148300,11498.90039
11-07-2019,11-07-2019,-538741.5,0,-538741.5,11582.90039
12-07-2019,12-07-2019,120378.6,0,120378.6,11552.5
15-07-2019,15-07-2019,-31378.5,0,-31378.5,11588.34961
16-07-2019,16-07-2019,-164200,0,-164200,11662.59961
17-07-2019,17-07-2019,-45560,0,-45560,11687.5
18-07-2019,18-07-2019,231480,0,231480,11596.90039
19-07-2019,19-07-2019,524134.6,0,524134.6,11419.25
22-07-2019,22-07-2019,113447.5,0,113447.5,11346.2002
23-07-2019,23-07-2019,872382.25,0,872382.25,11331.0498
24-07-2019,24-07-2019,112943.65,0,112943.65,11271.2998
25-07-2019,25-07-2019,-2472996,0,-2472996,11252.15039
29-07-2019,29-07-2019,-191061.6,0,-191061.6,11189.2002
30-07-2019,30-07-2019,215546.05,0,215546.05,11085.40039
31-07-2019,31-07-2019,-82000,0,-82000,11118
01-08-2019,01-08-2019,133417.5,0,133417.5,10980
02-08-2019,02-08-2019,473880,0,473880,10997.34961
05-08-2019,05-08-2019,13628.25,0,13628.25,10862.59961
06-08-2019,06-08-2019,-81577.75,0,-81577.75,10948.25
07-08-2019,07-08-2019,719273.55,0,719273.55,10855.5
08-08-2019,08-08-2019,-703933,0,-703933,11032.4502
09-08-2019,09-08-2019,73760.91,0,73760.91,11109.65039
13-08-2019,13-08-2019,-502511.75,0,-502511.75,10925.84961
14-08-2019,14-08-2019,369715.75,0,369715.75,11029.40039
16-08-2019,16-08-2019,-7245,0,-7245,11047.7998
19-08-2019,19-08-2019,-37010.1,0,-37010.1,11053.90039
20-08-2019,20-08-2019,-136611.75,0,-136611.75,11017
21-08-2019,21-08-2019,-20302.75,0,-20302.75,10918.7002
22-08-2019,22-08-2019,-305269.25,0,-305269.25,10741.34961
23-08-2019,23-08-2019,-363375,0,-363375,10829.34961
26-08-2019,26-08-2019,-707578.3,0,-707578.3,11057.84961
27-08-2019,27-08-2019,750113.5,0,750113.5,11105.34961
28-08-2019,28-08-2019,-667791,0,-667791,11046.09961
29-08-2019,29-08-2019,-622608.8,0,-622608.8,10948.2998
30-08-2019,30-08-2019,85453.94,0,85453.94,11023.25
03-09-2019,03-09-2019,675568.5,0,675568.5,10797.90039
04-09-2019,04-09-2019,392054.25,0,392054.25,10844.65039
05-09-2019,05-09-2019,354058.5,0,354058.5,10847.90039
06-09-2019,06-09-2019,-707490,0,-707490,10946.2002
09-09-2019,09-09-2019,113152.5,0,113152.5,11003.0498
11-09-2019,11-09-2019,-176034.75,0,-176034.75,11035.7002
12-09-2019,12-09-2019,363310.75,0,363310.75,10982.7998
13-09-2019,13-09-2019,87025,0,87025,11075.90039
16-09-2019,16-09-2019,-174210,0,-174210,11003.5
17-09-2019,17-09-2019,-30594,0,-30594,10817.59961
18-09-2019,18-09-2019,-457545,0,-457545,10840.65039
19-09-2019,19-09-2019,398990,0,398990,10704.7998
20-09-2019,20-09-2019,503530.75,0,503530.75,11274.2002
23-09-2019,23-09-2019,-186289.8,0,-186289.8,11600.2002
25-09-2019,25-09-2019,-1653046.75,0,-1653046.75,11440.2002
26-09-2019,26-09-2019,363291.25,0,363291.25,11571.2002
27-09-2019,27-09-2019,369730,0,369730,11512.40039
30-09-2019,30-09-2019,-229230,0,-229230,11474.4502
01-10-2019,01-10-2019,882915,0,882915,11359.90039
03-10-2019,03-10-2019,-487391.75,0,-487391.75,11314
04-10-2019,04-10-2019,340357,0,340357,11174.75
07-10-2019,07-10-2019,224490,0,224490,11126.40039
09-10-2019,09-10-2019,22620,0,22620,11313.2998
10-10-2019,10-10-2019,379304.4,0,379304.4,11234.5498
11-10-2019,11-10-2019,115456.75,0,115456.75,11305.0498
14-10-2019,14-10-2019,167959.5,0,167959.5,11341.15039
15-10-2019,15-10-2019,8770,0,8770,11428.2998
16-10-2019,16-10-2019,279621.07,0,279621.07,11464
17-10-2019,17-10-2019,218496.6,0,218496.6,11586.34961
18-10-2019,18-10-2019,-51904,0,-51904,11661.84961
22-10-2019,22-10-2019,134385.5,0,134385.5,11588.34961
23-10-2019,23-10-2019,144565,0,144565,11604.09961
24-10-2019,24-10-2019,331639.6,0,331639.6,11582.59961
25-10-2019,25-10-2019,421563,0,421563,11583.90039
29-10-2019,29-10-2019,-297967,0,-297967,11786.84961
30-10-2019,30-10-2019,-46268.75,0,-46268.75,11844.09961
31-10-2019,31-10-2019,541819.4,0,541819.4,11877.4502
01-11-2019,01-11-2019,6820,0,6820,11890.59961
04-11-2019,04-11-2019,-7978.72,0,-7978.72,11941.2998
05-11-2019,05-11-2019,18232,0,18232,11917.2002
06-11-2019,06-11-2019,192215,0,192215,11966.0498
07-11-2019,07-11-2019,-25230.75,0,-25230.75,12012.0498
08-11-2019,08-11-2019,81288,0,81288,11908.15039
13-11-2019,13-11-2019,101060,0,101060,11840.4502
14-11-2019,14-11-2019,304540,0,304540,11872.09961
18-11-2019,18-11-2019,41520,0,41520,11884.5
19-11-2019,19-11-2019,-198370,0,-198370,11940.09961
20-11-2019,20-11-2019,552145,0,552145,11999.09961
21-11-2019,21-11-2019,330763.75,0,330763.75,11968.40039
22-11-2019,22-11-2019,50546,0,50546,11914.40039
25-11-2019,25-11-2019,-138915.4,0,-138915.4,12073.75
26-11-2019,26-11-2019,-102720,0,-102720,12037.7002
27-11-2019,27-11-2019,72980,0,72980,12100.7002
28-11-2019,28-11-2019,33640,0,33640,12151.15039
29-11-2019,29-11-2019,265740,0,265740,12056.0498
02-12-2019,02-12-2019,56254.5,0,56254.5,12048.2002
03-12-2019,03-12-2019,-198040,0,-198040,11994.2002
04-12-2019,04-12-2019,487710,0,487710,12043.2002
05-12-2019,05-12-2019,-258380,0,-258380,12018.40039
10-12-2019,10-12-2019,223640,0,223640,11856.7998
11-12-2019,11-12-2019,547929.5,0,547929.5,11910.15039
12-12-2019,12-12-2019,-16500,0,-16500,11971.7998
13-12-2019,13-12-2019,18702,0,18702,12086.7002
16-12-2019,16-12-2019,-424660,0,-424660,12053.9502
17-12-2019,17-12-2019,177000,0,177000,12165
18-12-2019,18-12-2019,-14370,0,-14370,12221.65039
19-12-2019,19-12-2019,217125.25,0,217125.25,12259.7002
20-12-2019,20-12-2019,-2164,0,-2164,12271.7998
23-12-2019,23-12-2019,646195,0,646195,12262.75
26-12-2019,26-12-2019,495467.75,0,495467.75,12126.5498
30-12-2019,30-12-2019,236354.6,0,236354.6,12255.84961
31-12-2019,31-12-2019,34175,0,34175,12168.4502
01-01-2020,01-01-2020,166038.2,0,166038.2,12182.5
02-01-2020,02-01-2020,-179624.2,0,-179624.2,12282.2002
03-01-2020,03-01-2020,49260,0,49260,12226.65039
06-01-2020,06-01-2020,946810.75,0,946810.75,11993.0498
07-01-2020,07-01-2020,-43425.8,0,-43425.8,12052.9502
08-01-2020,08-01-2020,-71832,0,-71832,12025.34961
09-01-2020,09-01-2020,117876,0,117876,12215.90039
10-01-2020,10-01-2020,-10023.75,0,-10023.75,12256.7998
13-01-2020,13-01-2020,36362,0,36362,12329.5498
15-01-2020,15-01-2020,-196160,0,-196160,12343.2998
16-01-2020,16-01-2020,648510,0,648510,12355.5
17-01-2020,17-01-2020,3854.75,0,3854.75,12352.34961
20-01-2020,20-01-2020,-474457.5,0,-474457.5,12224.5498
21-01-2020,21-01-2020,382377.75,0,382377.75,12169.84961
22-01-2020,22-01-2020,444768.36,0,444768.36,12106.90039
23-01-2020,23-01-2020,-506503.5,0,-506503.5,12180.34961
24-01-2020,24-01-2020,1050036.7,0,1050036.7,12248.25
27-01-2020,27-01-2020,-107077.5,0,-107077.5,12119
28-01-2020,28-01-2020,279180,0,279180,12055.7998
29-01-2020,29-01-2020,-234478.5,0,-234478.5,12129.5
30-01-2020,30-01-2020,-798708,0,-798708,12035.7998
31-01-2020,31-01-2020,379070,0,379070,11962.09961
03-02-2020,03-02-2020,281710,0,281710,11707.90039
04-02-2020,04-02-2020,41289.5,0,41289.5,11979.65039
05-02-2020,05-02-2020,376499,0,376499,12089.15039
06-02-2020,06-02-2020,-1874539.25,0,-1874539.25,12137.9502
12-02-2020,12-02-2020,326670.5,0,326670.5,12201.2002
13-02-2020,13-02-2020,-19242,0,-19242,12174.65039
14-02-2020,14-02-2020,59300,0,59300,12113.4502
17-02-2020,17-02-2020,-18120,0,-18120,12045.7998
18-02-2020,18-02-2020,284756.75,0,284756.75,11992.5
19-02-2020,19-02-2020,-226922.5,0,-226922.5,12125.90039
20-02-2020,20-02-2020,18680,0,18680,12080.84961
24-02-2020,24-02-2020,510457.4,0,510457.4,11829.40039
25-02-2020,25-02-2020,77397.5,0,77397.5,11797.90039
26-02-2020,26-02-2020,606357.8,0,606357.8,11678.5
27-02-2020,27-02-2020,-2807702.25,0,-2807702.25,11633.2998
28-02-2020,28-02-2020,325969.5,0,325969.5,11201.75
02-03-2020,02-03-2020,669776.75,0,669776.75,11132.75
03-03-2020,03-03-2020,-1932866.5,0,-1932866.5,11303.2998
04-03-2020,04-03-2020,565986,0,565986,11251
05-03-2020,05-03-2020,1203169.25,0,1203169.25,11269
06-03-2020,06-03-2020,-273736,0,-273736,10989.4502
09-03-2020,09-03-2020,248960.25,0,248960.25,10451.4502
11-03-2020,11-03-2020,-245620,0,-245620,10458.40039
12-03-2020,12-03-2020,-6443661,0,-6443661,9590.150391
13-03-2020,13-03-2020,516882,0,516882,9955.200195
16-03-2020,16-03-2020,538740,0,538740,9197.400391
17-03-2020,17-03-2020,404790,0,404790,8967.049805
18-03-2020,18-03-2020,-210161,0,-210161,8468.799805
19-03-2020,19-03-2020,-1890973.9,0,-1890973.9,8263.450195
20-03-2020,20-03-2020,87598.8,0,87598.8,8745.450195
23-03-2020,23-03-2020,-346050,0,-346050,7610.25
24-03-2020,24-03-2020,352160,0,352160,7801.049805
25-03-2020,25-03-2020,646282.15,0,646282.15,8317.849609
26-03-2020,26-03-2020,-239774.75,0,-239774.75,8641.450195
27-03-2020,27-03-2020,480486,0,480486,8660.25
30-03-2020,30-03-2020,1728336.75,0,1728336.75,8281.099609
31-03-2020,31-03-2020,339036.25,0,339036.25,8597.75
01-04-2020,01-04-2020,330268,0,330268,8253.799805
03-04-2020,03-04-2020,30016,0,30016,8083.799805
07-04-2020,07-04-2020,-96695,0,-96695,8792.200195
08-04-2020,08-04-2020,-254299,0,-254299,8748.75
09-04-2020,09-04-2020,205708.5,0,205708.5,9111.900391
13-04-2020,13-04-2020,123265,0,123265,8993.849609
15-04-2020,15-04-2020,326904.55,0,326904.55,8925.299805
16-04-2020,16-04-2020,-4782.75,0,-4782.75,8992.799805
17-04-2020,17-04-2020,177763.75,0,177763.75,9266.75
20-04-2020,20-04-2020,28010,0,28010,9261.849609
21-04-2020,21-04-2020,76796.25,0,76796.25,8981.450195
22-04-2020,22-04-2020,21071.35,0,21071.35,9187.299805
23-04-2020,23-04-2020,46962,0,46962,9313.900391
24-04-2020,24-04-2020,158907.75,0,158907.75,9154.400391
27-04-2020,27-04-2020,-140395.35,0,-140395.35,9282.299805
28-04-2020,28-04-2020,38951,0,38951,9380.900391
29-04-2020,29-04-2020,171121.25,0,171121.25,9553.349609
30-04-2020,30-04-2020,-356934,0,-356934,9859.900391
04-05-2020,04-05-2020,1022251,0,1022251,9293.5
05-05-2020,05-05-2020,-385394,0,-385394,9205.599609
06-05-2020,06-05-2020,-179804.75,0,-179804.75,9270.900391
07-05-2020,07-05-2020,672492.5,0,672492.5,9199.049805
08-05-2020,08-05-2020,73753.2,0,73753.2,9251.5
11-05-2020,11-05-2020,189416.6,0,189416.6,9239.200195
12-05-2020,12-05-2020,270658.15,0,270658.15,9196.549805
13-05-2020,13-05-2020,325894.5,0,325894.5,9383.549805
14-05-2020,14-05-2020,485702.5,0,485702.5,9142.75
15-05-2020,15-05-2020,-2700,0,-2700,9136.849609
18-05-2020,18-05-2020,60572.75,0,60572.75,8823.25
19-05-2020,19-05-2020,50881.24,0,50881.24,8879.099609
20-05-2020,20-05-2020,-290330,0,-290330,9066.549805
21-05-2020,21-05-2020,314816.25,0,314816.25,9106.25
22-05-2020,22-05-2020,258256,0,258256,9039.25
26-05-2020,26-05-2020,742096,0,742096,9029.049805
27-05-2020,27-05-2020,193569.75,0,193569.75,9314.950195
28-05-2020,28-05-2020,-135039.3,0,-135039.3,9490.099609
29-05-2020,29-05-2020,72080,0,72080,9580.299805
01-06-2020,01-06-2020,-341010.5,0,-341010.5,9826.150391
02-06-2020,02-06-2020,282201,0,282201,9979.099609
03-06-2020,03-06-2020,-976949.15,0,-976949.15,10061.5498
04-06-2020,04-06-2020,1033478.25,0,1033478.25,10029.09961
05-06-2020,05-06-2020,-270832.36,0,-270832.36,10142.15039
08-06-2020,08-06-2020,-51441.66,0,-51441.66,10167.4502
09-06-2020,09-06-2020,363489.15,0,363489.15,10046.65039
10-06-2020,10-06-2020,470695,0,470695,10116.15039
11-06-2020,11-06-2020,51230.25,0,51230.25,9902
12-06-2020,12-06-2020,148863,0,148863,9972.900391
15-06-2020,15-06-2020,53619.03,0,53619.03,9813.700195
16-06-2020,16-06-2020,-549326.7,0,-549326.7,9914
17-06-2020,17-06-2020,409102,0,409102,9881.150391
18-06-2020,18-06-2020,-444949.3,0,-444949.3,10091.65039
19-06-2020,19-06-2020,984695,0,984695,10244.40039
22-06-2020,22-06-2020,370533,0,370533,10311.2002
23-06-2020,23-06-2020,-378487.75,0,-378487.75,10471
24-06-2020,24-06-2020,51414.25,0,51414.25,10305.2998
25-06-2020,25-06-2020,1010552,0,1010552,10288.90039
26-06-2020,26-06-2020,205750,0,205750,10383
29-06-2020,29-06-2020,469589.4,0,469589.4,10312.40039
30-06-2020,30-06-2020,130490,0,130490,10302.09961
01-07-2020,01-07-2020,21599.4,0,21599.4,10430.0498
02-07-2020,02-07-2020,486915.95,0,486915.95,10551.7002
03-07-2020,03-07-2020,-97763,0,-97763,10607.34961
06-07-2020,06-07-2020,-1361.25,0,-1361.25,10763.65039
07-07-2020,07-07-2020,111806.5,0,111806.5,10799.65039
08-07-2020,08-07-2020,869970,0,869970,10705.75
09-07-2020,09-07-2020,-2068786.5,0,-2068786.5,10813.4502
10-07-2020,10-07-2020,559360,0,559360,10768.0498
13-07-2020,13-07-2020,-1134120,0,-1134120,10802.7002
14-07-2020,14-07-2020,405969,0,405969,10607.34961
15-07-2020,15-07-2020,200285.78,0,200285.78,10618.2002
16-07-2020,16-07-2020,-617864.58,0,-617864.58,10739.9502
17-07-2020,17-07-2020,60646,0,60646,10901.7002
20-07-2020,20-07-2020,-406697.1,0,-406697.1,11022.2002
21-07-2020,21-07-2020,-978837,0,-978837,11162.25
22-07-2020,22-07-2020,1093822.5,0,1093822.5,11132.59961
23-07-2020,23-07-2020,348906.25,0,348906.25,11215.4502
24-07-2020,24-07-2020,-49700,0,-49700,11194.15039
27-07-2020,27-07-2020,-803178,0,-803178,11131.7998
28-07-2020,28-07-2020,-47996.5,0,-47996.5,11300.5498
29-07-2020,29-07-2020,646381.65,0,646381.65,11202.84961
30-07-2020,30-07-2020,170056.75,0,170056.75,11102.15039
31-07-2020,31-07-2020,208998.2,0,208998.2,11073.4502
03-08-2020,03-08-2020,26320.75,0,26320.75,10891.59961
04-08-2020,04-08-2020,41604,0,41604,11095.25
05-08-2020,05-08-2020,-641883.25,0,-641883.25,11101.65039
06-08-2020,06-08-2020,607711,0,607711,11200.15039
07-08-2020,07-08-2020,-18203,0,-18203,11214.0498
10-08-2020,10-08-2020,-283096,0,-283096,11270.15039
11-08-2020,11-08-2020,-369673.25,0,-369673.25,11322.5
12-08-2020,12-08-2020,-76846,0,-76846,11308.40039
13-08-2020,13-08-2020,10366,0,10366,11300.4502
14-08-2020,14-08-2020,15000,0,15000,11178.40039
18-08-2020,18-08-2020,233307.2,0,233307.2,11385.34961
19-08-2020,19-08-2020,89824,0,89824,11408.40039
20-08-2020,20-08-2020,-109160.25,0,-109160.25,11312.2002
21-08-2020,21-08-2020,402440.5,0,402440.5,11371.59961
24-08-2020,24-08-2020,186513.5,0,186513.5,11466.4502
25-08-2020,25-08-2020,-324335,0,-324335,11472.25
26-08-2020,26-08-2020,495974.67,0,495974.67,11549.59961
27-08-2020,27-08-2020,-62804,0,-62804,11559.25
28-08-2020,28-08-2020,-337327.5,0,-337327.5,11647.59961
31-08-2020,31-08-2020,142316.75,0,142316.75,11387.5
01-09-2020,01-09-2020,-833808.5,0,-833808.5,11470.25
02-09-2020,02-09-2020,42994.5,0,42994.5,11535
03-09-2020,03-09-2020,387651.75,0,387651.75,11527.4502
04-09-2020,04-09-2020,71025.75,0,71025.75,11333.84961
07-09-2020,07-09-2020,171577,0,171577,11355.0498
08-09-2020,08-09-2020,-76690.5,0,-76690.5,11317.34961
09-09-2020,09-09-2020,572586,0,572586,11278
10-09-2020,10-09-2020,-246770,0,-246770,11449.25
11-09-2020,11-09-2020,-21479.8,0,-21479.8,11464.4502
14-09-2020,14-09-2020,-67969.75,0,-67969.75,11440.0498
15-09-2020,15-09-2020,-39700,0,-39700,11521.7998
16-09-2020,16-09-2020,346638.5,0,346638.5,11604.5498
17-09-2020,17-09-2020,492523.5,0,492523.5,11516.09961
18-09-2020,18-09-2020,-69547.2,0,-69547.2,11504.9502
21-09-2020,21-09-2020,80289.5,0,80289.5,11250.5498
22-09-2020,22-09-2020,-82689,0,-82689,11153.65039
23-09-2020,23-09-2020,175710.08,0,175710.08,11131.84961
24-09-2020,24-09-2020,-289715.57,0,-289715.57,10805.5498
25-09-2020,25-09-2020,-29165.34,0,-29165.34,11050.25
28-09-2020,28-09-2020,243100.25,0,243100.25,11227.5498
29-09-2020,29-09-2020,-407864.25,0,-407864.25,11222.40039
30-09-2020,30-09-2020,-414815.25,0,-414815.25,11247.5498
01-10-2020,01-10-2020,157701.5,0,157701.5,11416.9502
05-10-2020,05-10-2020,-344869.5,0,-344869.5,11503.34961
06-10-2020,06-10-2020,255700,0,255700,11662.40039
07-10-2020,07-10-2020,1226672,0,1226672,11738.84961
08-10-2020,08-10-2020,368896.25,0,368896.25,11834.59961
09-10-2020,09-10-2020,-631027,0,-631027,11914.2002
12-10-2020,12-10-2020,1869,0,1869,11930.9502
14-10-2020,14-10-2020,516475.5,0,516475.5,11971.0498
15-10-2020,15-10-2020,-1126145.5,0,-1126145.5,11680.34961
19-10-2020,19-10-2020,-200064.06,0,-200064.06,11873.0498
20-10-2020,20-10-2020,109830.28,0,109830.28,11896.7998
21-10-2020,21-10-2020,-290196.5,0,-290196.5,11937.65039
22-10-2020,22-10-2020,536847,0,536847,11896.4502
23-10-2020,23-10-2020,76920,0,76920,11930.34961
26-10-2020,26-10-2020,17725,0,17725,11767.75
27-10-2020,27-10-2020,-52659.75,0,-52659.75,11889.40039
28-10-2020,28-10-2020,-535215,0,-535215,11729.59961
29-10-2020,29-10-2020,152322.75,0,152322.75,11670.7998
30-10-2020,30-10-2020,1046354.5,0,1046354.5,11642.40039
02-11-2020,02-11-2020,-1161246,0,-1161246,11669.15039
03-11-2020,03-11-2020,-9787,0,-9787,11813.5
04-11-2020,04-11-2020,152560.75,0,152560.75,11908.5
05-11-2020,05-11-2020,663199.15,0,663199.15,12120.2998
06-11-2020,06-11-2020,-944624.25,0,-944624.25,12263.5498
09-11-2020,09-11-2020,420106.5,0,420106.5,12461.0498
10-11-2020,10-11-2020,754338.5,0,754338.5,12631.09961
11-11-2020,11-11-2020,-375645,0,-375645,12749.15039
12-11-2020,12-11-2020,-102246.5,0,-102246.5,12690.7998
14-11-2020,14-11-2020,-17955,0,-17955,#N/A
17-11-2020,17-11-2020,-109351,0,-109351,12874.2002
18-11-2020,18-11-2020,614916,0,614916,12938.25
19-11-2020,19-11-2020,-292540,0,-292540,12771.7002
20-11-2020,20-11-2020,-1401919.31,0,-1401919.31,12859.0498
23-11-2020,23-11-2020,-131966.25,0,-131966.25,12926.4502
24-11-2020,24-11-2020,143656.4,0,143656.4,13055.15039
25-11-2020,25-11-2020,537096,0,537096,12858.40039
26-11-2020,26-11-2020,-700183.5,0,-700183.5,12987
27-11-2020,27-11-2020,-6720,0,-6720,12968.9502
01-12-2020,01-12-2020,-197187.75,0,-197187.75,13109.0498
02-12-2020,02-12-2020,21793.75,0,21793.75,13113.75
03-12-2020,03-12-2020,734431.75,0,734431.75,13133.90039
04-12-2020,04-12-2020,333232,0,333232,13258.5498
07-12-2020,07-12-2020,105300,0,105300,13355.75
08-12-2020,08-12-2020,101146.75,0,101146.75,13392.9502
09-12-2020,09-12-2020,339319,0,339319,13529.09961
10-12-2020,10-12-2020,106615,0,106615,13478.2998
11-12-2020,11-12-2020,-359344,0,-359344,13513.84961
14-12-2020,14-12-2020,-27664,0,-27664,13558.15039
15-12-2020,15-12-2020,294405,0,294405,13567.84961
16-12-2020,16-12-2020,232091.75,0,232091.75,13682.7002
17-12-2020,17-12-2020,380488.5,0,380488.5,13740.7002
21-12-2020,21-12-2020,-556349.51,0,-556349.51,13328.40039
22-12-2020,22-12-2020,90301.82,0,90301.82,13466.2998
23-12-2020,23-12-2020,543705.5,0,543705.5,13601.09961
24-12-2020,24-12-2020,-1775400.99,0,-1775400.99,13749.25
28-12-2020,28-12-2020,179481,0,179481,13873.2002
29-12-2020,29-12-2020,-477796,0,-477796,13932.59961
30-12-2020,30-12-2020,569198.05,0,569198.05,13981.9502
31-12-2020,31-12-2020,615374.35,0,615374.35,13981.75
01-01-2021,01-01-2021,65889.5,0,65889.5,14018.5
04-01-2021,04-01-2021,-560479,0,-560479,14132.90039
05-01-2021,05-01-2021,217024,0,217024,14199.5
06-01-2021,06-01-2021,321087,0,321087,14146.25
07-01-2021,07-01-2021,167420.75,0,167420.75,14137.34961
08-01-2021,08-01-2021,264169,0,264169,14347.25
11-01-2021,11-01-2021,249473.8,0,249473.8,14484.75
12-01-2021,12-01-2021,27675.5,0,27675.5,14563.4502
13-01-2021,13-01-2021,419502,0,419502,14564.84961
14-01-2021,14-01-2021,-945610,0,-945610,14595.59961
15-01-2021,15-01-2021,286302.25,0,286302.25,14433.7002
18-01-2021,18-01-2021,-161860,0,-161860,14281.2998
19-01-2021,19-01-2021,-25219.25,0,-25219.25,14521.15039
20-01-2021,20-01-2021,714236.25,0,714236.25,14644.7002
21-01-2021,21-01-2021,-67707.25,0,-67707.25,14590.34961
22-01-2021,22-01-2021,18758.5,0,18758.5,14371.90039
25-01-2021,25-01-2021,460222,0,460222,14238.90039
27-01-2021,27-01-2021,-1745749.75,0,-1745749.75,13967.5
28-01-2021,28-01-2021,126333.5,0,126333.5,13817.5498
29-01-2021,29-01-2021,-163204.5,0,-163204.5,13634.59961
01-02-2021,01-02-2021,1384696.75,0,1384696.75,14281.2002
02-02-2021,02-02-2021,1875795.25,0,1875795.25,14647.84961
03-02-2021,03-02-2021,1252160,0,1252160,14789.9502
04-02-2021,04-02-2021,-3349605.75,0,-3349605.75,14895.65039
05-02-2021,05-02-2021,-83802,0,-83802,14924.25
08-02-2021,08-02-2021,-67385,0,-67385,15115.7998
09-02-2021,09-02-2021,331997.25,0,331997.25,15109.2998
10-02-2021,10-02-2021,-70762,0,-70762,15106.5
11-02-2021,11-02-2021,988498.5,0,988498.5,15173.2998
12-02-2021,12-02-2021,-771709.75,0,-771709.75,15163.2998
15-02-2021,15-02-2021,-340318.75,0,-340318.75,15314.7002
16-02-2021,16-02-2021,254930,0,254930,15313.4502
17-02-2021,17-02-2021,237908.5,0,237908.5,15208.90039
18-02-2021,18-02-2021,25330.75,0,25330.75,15118.9502
19-02-2021,19-02-2021,-123985,0,-123985,14981.75
22-02-2021,22-02-2021,206709.5,0,206709.5,14675.7002
23-02-2021,23-02-2021,103856.5,0,103856.5,14707.7998
24-02-2021,24-02-2021,922373.25,0,922373.25,14982
25-02-2021,25-02-2021,-1326778.75,0,-1326778.75,15097.34961
26-02-2021,26-02-2021,180520,0,180520,14529.15039
01-03-2021,01-03-2021,-39830,0,-39830,14761.5498
02-03-2021,02-03-2021,171532.5,0,171532.5,14919.09961
03-03-2021,03-03-2021,552409.75,0,552409.75,15245.59961
04-03-2021,04-03-2021,-263459,0,-263459,15080.75
05-03-2021,05-03-2021,-419348.25,0,-419348.25,14938.09961
08-03-2021,08-03-2021,-69717,0,-69717,14956.2002
09-03-2021,09-03-2021,682892,0,682892,15098.40039
10-03-2021,10-03-2021,487484.25,0,487484.25,15174.7998
12-03-2021,12-03-2021,-12040,0,-12040,15030.9502
15-03-2021,15-03-2021,88188.25,0,88188.25,14929.5
16-03-2021,16-03-2021,-98142,0,-98142,14910.4502
17-03-2021,17-03-2021,299690,0,299690,14721.2998
18-03-2021,18-03-2021,-524726.25,0,-524726.25,14557.84961
19-03-2021,19-03-2021,40901.75,0,40901.75,14744
22-03-2021,22-03-2021,261395,0,261395,14736.40039
23-03-2021,23-03-2021,-308478.25,0,-308478.25,14814.75
24-03-2021,24-03-2021,913832.25,0,913832.25,14549.40039
25-03-2021,25-03-2021,-82904.75,0,-82904.75,14324.90039
30-03-2021,30-03-2021,-1541865,0,-1541865,14845.09961
01-04-2021,01-04-2021,53844,0,53844,14867.34961
05-04-2021,05-04-2021,-224408.5,0,-224408.5,14637.7998
06-04-2021,06-04-2021,178464,0,178464,14683.5
07-04-2021,07-04-2021,-332920.75,0,-332920.75,14819.0498
08-04-2021,08-04-2021,189182.75,0,189182.75,14873.7998
09-04-2021,09-04-2021,361962,0,361962,14834.84961
12-04-2021,12-04-2021,176376.75,0,176376.75,14310.7998
13-04-2021,13-04-2021,298106.75,0,298106.75,14504.7998
15-04-2021,15-04-2021,-48015.75,0,-48015.75,14581.4502
16-04-2021,16-04-2021,-38855,0,-38855,14617.84961
19-04-2021,19-04-2021,292799.25,0,292799.25,14359.4502
20-04-2021,20-04-2021,-616539,0,-616539,14296.40039
22-04-2021,22-04-2021,1272901.25,0,1272901.25,14406.15039
23-04-2021,23-04-2021,158695.75,0,158695.75,14341.34961
26-04-2021,26-04-2021,-680358.5,0,-680358.5,14485
27-04-2021,27-04-2021,211107,0,211107,14653.0498
28-04-2021,28-04-2021,-424714.75,0,-424714.75,14864.5498
29-04-2021,29-04-2021,-175640,0,-175640,14894.90039
30-04-2021,30-04-2021,180672,0,180672,14631.09961
03-05-2021,03-05-2021,57275.5,0,57275.5,14634.15039
04-05-2021,04-05-2021,597981,0,597981,14496.5
05-05-2021,05-05-2021,-118216.75,0,-118216.75,14617.84961
06-05-2021,06-05-2021,856668.25,0,856668.25,14724.7998
07-05-2021,07-05-2021,-586832,0,-586832,14823.15039
10-05-2021,10-05-2021,345495.5,0,345495.5,14942.34961
11-05-2021,11-05-2021,152608.5,0,152608.5,14850.75
12-05-2021,12-05-2021,-180288.75,0,-180288.75,14696.5
14-05-2021,14-05-2021,96054.75,0,96054.75,14677.7998
17-05-2021,17-05-2021,-244316.3,0,-244316.3,14923.15039
18-05-2021,18-05-2021,1022583,0,1022583,15108.09961
19-05-2021,19-05-2021,64127,0,64127,15030.15039
20-05-2021,20-05-2021,461623.5,0,461623.5,14906.0498
21-05-2021,21-05-2021,37530,0,37530,15175.2998
24-05-2021,24-05-2021,329522,0,329522,15197.7002
25-05-2021,25-05-2021,186206.25,0,186206.25,15208.4502
26-05-2021,26-05-2021,133424,0,133424,15301.4502
27-05-2021,27-05-2021,676250.75,0,676250.75,15337.84961
28-05-2021,28-05-2021,-3900,0,-3900,15435.65039
31-05-2021,31-05-2021,300414.5,0,300414.5,15582.7998
01-06-2021,01-06-2021,672801.75,0,672801.75,15574.84961
02-06-2021,02-06-2021,24891,0,24891,15576.2002
03-06-2021,03-06-2021,-66994,0,-66994,15690.34961
04-06-2021,04-06-2021,72872,0,72872,15670.25
07-06-2021,07-06-2021,8036,0,8036,15751.65039
08-06-2021,08-06-2021,620365.8,0,620365.8,15740.09961
09-06-2021,09-06-2021,-771773,0,-771773,15635.34961
10-06-2021,10-06-2021,521024.5,0,521024.5,15737.75
11-06-2021,11-06-2021,-2101803.5,0,-2101803.5,15799.34961
14-06-2021,14-06-2021,-1940,0,-1940,15811.84961
15-06-2021,15-06-2021,-117798.5,0,-117798.5,15869.25
16-06-2021,16-06-2021,260045.5,0,260045.5,15767.5498
17-06-2021,17-06-2021,-740552,0,-740552,15691.40039
18-06-2021,18-06-2021,257422,0,257422,15683.34961
21-06-2021,21-06-2021,48970,0,48970,15746.5
22-06-2021,22-06-2021,128727,0,128727,15772.75
23-06-2021,23-06-2021,14431.5,0,14431.5,15686.9502
24-06-2021,24-06-2021,1391623.75,0,1391623.75,15790.4502
25-06-2021,25-06-2021,50870,0,50870,15860.34961
28-06-2021,28-06-2021,283883,0,283883,15814.7002
29-06-2021,29-06-2021,-32769.75,0,-32769.75,15748.4502
30-06-2021,30-06-2021,-380520,0,-380520,15721.5
01-07-2021,01-07-2021,508500,0,508500,15680
02-07-2021,02-07-2021,191018.75,0,191018.75,15722.2002
05-07-2021,05-07-2021,25068.5,0,25068.5,15834.34961
06-07-2021,06-07-2021,-679710.25,0,-679710.25,15818.25
07-07-2021,07-07-2021,73013,0,73013,15879.65039
08-07-2021,08-07-2021,-262179,0,-262179,15727.90039
09-07-2021,09-07-2021,288080,0,288080,15689.7998
12-07-2021,12-07-2021,-204921.25,0,-204921.25,15692.59961
13-07-2021,13-07-2021,-54349,0,-54349,15812.34961
14-07-2021,14-07-2021,-265540,0,-265540,15853.9502
15-07-2021,15-07-2021,651078.75,0,651078.75,15924.2002
16-07-2021,16-07-2021,-85984,0,-85984,15923.40039
19-07-2021,19-07-2021,-267924,0,-267924,15752.40039
20-07-2021,20-07-2021,347820.25,0,347820.25,15632.09961
22-07-2021,22-07-2021,-464253.69,0,-464253.69,15824.0498
23-07-2021,23-07-2021,34536.1,0,34536.1,15856.0498
26-07-2021,26-07-2021,318644,0,318644,15824.4502
27-07-2021,27-07-2021,-85583.25,0,-85583.25,15746.4502
28-07-2021,28-07-2021,957286.25,0,957286.25,15709.40039
29-07-2021,29-07-2021,464254,0,464254,15778.4502
30-07-2021,30-07-2021,-447145.5,0,-447145.5,15763.0498
02-08-2021,02-08-2021,266060.75,0,266060.75,15885.15039
03-08-2021,03-08-2021,1081920.14,0,1081920.14,16130.75
04-08-2021,04-08-2021,-231265.75,0,-231265.75,16258.7998
05-08-2021,05-08-2021,-127770,0,-127770,16294.59961
06-08-2021,06-08-2021,-1362340,0,-1362340,16238.2002
09-08-2021,09-08-2021,-100980,0,-100980,16258.25
10-08-2021,10-08-2021,270417,0,270417,16280.09961
11-08-2021,11-08-2021,-239025.75,0,-239025.75,16282.25
12-08-2021,12-08-2021,763870,0,763870,16364.40039
13-08-2021,13-08-2021,-285885.75,0,-285885.75,16529.09961
16-08-2021,16-08-2021,-12261.5,0,-12261.5,16563.05078
17-08-2021,17-08-2021,153374.5,0,153374.5,16614.59961
18-08-2021,18-08-2021,-314518,0,-314518,16568.84961
20-08-2021,20-08-2021,739363,0,739363,16450.5
23-08-2021,23-08-2021,201455.5,0,201455.5,16496.44922
24-08-2021,24-08-2021,-312234,0,-312234,16624.59961
25-08-2021,25-08-2021,-163925,0,-163925,16634.65039
26-08-2021,26-08-2021,706835,0,706835,16636.90039
27-08-2021,27-08-2021,256055,0,256055,16705.19922
30-08-2021,30-08-2021,189298.34,0,189298.34,16931.05078
31-08-2021,31-08-2021,855588,0,855588,17132.19922
01-09-2021,01-09-2021,365703.5,0,365703.5,17076.25
02-09-2021,02-09-2021,-144583.25,0,-144583.25,17234.15039
03-09-2021,03-09-2021,1484281.5,0,1484281.5,17323.59961
06-09-2021,06-09-2021,-18920,0,-18920,17377.80078
07-09-2021,07-09-2021,18842,0,18842,17362.09961
08-09-2021,08-09-2021,339549.25,0,339549.25,17353.5
09-09-2021,09-09-2021,-1308268.5,0,-1308268.5,17369.25
15-09-2021,15-09-2021,122076,0,122076,17519.44922
16-09-2021,16-09-2021,1604401,0,1604401,17629.5
17-09-2021,17-09-2021,87656,0,87656,17585.15039
20-09-2021,20-09-2021,-230744.67,0,-230744.67,17396.90039
21-09-2021,21-09-2021,-291715,0,-291715,17562
22-09-2021,22-09-2021,-38883,0,-38883,17546.65039
23-09-2021,23-09-2021,403357.5,0,403357.5,17822.94922
24-09-2021,24-09-2021,556385,0,556385,17853.19922
27-09-2021,27-09-2021,-3878262.5,0,-3878262.5,17855.09961
28-09-2021,28-09-2021,-2897680.25,0,-2897680.25,17748.59961
29-09-2021,29-09-2021,2159653,0,2159653,17711.30078
30-09-2021,30-09-2021,173321.25,0,173321.25,17618.15039
04-10-2021,04-10-2021,69624.25,0,69624.25,17691.25
05-10-2021,05-10-2021,130751,0,130751,17822.30078
06-10-2021,06-10-2021,-190831,0,-190831,17646
07-10-2021,07-10-2021,145198.5,0,145198.5,17790.34961
08-10-2021,08-10-2021,74109,0,74109,17895.19922
11-10-2021,11-10-2021,-27305,0,-27305,17945.94922
12-10-2021,12-10-2021,115397.5,0,115397.5,17991.94922
13-10-2021,13-10-2021,95552,0,95552,18161.75
14-10-2021,14-10-2021,-264700.88,0,-264700.88,18338.55078
18-10-2021,18-10-2021,149445,0,149445,18477.05078
19-10-2021,19-10-2021,-16696,0,-16696,18418.75
20-10-2021,20-10-2021,-272674.5,0,-272674.5,18266.59961
21-10-2021,21-10-2021,248753,0,248753,18178.09961
22-10-2021,22-10-2021,-294394,0,-294394,18114.90039
25-10-2021,25-10-2021,139916,0,139916,18125.40039
26-10-2021,26-10-2021,141567.84,0,141567.84,18268.40039
27-10-2021,27-10-2021,84915.5,0,84915.5,18210.94922
28-10-2021,28-10-2021,-741040,0,-741040,17857.25
29-10-2021,29-10-2021,149723,0,149723,17671.65039
01-11-2021,01-11-2021,-61744.5,0,-61744.5,17929.65039
02-11-2021,02-11-2021,229706,0,229706,17888.94922
03-11-2021,03-11-2021,1007828,0,1007828,17829.19922
08-11-2021,08-11-2021,-1128162.96,0,-1128162.96,18068.55078
09-11-2021,09-11-2021,5269.75,0,5269.75,18044.25
10-11-2021,10-11-2021,-55942,0,-55942,18017.19922
11-11-2021,11-11-2021,223306,0,223306,17873.59961
12-11-2021,12-11-2021,-549813,0,-549813,18102.75
15-11-2021,15-11-2021,-43691.56,0,-43691.56,18109.44922
16-11-2021,16-11-2021,273078.5,0,273078.5,17999.19922
17-11-2021,17-11-2021,99961,0,99961,17898.65039
18-11-2021,18-11-2021,-597173,0,-597173,17764.80078
22-11-2021,22-11-2021,19090,0,19090,17416.55078
23-11-2021,23-11-2021,1736300,0,1736300,17503.34961
25-11-2021,25-11-2021,-2056813.5,0,-2056813.5,17536.25
26-11-2021,26-11-2021,456453.75,0,456453.75,17026.44922
29-11-2021,29-11-2021,203602,0,203602,17053.94922
30-11-2021,30-11-2021,-103611.25,0,-103611.25,16983.19922
01-12-2021,01-12-2021,-284712.25,0,-284712.25,17166.90039
02-12-2021,02-12-2021,503930.5,0,503930.5,17401.65039
03-12-2021,03-12-2021,142789,0,142789,17196.69922
06-12-2021,06-12-2021,-540036,0,-540036,16912.25
07-12-2021,07-12-2021,-990847.5,0,-990847.5,17176.69922
08-12-2021,08-12-2021,408943.5,0,408943.5,17469.75
09-12-2021,09-12-2021,281316.25,0,281316.25,17516.84961
13-12-2021,13-12-2021,11204.5,0,11204.5,17368.25
14-12-2021,14-12-2021,55575,0,55575,17324.90039
15-12-2021,15-12-2021,-290028,0,-290028,17221.40039
16-12-2021,16-12-2021,206509,0,206509,17248.40039
17-12-2021,17-12-2021,-21974.25,0,-21974.25,16985.19922
20-12-2021,20-12-2021,68850.5,0,68850.5,16614.19922
21-12-2021,21-12-2021,476928,0,476928,16770.84961
22-12-2021,22-12-2021,-616577.5,0,-616577.5,16955.44922
23-12-2021,23-12-2021,333497.5,0,333497.5,17072.59961
24-12-2021,24-12-2021,92721,0,92721,17003.75
27-12-2021,27-12-2021,-20242,0,-20242,17086.25
28-12-2021,28-12-2021,324931.5,0,324931.5,17233.25
29-12-2021,29-12-2021,-668151.5,0,-668151.5,17213.59961
30-12-2021,30-12-2021,366399,0,366399,17203.94922
31-12-2021,31-12-2021,-602164,0,-602164,17354.05078
03-01-2022,03-01-2022,-167994.32,0,-167994.32,17625.69922
04-01-2022,04-01-2022,430441.33,0,430441.33,17805.25
05-01-2022,05-01-2022,484775.55,0,484775.55,17925.25
06-01-2022,06-01-2022,-932880.43,0,-932880.43,17745.90039
07-01-2022,07-01-2022,148585.8,0,148585.8,17812.69922
10-01-2022,10-01-2022,81454.52,0,81454.52,18003.30078
11-01-2022,11-01-2022,198604.41,0,198604.41,18055.75
12-01-2022,12-01-2022,338143.68,0,338143.68,18212.34961
13-01-2022,13-01-2022,435992.04,0,435992.04,18257.80078
14-01-2022,14-01-2022,62904.95,0,62904.95,18255.75
17-01-2022,17-01-2022,-25258.6,0,-25258.6,18308.09961
18-01-2022,18-01-2022,132299.06,0,132299.06,18113.05078
19-01-2022,19-01-2022,345006.44,0,345006.44,17938.40039
20-01-2022,20-01-2022,318730.53,0,318730.53,17757
21-01-2022,21-01-2022,-116792.79,0,-116792.79,17617.15039
24-01-2022,24-01-2022,-973836.48,0,-973836.48,17149.09961
25-01-2022,25-01-2022,790694.16,0,790694.16,17277.94922
26-01-2022,26-01-2022,0,0,0,#N/A
27-01-2022,27-01-2022,-1541434.33,0,-1541434.33,17110.15039
28-01-2022,28-01-2022,345192.13,0,345192.13,17101.94922
31-01-2022,31-01-2022,232512.55,0,232512.55,17339.84961
01-02-2022,01-02-2022,-199624.17,0,-199624.17,17576.84961
02-02-2022,02-02-2022,1261714.49,0,1261714.49,17780
03-02-2022,03-02-2022,268994.2,0,268994.2,17560.19922
04-02-2022,04-02-2022,30772.96,0,30772.96,17516.30078
07-02-2022,07-02-2022,128955.72,0,128955.72,17213.59961
08-02-2022,08-02-2022,151212.71,0,151212.71,17266.75
09-02-2022,09-02-2022,-222789.44,0,-222789.44,17463.80078
10-02-2022,10-02-2022,202852.57,0,202852.57,17605.84961
11-02-2022,11-02-2022,-427010.54,0,-427010.54,17374.75
14-02-2022,14-02-2022,462245.9,0,462245.9,16842.80078
15-02-2022,15-02-2022,-819639.56,0,-819639.56,17352.44922
16-02-2022,16-02-2022,471796.09,0,471796.09,17322.19922
17-02-2022,17-02-2022,806501.74,0,806501.74,17304.59961
18-02-2022,18-02-2022,83537.66,0,83537.66,17276.30078
21-02-2022,21-02-2022,90581.05,0,90581.05,17206.65039
22-02-2022,22-02-2022,122734.65,0,122734.65,17092.19922
23-02-2022,23-02-2022,580376.8,0,580376.8,17063.25
24-02-2022,24-02-2022,-596428.37,0,-596428.37,16247.9502
25-02-2022,25-02-2022,357349.76,0,357349.76,16658.40039
28-02-2022,28-02-2022,38422.51,0,38422.51,16793.90039
02-03-2022,02-03-2022,-192396.74,0,-192396.74,16605.94922
03-03-2022,03-03-2022,1016466.96,0,1016466.96,16498.05078
04-03-2022,04-03-2022,124759.8,0,124759.8,16245.34961
07-03-2022,07-03-2022,-100881.19,0,-100881.19,15863.15039
08-03-2022,08-03-2022,-149141.55,0,-149141.55,16013.4502
09-03-2022,09-03-2022,394774.48,0,394774.48,16345.34961
10-03-2022,10-03-2022,-132341.41,0,-132341.41,16594.90039
11-03-2022,11-03-2022,-406439.97,0,-406439.97,16630.44922
14-03-2022,14-03-2022,89629.57,0,89629.57,16871.30078
15-03-2022,15-03-2022,-1417870.28,0,-1417870.28,16663
16-03-2022,16-03-2022,682170.62,0,682170.62,16975.34961
17-03-2022,17-03-2022,-446962.2,-75665.56,-522627.76,17287.05078
18-03-2022,18-03-2022,0,-75665.56,-75665.56,#N/A
21-03-2022,21-03-2022,1036804.71,-45489.72,991314.99,17117.59961
22-03-2022,22-03-2022,209155.79,114350.28,323506.07,17315.5
23-03-2022,23-03-2022,627859.83,91976.29,719836.12,17245.65039
24-03-2022,24-03-2022,1003534.47,9377.41,1012911.88,17222.75
25-03-2022,25-03-2022,40575.64,-58743.08,-18167.44,17153
28-03-2022,28-03-2022,164815.1,-99090.55,65724.55,17222
29-03-2022,29-03-2022,532004.43,-111081.25,420923.18,17325.30078
30-03-2022,30-03-2022,-453303.52,-87993.82,-541297.34,17498.25
31-03-2022,31-03-2022,1189040.71,0,1189040.71,17464.75
01-04-2022,01-04-2022,0,-5374.63,-5374.63,17670.44922
04-04-2022,04-04-2022,63746.61,-878574.91,-814828.3,18053.40039
05-04-2022,05-04-2022,-92895.84,-781426.38,-874322.22,17957.40039
06-04-2022,06-04-2022,-559916.96,-30478.34,-590395.3,17807.65039
07-04-2022,07-04-2022,522360.08,-717516.27,-195156.19,17639.55078
08-04-2022,08-04-2022,79138.13,-623736.96,-544598.83,17784.34961
11-04-2022,11-04-2022,0,-359381.96,-359381.96,17674.94922
12-04-2022,12-04-2022,-23613.76,-249335,-272948.76,17530.30078
13-04-2022,13-04-2022,83887.71,-245848.05,-161960.34,17475.65039
14-04-2022,14-04-2022,0,-245848.05,-245848.05,#N/A
15-04-2022,15-04-2022,0,-245848.05,-245848.05,#N/A
18-04-2022,18-04-2022,-132253.07,-508491.19,-640744.26,17173.65039
19-04-2022,19-04-2022,-627662.25,-895848.34,-1523510.59,16958.65039
20-04-2022,20-04-2022,-645311.17,332065.86,-313245.31,17136.55078
21-04-2022,21-04-2022,958673.34,-424416.63,534256.71,17392.59961
26-04-2022,26-04-2022,-390409.5,371221.86,-19187.64,17200.80078
27-04-2022,27-04-2022,514673.24,528347.79,1043021.03,17038.40039
28-04-2022,28-04-2022,1015397.5,93203.03,1108600.53,17245.05078
29-04-2022,29-04-2022,53474.11,24928.28,78402.39,17102.55078
02-05-2022,02-05-2022,0,17966.95,17966.95,17069.09961
03-05-2022,03-05-2022,0,17966.95,17966.95,#N/A
04-05-2022,04-05-2022,393326.42,-1001988.1,-608661.68,16677.59961
05-05-2022,05-05-2022,-601414.67,-102272.27,-703686.94,16682.65039
06-05-2022,06-05-2022,283191.63,-391621.25,-108429.62,16411.25
09-05-2022,09-05-2022,154644.84,-460038.35,-305393.51,16301.84961
10-05-2022,10-05-2022,33363.51,-229498.97,-196135.46,16240.0498
11-05-2022,11-05-2022,747395.32,-799030.96,-51635.64,16167.09961
12-05-2022,12-05-2022,748936,-1800118.9,-1051182.9,15808
13-05-2022,13-05-2022,-1199738.5,-538509.72,-1738248.22,15782.15039
16-05-2022,16-05-2022,-307022.29,118402.78,-188619.51,15842.2998
17-05-2022,17-05-2022,-342645.15,401259.78,58614.63,16259.2998
18-05-2022,18-05-2022,-13683.23,877618.88,863935.65,16240.2998
19-05-2022,19-05-2022,406717.45,-76881.93,329835.52,15809.40039
20-05-2022,20-05-2022,666855.8,-634198.43,32657.37,16266.15039
23-05-2022,23-05-2022,-1232133.15,526169.19,-705963.96,16214.7002
24-05-2022,24-05-2022,241213.49,553149.25,794362.74,16125.15039
25-05-2022,25-05-2022,241567.45,657589.33,899156.78,16025.7998
26-05-2022,26-05-2022,1354776.47,0,1354776.47,16170.15039
27-05-2022,27-05-2022,18470.84,86566.83,105037.67,16352.4502
30-05-2022,30-05-2022,148714.21,-53304.26,95409.95,16661.40039
31-05-2022,31-05-2022,-40968.52,125976.53,85008.01,16584.55078
01-06-2022,01-06-2022,661451.86,-82830.75,578621.11,16522.75
02-06-2022,02-06-2022,515063.11,-79536.74,435526.37,16628
03-06-2022,03-06-2022,6875.12,-137391.68,-130516.56,16584.30078
06-06-2022,06-06-2022,79241.44,-86655.51,-7414.07,16569.55078
07-06-2022,07-06-2022,0,-99337.31,-99337.31,16416.34961
08-06-2022,08-06-2022,-185941.23,-134356.2,-320297.43,16356.25
09-06-2022,09-06-2022,-168019.4,-195343.43,-363362.83,16478.09961
10-06-2022,10-06-2022,263388.26,-162595.97,100792.29,16201.7998
13-06-2022,13-06-2022,0,-253451.63,-253451.63,15774.40039
14-06-2022,14-06-2022,-44461.93,-83789.97,-128251.9,15732.09961
15-06-2022,15-06-2022,65561.65,-158634.63,-93072.98,15692.15039
16-06-2022,16-06-2022,142792.89,-516647.67,-373854.78,15360.59961
17-06-2022,17-06-2022,226749.82,-567935.51,-341185.69,15293.5
20-06-2022,20-06-2022,45690.4,-390043.58,-344353.18,15350.15039
21-06-2022,21-06-2022,-474052.37,-131263.18,-605315.55,15638.7998
22-06-2022,22-06-2022,-194382.17,187225.05,-7157.12,15413.2998
23-06-2022,23-06-2022,137088.95,-106499.4,30589.55,15556.65039
24-06-2022,24-06-2022,78523.45,-288112.02,-209588.57,15699.25
27-06-2022,27-06-2022,-276281.92,-118980.42,-395262.34,15832.0498
28-06-2022,28-06-2022,266238.47,-223251.88,42986.59,15850.2002
29-06-2022,29-06-2022,166092.85,56828.8,222921.65,15799.09961
30-06-2022,30-06-2022,723850.39,-27938.23,695912.16,15780.25
01-07-2022,01-07-2022,133547.78,40022.6,173570.38,15752.0498
04-07-2022,04-07-2022,203514.95,-24000.97,179513.98,15835.34961
05-07-2022,05-07-2022,-137677.98,-201500.01,-339177.99,15810.84961
06-07-2022,06-07-2022,-73131.69,2736.96,-70394.73,15989.7998
07-07-2022,07-07-2022,-123515.59,0,-123515.59,16132.90039
08-07-2022,08-07-2022,28254.46,-31862.16,-3607.7,16220.59961
11-07-2022,11-07-2022,139564.63,91067.64,230632.27,16216
12-07-2022,12-07-2022,0,40294.09,40294.09,16058.2998
13-07-2022,13-07-2022,-110546.89,204001.4,93454.51,15966.65039
14-07-2022,14-07-2022,822814.95,-169213.6,653601.35,15938.65039
15-07-2022,15-07-2022,36332.03,162358.97,198691,16049.2002
18-07-2022,18-07-2022,54908.12,216809.41,271717.53,16278.5
19-07-2022,19-07-2022,-56200.77,304814.83,248614.06,16340.5498
20-07-2022,20-07-2022,215888.7,-577293.54,-361404.84,16520.84961
21-07-2022,21-07-2022,602822.16,-765389.66,-162567.5,16605.25
22-07-2022,22-07-2022,-90766.02,-1008190.19,-1098956.21,16719.44922
25-07-2022,25-07-2022,-1124073.56,61060.31,-1063013.25,16631
26-07-2022,26-07-2022,420.19,143166.44,143586.63,16483.84961
27-07-2022,27-07-2022,0,129677.07,129677.07,16641.80078
28-07-2022,28-07-2022,-441461.71,-44260.49,-485722.2,16929.59961
29-07-2022,29-07-2022,64310.59,-379912.49,-315601.9,17158.25
01-08-2022,01-08-2022,42910.15,-611345.36,-568435.21,17340.05078
02-08-2022,02-08-2022,212179.64,-653622,-441442.36,17345.44922
03-08-2022,03-08-2022,-92832.64,-9333.34,-102165.98,17388.15039
04-08-2022,04-08-2022,-1062019.8,70948.03,-991071.77,17382
05-08-2022,05-08-2022,-251059.34,337832.11,86772.77,17397.5
08-08-2022,08-08-2022,231223.41,276857.62,508081.03,17525.09961
09-08-2022,09-08-2022,0,276857.62,276857.62,#N/A
10-08-2022,10-08-2022,242820.38,275911.68,518732.06,17534.75
11-08-2022,11-08-2022,34330.51,0,34330.51,17659
17-08-2022,17-08-2022,0,-13300.73,-13300.73,17944.25
18-08-2022,18-08-2022,14520.41,-48004.66,-33484.25,17956.5
19-08-2022,19-08-2022,88920.15,10365.14,99285.29,17758.44922
22-08-2022,22-08-2022,314186.79,-265554.66,48632.13,17490.69922
23-08-2022,23-08-2022,-63015.94,-140088.3,-203104.24,17577.5
24-08-2022,24-08-2022,174814.3,-14570.25,160244.05,17604.94922
25-08-2022,25-08-2022,456380.46,-570946.31,-114565.85,17522.44922
26-08-2022,26-08-2022,-7387.74,-426908.51,-434296.25,17558.90039
29-08-2022,29-08-2022,54772.76,-785845.1,-731072.34,17312.90039
30-08-2022,30-08-2022,-1079993.26,543476.39,-536516.87,17759.30078
31-08-2022,31-08-2022,0,543476.39,543476.39,#N/A
01-09-2022,01-09-2022,1260860.14,0,1260860.14,17542.80078
02-09-2022,02-09-2022,150445.83,0,150445.83,17539.44922
05-09-2022,05-09-2022,0,10397.6,10397.6,17665.80078
06-09-2022,06-09-2022,0,174536.85,174536.85,17655.59961
07-09-2022,07-09-2022,-104475.39,288779.2,184303.81,17624.40039
08-09-2022,08-09-2022,733782.28,-496041.4,237740.88,17798.75
09-09-2022,09-09-2022,-223879.53,374276.52,150396.99,17833.34961
12-09-2022,12-09-2022,323.64,417786.29,418109.93,17936.34961
13-09-2022,13-09-2022,-13114.02,493888.03,480774.01,18070.05078
14-09-2022,14-09-2022,-24860.19,389665.29,364805.1,18003.75
15-09-2022,15-09-2022,1422386.48,-32454.74,1389931.74,17877.40039
16-09-2022,16-09-2022,-324948.73,-478421.2,-803369.93,17530.84961
19-09-2022,19-09-2022,74145.35,-253112.67,-178967.32,17622.25
20-09-2022,20-09-2022,-459533.38,584728.57,125195.19,17816.25
21-09-2022,21-09-2022,209521.47,235123.39,444644.86,17718.34961
22-09-2022,22-09-2022,768479.16,68188.2,836667.36,17629.80078
23-09-2022,23-09-2022,82925.67,-1168067.54,-1085141.87,17327.34961
26-09-2022,26-09-2022,1282818.24,-3606385.33,-2323567.09,17016.30078
27-09-2022,27-09-2022,357929.09,-3896509.39,-3538580.3,17007.40039
28-09-2022,28-09-2022,-1235364.08,-3717140.19,-4952504.27,16858.59961
29-09-2022,29-09-2022,-1930459.65,-1791524.57,-3721984.22,16818.09961
30-09-2022,30-09-2022,325004.95,-1979234.85,-1654229.9,17094.34961
03-10-2022,03-10-2022,-54789.29,-1585831.9,-1640621.19,16887.34961
04-10-2022,04-10-2022,3580.84,-1359567.37,-1355986.53,17274.30078
05-10-2022,05-10-2022,0,-1359567.37,-1359567.37,#N/A
06-10-2022,06-10-2022,-385525.69,-915304.82,-1300830.51,17331.80078
07-10-2022,07-10-2022,-687474,-214563.38,-902037.38,17314.65039
10-10-2022,10-10-2022,-50589.52,-30645.8,-81235.32,17241
11-10-2022,11-10-2022,0,-101406.34,-101406.34,16983.55078
12-10-2022,12-10-2022,-77494.38,139526.01,62031.63,17123.59961
13-10-2022,13-10-2022,361435.64,-59606.51,301829.13,17014.34961
14-10-2022,14-10-2022,-17694.32,-55402.15,-73096.47,17185.69922
17-10-2022,17-10-2022,-1439.37,100262.81,98823.44,17311.80078
18-10-2022,18-10-2022,172762.85,65179.54,237942.39,17486.94922
19-10-2022,19-10-2022,101710.12,16539.83,118249.95,17512.25
20-10-2022,20-10-2022,-124672.46,32102.8,-92569.66,17563.94922
21-10-2022,21-10-2022,40374.74,-25126.41,15248.33,17576.30078
24-10-2022,24-10-2022,-72833.46,-27355.54,-100189,17730.75
25-10-2022,25-10-2022,-289322.9,398457.22,109134.32,17656.34961
26-10-2022,26-10-2022,0,398457.22,398457.22,#N/A
27-10-2022,27-10-2022,386313.93,-4184.14,382129.79,17736.94922
28-10-2022,28-10-2022,-7106.9,-213802.28,-220909.18,17786.80078
31-10-2022,31-10-2022,76266.32,-375230.88,-298964.56,18012.19922
01-11-2022,01-11-2022,24213.37,-648882.17,-624668.8,18145.40039
02-11-2022,02-11-2022,66750.31,-539428.15,-472677.84,18082.84961
03-11-2022,03-11-2022,-216615.96,0,-216615.96,18052.69922
04-11-2022,04-11-2022,16281.63,56821.51,73103.14,18117.15039
07-11-2022,07-11-2022,5234.47,41099.88,46334.35,18202.80078
08-11-2022,08-11-2022,0,41099.88,41099.88,#N/A
09-11-2022,09-11-2022,-648758.39,756913.03,108154.64,18157
10-11-2022,10-11-2022,785602.5,0,785602.5,18028.19922
11-11-2022,11-11-2022,14156.46,-37777.85,-23621.39,18349.69922
14-11-2022,14-11-2022,28347.97,68479.65,96827.62,18329.15039
15-11-2022,15-11-2022,49671.8,107191.38,156863.18,18403.40039
16-11-2022,16-11-2022,-253608.23,342500.68,88892.45,18409.65039
17-11-2022,17-11-2022,514962.92,22177.06,537139.98,18343.90039
18-11-2022,18-11-2022,0,104838.18,104838.18,18307.65039
21-11-2022,21-11-2022,-6586.54,246550.11,239963.57,18159.94922
22-11-2022,22-11-2022,671445.41,-265779.52,405665.89,18244.19922
23-11-2022,23-11-2022,-318123.3,90273.95,-227849.35,18267.25
24-11-2022,24-11-2022,106213.85,31288.52,137502.37,18484.09961
25-11-2022,25-11-2022,168061.83,-42579.57,125482.26,18512.75
28-11-2022,28-11-2022,201062.47,-705810.7,-504748.23,18562.75
29-11-2022,29-11-2022,-31636.66,-588355.91,-619992.57,18618.05078
30-11-2022,30-11-2022,3117.85,-739014.97,-735897.12,18758.34961
01-12-2022,01-12-2022,155358.17,-932434.08,-777075.91,18812.5
02-12-2022,02-12-2022,-41509.52,-840825.36,-882334.88,18696.09961
05-12-2022,05-12-2022,0,-597709.66,-597709.66,18701.05078
06-12-2022,06-12-2022,0,-581674.87,-581674.87,18642.75
07-12-2022,07-12-2022,-189911.96,-103159.64,-293071.6,18560.5
08-12-2022,08-12-2022,532273.85,-355086.84,177187.01,18609.34961
09-12-2022,09-12-2022,-194077.81,101796.57,-92281.24,18496.59961
12-12-2022,12-12-2022,70793.01,39149.13,109942.14,18497.15039
13-12-2022,13-12-2022,508592.22,-634686.39,-126094.17,18608
14-12-2022,14-12-2022,-531264.58,-111676.72,-642941.3,18660.30078
15-12-2022,15-12-2022,66220.25,107491.93,173712.18,18414.90039
16-12-2022,16-12-2022,47086.66,-21991.93,25094.73,18269
19-12-2022,19-12-2022,79209.03,109193.11,188402.14,18420.44922
20-12-2022,20-12-2022,154200.96,283550.11,437751.07,18385.30078
21-12-2022,21-12-2022,68079.26,-207611.79,-139532.53,18199.09961
22-12-2022,22-12-2022,51969.94,-385133.89,-333163.95,18127.34961
23-12-2022,23-12-2022,2275216.79,-3520113.95,-1244897.16,17806.80078
26-12-2022,26-12-2022,-29216.51,-3197060.34,-3226276.85,18014.59961
27-12-2022,27-12-2022,-2394858.66,-286419.21,-2681277.87,18132.30078
28-12-2022,28-12-2022,648240.38,-669020.64,-20780.26,18122.5
29-12-2022,29-12-2022,-53812.64,-467783.03,-521595.67,18191
30-12-2022,30-12-2022,99898.74,-536782.25,-436883.51,18105.30078
02-01-2023,02-01-2023,95312.26,-388820.42,-293508.16,18197.44922
03-01-2023,03-01-2023,96180.74,-407180.1,-310999.36,18232.55078
04-01-2023,04-01-2023,328572.29,-1182707.27,-854134.98,18042.94922
05-01-2023,05-01-2023,-398431.71,-760143.27,-1158574.98,17992.15039
06-01-2023,06-01-2023,106795.28,-844029.44,-737234.16,17859.44922
09-01-2023,09-01-2023,-131031.1,-767489.16,-898520.26,18101.19922
10-01-2023,10-01-2023,32349.21,-1182615.35,-1150266.14,17914.15039
11-01-2023,11-01-2023,-427695.36,-579334.52,-1007029.88,17895.69922
12-01-2023,12-01-2023,-63610.22,-427762.18,-491372.4,17858.19922
13-01-2023,13-01-2023,43447.13,-311296.97,-267849.84,17956.59961
16-01-2023,16-01-2023,-118087.96,-166257.27,-284345.23,17894.84961
17-01-2023,17-01-2023,715826.09,-679016.56,36809.53,18053.30078
18-01-2023,18-01-2023,-736841.3,166963.6,-569877.7,18165.34961
19-01-2023,19-01-2023,510954.92,109415.86,620370.78,18107.84961
20-01-2023,20-01-2023,34217.24,115025.95,149243.19,18027.65039
23-01-2023,23-01-2023,41945.36,82024.35,123969.71,18118.55078
24-01-2023,24-01-2023,-187988.12,282155.18,94167.06,18118.30078
25-01-2023,25-01-2023,210942.84,-258846.29,-47903.45,17891.94922
26-01-2023,26-01-2023,0,-258846.29,-258846.29,#N/A
27-01-2023,27-01-2023,-245401.12,-238258.49,-483659.61,17604.34961
30-01-2023,30-01-2023,107226.08,-267072.12,-159846.04,17648.94922
31-01-2023,31-01-2023,93718.95,-195773.74,-102054.79,17662.15039
01-02-2023,01-02-2023,-970615.47,-1230776.47,-2201391.94,17616.30078
02-02-2023,02-02-2023,159955.6,-873277.13,-713321.53,17610.40039
03-02-2023,03-02-2023,-277068.52,-481783.36,-758851.88,17854.05078
06-02-2023,06-02-2023,-175728.13,-186297.17,-362025.3,17764.59961
07-02-2023,07-02-2023,0,-105214.41,-105214.41,17721.5
08-02-2023,08-02-2023,-716791.71,654950.16,-61841.55,17871.69922
09-02-2023,09-02-2023,1123275.26,-240983.95,882291.31,17893.44922
10-02-2023,10-02-2023,-5010.83,-285818.95,-290829.78,17856.5
13-02-2023,13-02-2023,0,-265276.56,-265276.56,17770.90039
14-02-2023,14-02-2023,-61753.25,-171732.18,-233485.43,17929.84961
15-02-2023,15-02-2023,-236615.83,45021.41,-191594.42,18015.84961
16-02-2023,16-02-2023,-43962.13,89899.32,45937.19,18035.84961
17-02-2023,17-02-2023,75287.23,-45437.78,29849.45,17944.19922
20-02-2023,20-02-2023,0,-39060.52,-39060.52,17844.59961
21-02-2023,21-02-2023,190670.92,4984.87,195655.79,17826.69922
22-02-2023,22-02-2023,-49637.22,-524232.64,-573869.86,17554.30078
23-02-2023,23-02-2023,-103218.78,-143725.76,-246944.54,17511.25
24-02-2023,24-02-2023,-111080.59,-124591.89,-235672.48,17465.80078
27-02-2023,27-02-2023,-106127.51,77590.17,-28537.34,17392.69922
28-02-2023,28-02-2023,67678.95,75261.59,142940.54,17303.94922
01-03-2023,01-03-2023,32842.43,156052.9,188895.33,17450.90039
02-03-2023,02-03-2023,441598.33,-66189.35,375408.98,17321.90039
03-03-2023,03-03-2023,0,-5390.09,-5390.09,17594.34961
06-03-2023,06-03-2023,1124925.69,-991974.84,132950.85,17711.44922
07-03-2023,07-03-2023,0,-991974.84,-991974.84,#N/A
08-03-2023,08-03-2023,-1096283.11,46846.61,-1049436.5,17754.40039
09-03-2023,09-03-2023,114704.28,12704.61,127408.89,17589.59961
10-03-2023,10-03-2023,47805.82,-158754.04,-110948.22,17412.90039
13-03-2023,13-03-2023,77425.34,-526444.96,-449019.62,17154.30078
14-03-2023,14-03-2023,-224915.85,-296650.99,-521566.84,17043.30078
15-03-2023,15-03-2023,15805.98,-288751.32,-272945.34,16972.15039
16-03-2023,16-03-2023,-442982.81,-235787.23,-678770.04,16985.59961
17-03-2023,17-03-2023,206337.92,-450749.82,-244411.9,17100.05078
20-03-2023,20-03-2023,66115.87,-354441.59,-288325.72,16988.40039
21-03-2023,21-03-2023,-73106.4,-429292.95,-502399.35,17107.5
22-03-2023,22-03-2023,-70116.02,-355136.26,-425252.28,17151.90039
23-03-2023,23-03-2023,380744.64,-595230.29,-214485.65,17076.90039
24-03-2023,24-03-2023,82997.8,-772203.56,-689205.76,16945.05078
27-03-2023,27-03-2023,-4872.75,-498861.71,-503734.46,16985.69922
28-03-2023,28-03-2023,408014.25,-568895.54,-160881.29,16951.69922
29-03-2023,29-03-2023,-521212.39,0,-521212.39,17080.69922
03-04-2023,03-04-2023,34168.72,5045.46,39214.18,17398.05078
04-04-2023,04-04-2023,0,5045.46,5045.46,#N/A
05-04-2023,05-04-2023,0,-2107.11,-2107.11,17557.05078
06-04-2023,06-04-2023,124821.24,-36884.88,87936.36,17599.15039
07-04-2023,07-04-2023,0,-36884.88,-36884.88,#N/A
10-04-2023,10-04-2023,-56467.34,-49607.16,-106074.5,17624.05078
11-04-2023,11-04-2023,48389.87,-180824.83,-132434.96,17722.30078
12-04-2023,12-04-2023,-102469.29,-153469.29,-255938.58,17812.40039
13-04-2023,13-04-2023,-51046.44,-171715.21,-222761.65,17828
14-04-2023,14-04-2023,0,-171715.21,-171715.21,#N/A
17-04-2023,17-04-2023,-139768.58,35787.96,-103980.62,17706.84961
18-04-2023,18-04-2023,-52674.09,39193.65,-13480.44,17660.15039
19-04-2023,19-04-2023,0,93203.73,93203.73,17618.75
20-04-2023,20-04-2023,205163.82,55994.06,261157.88,17624.44922
21-04-2023,21-04-2023,20959.44,52649.76,73609.2,17624.05078
24-04-2023,24-04-2023,-160995.57,196168.03,35172.46,17743.40039
25-04-2023,25-04-2023,22443.49,256463.74,278907.23,17769.25
26-04-2023,26-04-2023,-4418.56,349745.08,345326.52,17813.59961
27-04-2023,27-04-2023,422278.51,-50775.41,371503.1,17915.05078
28-04-2023,28-04-2023,21503.58,2310.1,23813.68,18065
01-05-2023,01-05-2023,0,2310.1,2310.1,#N/A
02-05-2023,02-05-2023,111584.51,-62825.23,48759.28,18147.65039
03-05-2023,03-05-2023,137292,-47664.46,89627.54,18089.84961
04-05-2023,04-05-2023,53129.84,-184749.96,-131620.12,#N/A
05-05-2023,05-05-2023,-111497.59,-667198.48,-778696.07,#N/A
08-05-2023,08-05-2023,28912.57,-545330.19,-516417.62,#N/A
09-05-2023,09-05-2023,31032.11,-443575.95,-412543.84,#N/A
10-05-2023,10-05-2023,-91609.15,-420433.24,-512042.39,#N/A
11-05-2023,11-05-2023,31058.03,-497619.79,-466561.76,#N/A
12-05-2023,12-05-2023,-133303.18,-471039,-604342.18,#N/A
15-05-2023,15-05-2023,103402.49,-511162,-407759.51,#N/A
