,straddle_open,straddle_high,straddle_low,straddle_close,straddle_entryPrice,straddle_stoploss,straddle_tgt,stradle_SLhit,stradle_Tgthit,straddle_hit_status,straddle_exitPrice,straddle_MTM,straddle_highMTM,straddle_maxMTM,straddle_lowMTM,straddle_minMTM,straddle_PnL
2022-03-10 09:15:00,406.55,517.4,457.4,450.6,,,,0,0,,,,,,,,
2022-03-10 09:16:00,454.1,454.1,443.34999999999997,458.5,,,,0,0,,,,,,,,
2022-03-10 09:17:00,454.55,446.79999999999995,426.3,424.6,,,,0,0,,,,,,,,
2022-03-10 09:18:00,419.15,417.79999999999995,413.1,413.1,,,,0,0,,,,,,,,
2022-03-10 09:19:00,416.65,418.0,416.29999999999995,416.70000000000005,,,,0,0,,,,,,,,
2022-03-10 09:20:00,416.0,412.7,411.54999999999995,410.9,,,,0,0,,,,,,,,
2022-03-10 09:21:00,411.45,409.7,406.6,414.54999999999995,410.9,493.0799999999999,82.17999999999998,0,0,,,-3.6499999999999773,4.2999999999999545,4.2999999999999545,1.1999999999999886,1.1999999999999886,
2022-03-10 09:22:00,415.05,418.85,413.3,421.95,410.9,493.0799999999999,82.17999999999998,0,0,,,-11.050000000000011,-2.400000000000034,4.2999999999999545,-7.9500000000000455,-7.9500000000000455,
2022-03-10 09:23:00,420.6,421.05,417.1,413.9,410.9,493.0799999999999,82.17999999999998,0,0,,,-3.0,-6.2000000000000455,4.2999999999999545,-10.150000000000034,-10.150000000000034,
2022-03-10 09:24:00,415.8,414.35,413.6,415.65,410.9,493.0799999999999,82.17999999999998,0,0,,,-4.75,-2.7000000000000455,4.2999999999999545,-3.4500000000000455,-10.150000000000034,
2022-03-10 09:25:00,415.8,431.55,415.8,430.5,410.9,493.0799999999999,82.17999999999998,0,0,,,-19.600000000000023,-4.900000000000034,4.2999999999999545,-20.650000000000034,-20.650000000000034,
2022-03-10 09:26:00,428.25,436.5,426.45,437.54999999999995,410.9,493.0799999999999,82.17999999999998,0,0,,,-26.649999999999977,-15.550000000000011,4.2999999999999545,-25.600000000000023,-25.600000000000023,
2022-03-10 09:27:00,436.55,433.0,427.5,432.1,410.9,493.0799999999999,82.17999999999998,0,0,,,-21.200000000000045,-16.600000000000023,4.2999999999999545,-22.100000000000023,-25.600000000000023,
2022-03-10 09:28:00,422.65,432.04999999999995,422.65,426.8,410.9,493.0799999999999,82.17999999999998,0,0,,,-15.900000000000034,-11.75,4.2999999999999545,-21.149999999999977,-25.600000000000023,
2022-03-10 09:29:00,429.09999999999997,435.85,424.95000000000005,435.15,410.9,493.0799999999999,82.17999999999998,0,0,,,-24.25,-14.050000000000068,4.2999999999999545,-24.950000000000045,-25.600000000000023,
2022-03-10 09:30:00,433.45,438.85,416.5,420.3,410.9,493.0799999999999,82.17999999999998,0,0,,,-9.400000000000034,-5.600000000000023,4.2999999999999545,-27.950000000000045,-27.950000000000045,
2022-03-10 09:31:00,422.54999999999995,422.25,396.70000000000005,400.5,410.9,493.0799999999999,82.17999999999998,0,0,,,10.399999999999977,14.199999999999932,14.199999999999932,-11.350000000000023,-27.950000000000045,
2022-03-10 09:32:00,402.0,413.25,396.4,405.3,410.9,493.0799999999999,82.17999999999998,0,0,,,5.599999999999966,14.5,14.5,-2.3500000000000227,-27.950000000000045,
2022-03-10 09:33:00,403.0,410.0,405.3,404.95,410.9,493.0799999999999,82.17999999999998,0,0,,,5.949999999999989,5.599999999999966,14.5,0.8999999999999773,-27.950000000000045,
2022-03-10 09:34:00,403.65,421.65,402.7,423.4,410.9,493.0799999999999,82.17999999999998,0,0,,,-12.5,8.199999999999989,14.5,-10.75,-27.950000000000045,
2022-03-10 09:35:00,417.15,421.25,407.25,409.4,410.9,493.0799999999999,82.17999999999998,0,0,,,1.5,3.6499999999999773,14.5,-10.350000000000023,-27.950000000000045,
2022-03-10 09:36:00,413.15000000000003,413.15000000000003,395.9,401.25,410.9,493.0799999999999,82.17999999999998,0,0,,,9.649999999999977,15.0,15.0,-2.250000000000057,-27.950000000000045,
2022-03-10 09:37:00,405.8,403.35,392.2,395.0,410.9,493.0799999999999,82.17999999999998,0,0,,,15.899999999999977,18.69999999999999,18.69999999999999,7.5499999999999545,-27.950000000000045,
2022-03-10 09:38:00,398.2,397.8,388.65,385.55,410.9,493.0799999999999,82.17999999999998,0,0,,,25.349999999999966,22.25,22.25,13.099999999999966,-27.950000000000045,
2022-03-10 09:39:00,380.04999999999995,385.55,378.45000000000005,381.79999999999995,410.9,493.0799999999999,82.17999999999998,0,0,,,29.100000000000023,32.44999999999993,32.44999999999993,25.349999999999966,-27.950000000000045,
2022-03-10 09:40:00,381.1,386.9,379.55,385.7,410.9,493.0799999999999,82.17999999999998,0,0,,,25.19999999999999,31.349999999999966,32.44999999999993,24.0,-27.950000000000045,
2022-03-10 09:41:00,386.45000000000005,386.95,384.4,385.95,410.9,493.0799999999999,82.17999999999998,0,0,,,24.94999999999999,26.5,32.44999999999993,23.94999999999999,-27.950000000000045,
2022-03-10 09:42:00,386.2,387.85,385.1,386.25,410.9,493.0799999999999,82.17999999999998,0,0,,,24.649999999999977,25.799999999999955,32.44999999999993,23.049999999999955,-27.950000000000045,
2022-03-10 09:43:00,385.29999999999995,391.20000000000005,385.29999999999995,389.15,410.9,493.0799999999999,82.17999999999998,0,0,,,21.75,25.600000000000023,32.44999999999993,19.699999999999932,-27.950000000000045,
2022-03-10 09:44:00,389.75,394.84999999999997,387.85,391.95,410.9,493.0799999999999,82.17999999999998,0,0,,,18.94999999999999,23.049999999999955,32.44999999999993,16.05000000000001,-27.950000000000045,
2022-03-10 09:45:00,394.95,393.6,385.70000000000005,388.15,410.9,493.0799999999999,82.17999999999998,0,0,,,22.75,25.199999999999932,32.44999999999993,17.299999999999955,-27.950000000000045,
2022-03-10 09:46:00,387.2,385.75,375.4,375.35,410.9,493.0799999999999,82.17999999999998,0,0,,,35.549999999999955,35.5,35.5,25.149999999999977,-27.950000000000045,
2022-03-10 09:47:00,373.6,374.70000000000005,366.3,365.8,410.9,493.0799999999999,82.17999999999998,0,0,,,45.099999999999966,44.599999999999966,44.599999999999966,36.19999999999993,-27.950000000000045,
2022-03-10 09:48:00,367.35,369.1,361.85,364.15,410.9,493.0799999999999,82.17999999999998,0,0,,,46.75,49.049999999999955,49.049999999999955,41.799999999999955,-27.950000000000045,
2022-03-10 09:49:00,366.6,366.6,353.79999999999995,356.0,410.9,493.0799999999999,82.17999999999998,0,0,,,54.89999999999998,57.10000000000002,57.10000000000002,44.299999999999955,-27.950000000000045,
2022-03-10 09:50:00,355.0,358.1,356.6,353.75,410.9,493.0799999999999,82.17999999999998,0,0,,,57.14999999999998,54.299999999999955,57.10000000000002,52.799999999999955,-27.950000000000045,
2022-03-10 09:51:00,354.65,354.9,349.35,352.79999999999995,410.9,493.0799999999999,82.17999999999998,0,0,,,58.10000000000002,61.549999999999955,61.549999999999955,56.0,-27.950000000000045,
2022-03-10 09:52:00,354.0,354.85,352.35,356.95000000000005,410.9,493.0799999999999,82.17999999999998,0,0,,,53.94999999999993,58.549999999999955,61.549999999999955,56.049999999999955,-27.950000000000045,
2022-03-10 09:53:00,356.4,354.8,354.05,354.8,410.9,493.0799999999999,82.17999999999998,0,0,,,56.099999999999966,56.849999999999966,61.549999999999955,56.099999999999966,-27.950000000000045,
2022-03-10 09:54:00,355.6,358.65,356.65,358.65,410.9,493.0799999999999,82.17999999999998,0,0,,,52.25,54.25,61.549999999999955,52.25,-27.950000000000045,
2022-03-10 09:55:00,358.5,356.2,354.29999999999995,353.2,410.9,493.0799999999999,82.17999999999998,0,0,,,57.69999999999999,56.60000000000002,61.549999999999955,54.69999999999999,-27.950000000000045,
2022-03-10 09:56:00,354.54999999999995,354.85,351.15,350.95000000000005,410.9,493.0799999999999,82.17999999999998,0,0,,,59.94999999999993,59.75,61.549999999999955,56.049999999999955,-27.950000000000045,
2022-03-10 09:57:00,350.20000000000005,346.5,344.35,347.4,410.9,493.0799999999999,82.17999999999998,0,0,,,63.5,66.54999999999995,66.54999999999995,64.39999999999998,-27.950000000000045,
2022-03-10 09:58:00,346.6,348.65,344.85,344.65,410.9,493.0799999999999,82.17999999999998,0,0,,,66.25,66.04999999999995,66.54999999999995,62.25,-27.950000000000045,
2022-03-10 09:59:00,346.4,345.45,340.2,340.5,410.9,493.0799999999999,82.17999999999998,0,0,,,70.39999999999998,70.69999999999999,70.69999999999999,65.44999999999999,-27.950000000000045,
2022-03-10 10:00:00,341.75,336.5,334.0,338.04999999999995,410.9,493.0799999999999,82.17999999999998,0,0,,,72.85000000000002,76.89999999999998,76.89999999999998,74.39999999999998,-27.950000000000045,
2022-03-10 10:01:00,334.55,332.2,330.0,331.0,410.9,493.0799999999999,82.17999999999998,0,0,,,79.89999999999998,80.89999999999998,80.89999999999998,78.69999999999999,-27.950000000000045,
2022-03-10 10:02:00,331.15,332.4,328.85,332.65,410.9,493.0799999999999,82.17999999999998,0,0,,,78.25,82.04999999999995,82.04999999999995,78.5,-27.950000000000045,
2022-03-10 10:03:00,331.6,332.5,328.75,333.2,410.9,493.0799999999999,82.17999999999998,0,0,,,77.69999999999999,82.14999999999998,82.14999999999998,78.39999999999998,-27.950000000000045,
2022-03-10 10:04:00,334.7,336.15,335.85,338.25,410.9,493.0799999999999,82.17999999999998,0,0,,,72.64999999999998,75.04999999999995,82.14999999999998,74.75,-27.950000000000045,
2022-03-10 10:05:00,338.85,341.6,341.35,342.65,410.9,493.0799999999999,82.17999999999998,0,0,,,68.25,69.54999999999995,82.14999999999998,69.29999999999995,-27.950000000000045,
2022-03-10 10:06:00,342.15,349.4,342.35,344.4,410.9,493.0799999999999,82.17999999999998,0,0,,,66.5,68.54999999999995,82.14999999999998,61.5,-27.950000000000045,
2022-03-10 10:07:00,344.85,354.2,344.85,355.35,410.9,493.0799999999999,82.17999999999998,0,0,,,55.549999999999955,66.04999999999995,82.14999999999998,56.69999999999999,-27.950000000000045,
2022-03-10 10:08:00,354.8,368.55,354.8,369.9,410.9,493.0799999999999,82.17999999999998,0,0,,,41.0,56.099999999999966,82.14999999999998,42.349999999999966,-27.950000000000045,
2022-03-10 10:09:00,372.25,376.55,366.75,365.85,410.9,493.0799999999999,82.17999999999998,0,0,,,45.049999999999955,44.14999999999998,82.14999999999998,34.349999999999966,-27.950000000000045,
2022-03-10 10:10:00,366.65,374.35,360.3,372.54999999999995,410.9,493.0799999999999,82.17999999999998,0,0,,,38.35000000000002,50.599999999999966,82.14999999999998,36.549999999999955,-27.950000000000045,
2022-03-10 10:11:00,370.45000000000005,369.35,357.85,355.4,410.9,493.0799999999999,82.17999999999998,0,0,,,55.5,53.049999999999955,82.14999999999998,41.549999999999955,-27.950000000000045,
2022-03-10 10:12:00,353.7,359.0,343.75,359.75,410.9,493.0799999999999,82.17999999999998,0,0,,,51.14999999999998,67.14999999999998,82.14999999999998,51.89999999999998,-27.950000000000045,
2022-03-10 10:13:00,359.5,361.5,353.05,359.25,410.9,493.0799999999999,82.17999999999998,0,0,,,51.64999999999998,57.849999999999966,82.14999999999998,49.39999999999998,-27.950000000000045,
2022-03-10 10:14:00,357.04999999999995,359.79999999999995,350.55,358.75,410.9,493.0799999999999,82.17999999999998,0,0,,,52.14999999999998,60.349999999999966,82.14999999999998,51.10000000000002,-27.950000000000045,
2022-03-10 10:15:00,360.3,360.09999999999997,353.65,355.7,410.9,493.0799999999999,82.17999999999998,0,0,,,55.19999999999999,57.25,82.14999999999998,50.80000000000001,-27.950000000000045,
2022-03-10 10:16:00,355.0,358.85,355.0,353.45000000000005,410.9,493.0799999999999,82.17999999999998,0,0,,,57.44999999999993,55.89999999999998,82.14999999999998,52.049999999999955,-27.950000000000045,
2022-03-10 10:17:00,354.25,358.0,354.25,356.70000000000005,410.9,493.0799999999999,82.17999999999998,0,0,,,54.19999999999993,56.64999999999998,82.14999999999998,52.89999999999998,-27.950000000000045,
2022-03-10 10:18:00,357.65,364.9,358.95000000000005,363.84999999999997,410.9,493.0799999999999,82.17999999999998,0,0,,,47.05000000000001,51.94999999999993,82.14999999999998,46.0,-27.950000000000045,
2022-03-10 10:19:00,364.0,366.35,358.5,358.5,410.9,493.0799999999999,82.17999999999998,0,0,,,52.39999999999998,52.39999999999998,82.14999999999998,44.549999999999955,-27.950000000000045,
2022-03-10 10:20:00,358.7,365.5,358.7,362.5,410.9,493.0799999999999,82.17999999999998,0,0,,,48.39999999999998,52.19999999999999,82.14999999999998,45.39999999999998,-27.950000000000045,
2022-03-10 10:21:00,364.75,375.1,364.75,374.9,410.9,493.0799999999999,82.17999999999998,0,0,,,36.0,46.14999999999998,82.14999999999998,35.799999999999955,-27.950000000000045,
2022-03-10 10:22:00,376.45,375.55,369.7,372.5,410.9,493.0799999999999,82.17999999999998,0,0,,,38.39999999999998,41.19999999999999,82.14999999999998,35.349999999999966,-27.950000000000045,
2022-03-10 10:23:00,373.1,387.09999999999997,365.85,389.09999999999997,410.9,493.0799999999999,82.17999999999998,0,0,,,21.80000000000001,45.049999999999955,82.14999999999998,23.80000000000001,-27.950000000000045,
2022-03-10 10:24:00,383.1,414.3,383.15,411.0,410.9,493.0799999999999,82.17999999999998,0,0,,,-0.10000000000002274,27.75,82.14999999999998,-3.400000000000034,-27.950000000000045,
2022-03-10 10:25:00,412.8,440.7,408.95,422.1,410.9,493.0799999999999,82.17999999999998,0,0,,,-11.200000000000045,1.9499999999999886,82.14999999999998,-29.80000000000001,-29.80000000000001,
2022-03-10 10:26:00,419.75,420.59999999999997,399.8,404.6,410.9,493.0799999999999,82.17999999999998,0,0,,,6.2999999999999545,11.099999999999966,82.14999999999998,-9.699999999999989,-29.80000000000001,
2022-03-10 10:27:00,404.45,422.5,404.45,417.29999999999995,410.9,493.0799999999999,82.17999999999998,0,0,,,-6.399999999999977,6.449999999999989,82.14999999999998,-11.600000000000023,-29.80000000000001,
2022-03-10 10:28:00,417.55,422.84999999999997,407.25,415.2,410.9,493.0799999999999,82.17999999999998,0,0,,,-4.300000000000011,3.6499999999999773,82.14999999999998,-11.949999999999989,-29.80000000000001,
2022-03-10 10:29:00,414.8,420.0,411.05,412.7,410.9,493.0799999999999,82.17999999999998,0,0,,,-1.8000000000000114,-0.1500000000000341,82.14999999999998,-9.100000000000023,-29.80000000000001,
2022-03-10 10:30:00,412.55,416.35,382.05,382.05,410.9,493.0799999999999,82.17999999999998,0,0,,,28.849999999999966,28.849999999999966,82.14999999999998,-5.4500000000000455,-29.80000000000001,
2022-03-10 10:31:00,381.6,393.4,357.29999999999995,359.04999999999995,410.9,493.0799999999999,82.17999999999998,0,0,,,51.85000000000002,53.60000000000002,82.14999999999998,17.5,-29.80000000000001,
2022-03-10 10:32:00,361.0,369.05,344.2,356.0,410.9,493.0799999999999,82.17999999999998,0,0,,,54.89999999999998,66.69999999999999,82.14999999999998,41.849999999999966,-29.80000000000001,
2022-03-10 10:33:00,354.25,369.04999999999995,352.0,367.35,410.9,493.0799999999999,82.17999999999998,0,0,,,43.549999999999955,58.89999999999998,82.14999999999998,41.85000000000002,-29.80000000000001,
2022-03-10 10:34:00,364.79999999999995,364.79999999999995,352.05,358.05,410.9,493.0799999999999,82.17999999999998,0,0,,,52.849999999999966,58.849999999999966,82.14999999999998,46.10000000000002,-29.80000000000001,
2022-03-10 10:35:00,360.35,370.15000000000003,359.65,362.2,410.9,493.0799999999999,82.17999999999998,0,0,,,48.69999999999999,51.25,82.14999999999998,40.74999999999994,-29.80000000000001,
2022-03-10 10:36:00,364.2,370.0,358.79999999999995,369.9,410.9,493.0799999999999,82.17999999999998,0,0,,,41.0,52.10000000000002,82.14999999999998,40.89999999999998,-29.80000000000001,
2022-03-10 10:37:00,371.75,387.95000000000005,370.35,380.9,410.9,493.0799999999999,82.17999999999998,0,0,,,30.0,40.549999999999955,82.14999999999998,22.949999999999932,-29.80000000000001,
2022-03-10 10:38:00,383.09999999999997,386.5,376.4,385.95000000000005,410.9,493.0799999999999,82.17999999999998,0,0,,,24.949999999999932,34.5,82.14999999999998,24.399999999999977,-29.80000000000001,
2022-03-10 10:39:00,383.35,383.35,365.05,373.2,410.9,493.0799999999999,82.17999999999998,0,0,,,37.69999999999999,45.849999999999966,82.14999999999998,27.549999999999955,-29.80000000000001,
2022-03-10 10:40:00,374.25,376.3,361.0,374.15,410.9,493.0799999999999,82.17999999999998,0,0,,,36.75,49.89999999999998,82.14999999999998,34.599999999999966,-29.80000000000001,
2022-03-10 10:41:00,375.55,375.55,362.45000000000005,367.2,410.9,493.0799999999999,82.17999999999998,0,0,,,43.69999999999999,48.44999999999993,82.14999999999998,35.349999999999966,-29.80000000000001,
2022-03-10 10:42:00,369.0,370.90000000000003,356.6,359.7,410.9,493.0799999999999,82.17999999999998,0,0,,,51.19999999999999,54.299999999999955,82.14999999999998,39.99999999999994,-29.80000000000001,
2022-03-10 10:43:00,361.85,360.85,346.8,346.8,410.9,493.0799999999999,82.17999999999998,0,0,,,64.09999999999997,64.09999999999997,82.14999999999998,50.049999999999955,-29.80000000000001,
2022-03-10 10:44:00,344.45000000000005,347.85,330.15,328.75,410.9,493.0799999999999,82.17999999999998,0,0,,,82.14999999999998,80.75,82.14999999999998,63.049999999999955,-29.80000000000001,
2022-03-10 10:45:00,329.3,337.54999999999995,327.35,339.5,410.9,493.0799999999999,82.17999999999998,0,0,,,71.39999999999998,83.54999999999995,83.54999999999995,73.35000000000002,-29.80000000000001,
2022-03-10 10:46:00,342.85,354.4,339.1,354.54999999999995,410.9,493.0799999999999,82.17999999999998,0,0,,,56.35000000000002,71.79999999999995,83.54999999999995,56.5,-29.80000000000001,
2022-03-10 10:47:00,352.95000000000005,353.9,341.55,348.4,410.9,493.0799999999999,82.17999999999998,0,0,,,62.5,69.34999999999997,83.54999999999995,57.0,-29.80000000000001,
2022-03-10 10:48:00,349.75,351.95000000000005,344.4,350.9,410.9,493.0799999999999,82.17999999999998,0,0,,,60.0,66.5,83.54999999999995,58.94999999999993,-29.80000000000001,
2022-03-10 10:49:00,348.75,348.05,345.29999999999995,349.6,410.9,493.0799999999999,82.17999999999998,0,0,,,61.299999999999955,65.60000000000002,83.54999999999995,62.849999999999966,-29.80000000000001,
2022-03-10 10:50:00,348.65,353.84999999999997,341.05,345.40000000000003,410.9,493.0799999999999,82.17999999999998,0,0,,,65.49999999999994,69.84999999999997,83.54999999999995,57.05000000000001,-29.80000000000001,
2022-03-10 10:51:00,345.3,357.40000000000003,343.65,352.15,410.9,493.0799999999999,82.17999999999998,0,0,,,58.75,67.25,83.54999999999995,53.49999999999994,-29.80000000000001,
2022-03-10 10:52:00,352.65000000000003,360.4,352.54999999999995,354.25,410.9,493.0799999999999,82.17999999999998,0,0,,,56.64999999999998,58.35000000000002,83.54999999999995,50.5,-29.80000000000001,
2022-03-10 10:53:00,354.6,358.85,349.65000000000003,358.1,410.9,493.0799999999999,82.17999999999998,0,0,,,52.799999999999955,61.24999999999994,83.54999999999995,52.049999999999955,-29.80000000000001,
2022-03-10 10:54:00,357.95,357.7,346.8,349.55,410.9,493.0799999999999,82.17999999999998,0,0,,,61.349999999999966,64.09999999999997,83.54999999999995,53.19999999999999,-29.80000000000001,
2022-03-10 10:55:00,349.8,352.5,343.29999999999995,350.05,410.9,493.0799999999999,82.17999999999998,0,0,,,60.849999999999966,67.60000000000002,83.54999999999995,58.39999999999998,-29.80000000000001,
2022-03-10 10:56:00,348.55,349.54999999999995,338.55,339.29999999999995,410.9,493.0799999999999,82.17999999999998,0,0,,,71.60000000000002,72.34999999999997,83.54999999999995,61.35000000000002,-29.80000000000001,
2022-03-10 10:57:00,339.45,345.95,334.2,344.25,410.9,493.0799999999999,82.17999999999998,0,0,,,66.64999999999998,76.69999999999999,83.54999999999995,64.94999999999999,-29.80000000000001,
2022-03-10 10:58:00,344.0,347.8,337.79999999999995,347.29999999999995,410.9,493.0799999999999,82.17999999999998,0,0,,,63.60000000000002,73.10000000000002,83.54999999999995,63.099999999999966,-29.80000000000001,
2022-03-10 10:59:00,347.40000000000003,358.05,346.45000000000005,356.59999999999997,410.9,493.0799999999999,82.17999999999998,0,0,,,54.30000000000001,64.44999999999993,83.54999999999995,52.849999999999966,-29.80000000000001,
2022-03-10 11:00:00,358.9,366.1,355.45,364.7,410.9,493.0799999999999,82.17999999999998,0,0,,,46.19999999999999,55.44999999999999,83.54999999999995,44.799999999999955,-29.80000000000001,
2022-03-10 11:01:00,366.84999999999997,370.55,358.9,361.75,410.9,493.0799999999999,82.17999999999998,0,0,,,49.14999999999998,52.0,83.54999999999995,40.349999999999966,-29.80000000000001,
2022-03-10 11:02:00,361.54999999999995,365.95,354.20000000000005,354.35,410.9,493.0799999999999,82.17999999999998,0,0,,,56.549999999999955,56.69999999999993,83.54999999999995,44.94999999999999,-29.80000000000001,
2022-03-10 11:03:00,356.5,356.55,346.8,350.55,410.9,493.0799999999999,82.17999999999998,0,0,,,60.349999999999966,64.09999999999997,83.54999999999995,54.349999999999966,-29.80000000000001,
2022-03-10 11:04:00,353.09999999999997,358.3,343.04999999999995,343.1,410.9,493.0799999999999,82.17999999999998,0,0,,,67.79999999999995,67.85000000000002,83.54999999999995,52.599999999999966,-29.80000000000001,
2022-03-10 11:05:00,344.70000000000005,355.05,343.15000000000003,351.45,410.9,493.0799999999999,82.17999999999998,0,0,,,59.44999999999999,67.74999999999994,83.54999999999995,55.849999999999966,-29.80000000000001,
2022-03-10 11:06:00,351.0,354.75,351.2,352.0,410.9,493.0799999999999,82.17999999999998,0,0,,,58.89999999999998,59.69999999999999,83.54999999999995,56.14999999999998,-29.80000000000001,
2022-03-10 11:07:00,350.85,362.35,351.2,360.6,410.9,493.0799999999999,82.17999999999998,0,0,,,50.299999999999955,59.69999999999999,83.54999999999995,48.549999999999955,-29.80000000000001,
2022-03-10 11:08:00,361.75,363.95,357.15,362.55,410.9,493.0799999999999,82.17999999999998,0,0,,,48.349999999999966,53.75,83.54999999999995,46.94999999999999,-29.80000000000001,
2022-03-10 11:09:00,362.15,361.4,355.05,359.8,410.9,493.0799999999999,82.17999999999998,0,0,,,51.099999999999966,55.849999999999966,83.54999999999995,49.5,-29.80000000000001,
2022-03-10 11:10:00,361.2,365.90000000000003,354.25,357.1,410.9,493.0799999999999,82.17999999999998,0,0,,,53.799999999999955,56.64999999999998,83.54999999999995,44.99999999999994,-29.80000000000001,
2022-03-10 11:11:00,357.1,366.25,356.09999999999997,356.8,410.9,493.0799999999999,82.17999999999998,0,0,,,54.099999999999966,54.80000000000001,83.54999999999995,44.64999999999998,-29.80000000000001,
2022-03-10 11:12:00,357.7,363.85,353.2,362.85,410.9,493.0799999999999,82.17999999999998,0,0,,,48.049999999999955,57.69999999999999,83.54999999999995,47.049999999999955,-29.80000000000001,
2022-03-10 11:13:00,361.95,370.25,356.65000000000003,370.95,410.9,493.0799999999999,82.17999999999998,0,0,,,39.94999999999999,54.24999999999994,83.54999999999995,40.64999999999998,-29.80000000000001,
2022-03-10 11:14:00,371.2,371.1,365.65,371.45,410.9,493.0799999999999,82.17999999999998,0,0,,,39.44999999999999,45.25,83.54999999999995,39.799999999999955,-29.80000000000001,
2022-03-10 11:15:00,370.84999999999997,374.9,349.4,348.8,410.9,493.0799999999999,82.17999999999998,0,0,,,62.099999999999966,61.5,83.54999999999995,36.0,-29.80000000000001,
2022-03-10 11:16:00,348.45000000000005,356.55,339.5,357.5,410.9,493.0799999999999,82.17999999999998,0,0,,,53.39999999999998,71.39999999999998,83.54999999999995,54.349999999999966,-29.80000000000001,
2022-03-10 11:17:00,358.45,357.85,348.2,349.09999999999997,410.9,493.0799999999999,82.17999999999998,0,0,,,61.80000000000001,62.69999999999999,83.54999999999995,53.049999999999955,-29.80000000000001,
2022-03-10 11:18:00,349.5,353.4,349.90000000000003,351.1,410.9,493.0799999999999,82.17999999999998,0,0,,,59.799999999999955,60.99999999999994,83.54999999999995,57.5,-29.80000000000001,
2022-03-10 11:19:00,354.3,359.55,349.55,358.1,410.9,493.0799999999999,82.17999999999998,0,0,,,52.799999999999955,61.349999999999966,83.54999999999995,51.349999999999966,-29.80000000000001,
2022-03-10 11:20:00,359.75,359.05,350.55,356.6,410.9,493.0799999999999,82.17999999999998,0,0,,,54.299999999999955,60.349999999999966,83.54999999999995,51.849999999999966,-29.80000000000001,
2022-03-10 11:21:00,355.1,364.25,354.1,364.6,410.9,493.0799999999999,82.17999999999998,0,0,,,46.299999999999955,56.799999999999955,83.54999999999995,46.64999999999998,-29.80000000000001,
2022-03-10 11:22:00,363.0,368.0,360.15,361.75,410.9,493.0799999999999,82.17999999999998,0,0,,,49.14999999999998,50.75,83.54999999999995,42.89999999999998,-29.80000000000001,
2022-03-10 11:23:00,360.35,362.2,354.0,358.9,410.9,493.0799999999999,82.17999999999998,0,0,,,52.0,56.89999999999998,83.54999999999995,48.69999999999999,-29.80000000000001,
2022-03-10 11:24:00,358.04999999999995,364.54999999999995,354.40000000000003,360.84999999999997,410.9,493.0799999999999,82.17999999999998,0,0,,,50.05000000000001,56.49999999999994,83.54999999999995,46.35000000000002,-29.80000000000001,
2022-03-10 11:25:00,360.15,364.45,355.95000000000005,357.7,410.9,493.0799999999999,82.17999999999998,0,0,,,53.19999999999999,54.94999999999993,83.54999999999995,46.44999999999999,-29.80000000000001,
2022-03-10 11:26:00,357.1,357.0,343.84999999999997,343.84999999999997,410.9,493.0799999999999,82.17999999999998,0,0,,,67.05000000000001,67.05000000000001,83.54999999999995,53.89999999999998,-29.80000000000001,
2022-03-10 11:27:00,341.8,346.5,338.0,341.40000000000003,410.9,493.0799999999999,82.17999999999998,0,0,,,69.49999999999994,72.89999999999998,83.54999999999995,64.39999999999998,-29.80000000000001,
2022-03-10 11:28:00,342.9,351.15000000000003,341.75,343.4,410.9,493.0799999999999,82.17999999999998,0,0,,,67.5,69.14999999999998,83.54999999999995,59.74999999999994,-29.80000000000001,
2022-03-10 11:29:00,344.95,344.95,336.84999999999997,342.15,410.9,493.0799999999999,82.17999999999998,0,0,,,68.75,74.05000000000001,83.54999999999995,65.94999999999999,-29.80000000000001,
2022-03-10 11:30:00,344.0,347.34999999999997,334.5,344.1,410.9,493.0799999999999,82.17999999999998,0,0,,,66.79999999999995,76.39999999999998,83.54999999999995,63.55000000000001,-29.80000000000001,
2022-03-10 11:31:00,344.45000000000005,347.95,332.7,338.4,410.9,493.0799999999999,82.17999999999998,0,0,,,72.5,78.19999999999999,83.54999999999995,62.94999999999999,-29.80000000000001,
2022-03-10 11:32:00,338.65000000000003,339.25,321.1,325.0,410.9,493.0799999999999,82.17999999999998,0,0,,,85.89999999999998,89.79999999999995,89.79999999999995,71.64999999999998,-29.80000000000001,
2022-03-10 11:33:00,325.95,331.6,324.55,331.3,410.9,493.0799999999999,82.17999999999998,0,0,,,79.59999999999997,86.34999999999997,89.79999999999995,79.29999999999995,-29.80000000000001,
2022-03-10 11:34:00,330.55,333.9,328.9,331.6,410.9,493.0799999999999,82.17999999999998,0,0,,,79.29999999999995,82.0,89.79999999999995,77.0,-29.80000000000001,
2022-03-10 11:35:00,331.70000000000005,331.70000000000005,321.75,319.4,410.9,493.0799999999999,82.17999999999998,0,0,,,91.5,89.14999999999998,89.79999999999995,79.19999999999993,-29.80000000000001,
2022-03-10 11:36:00,320.5,325.70000000000005,314.55,321.75,410.9,493.0799999999999,82.17999999999998,0,0,,,89.14999999999998,96.34999999999997,96.34999999999997,85.19999999999993,-29.80000000000001,
2022-03-10 11:37:00,322.75,327.0,322.8,326.45,410.9,493.0799999999999,82.17999999999998,0,0,,,84.44999999999999,88.09999999999997,96.34999999999997,83.89999999999998,-29.80000000000001,
2022-03-10 11:38:00,326.85,326.0,321.54999999999995,321.04999999999995,410.9,493.0799999999999,82.17999999999998,0,0,,,89.85000000000002,89.35000000000002,96.34999999999997,84.89999999999998,-29.80000000000001,
2022-03-10 11:39:00,320.0,325.1,317.1,325.0,410.9,493.0799999999999,82.17999999999998,0,0,,,85.89999999999998,93.79999999999995,96.34999999999997,85.79999999999995,-29.80000000000001,
2022-03-10 11:40:00,324.25,325.2,315.8,316.4,410.9,493.0799999999999,82.17999999999998,0,0,,,94.5,95.09999999999997,96.34999999999997,85.69999999999999,-29.80000000000001,
2022-03-10 11:41:00,315.15,324.1,315.5,322.25,410.9,493.0799999999999,82.17999999999998,0,0,,,88.64999999999998,95.39999999999998,96.34999999999997,86.79999999999995,-29.80000000000001,
2022-03-10 11:42:00,321.95,322.5,320.55,322.75,410.9,493.0799999999999,82.17999999999998,0,0,,,88.14999999999998,90.34999999999997,96.34999999999997,88.39999999999998,-29.80000000000001,
2022-03-10 11:43:00,323.8,342.5,323.04999999999995,336.5,410.9,493.0799999999999,82.17999999999998,0,0,,,74.39999999999998,87.85000000000002,96.34999999999997,68.39999999999998,-29.80000000000001,
2022-03-10 11:44:00,338.45,343.2,337.0,340.95000000000005,410.9,493.0799999999999,82.17999999999998,0,0,,,69.94999999999993,73.89999999999998,96.34999999999997,67.69999999999999,-29.80000000000001,
2022-03-10 11:45:00,345.5,351.6,345.5,345.25,410.9,493.0799999999999,82.17999999999998,0,0,,,65.64999999999998,65.39999999999998,96.34999999999997,59.299999999999955,-29.80000000000001,
2022-03-10 11:46:00,345.54999999999995,349.7,341.35,342.05,410.9,493.0799999999999,82.17999999999998,0,0,,,68.84999999999997,69.54999999999995,96.34999999999997,61.19999999999999,-29.80000000000001,
2022-03-10 11:47:00,341.75,343.7,336.2,338.9,410.9,493.0799999999999,82.17999999999998,0,0,,,72.0,74.69999999999999,96.34999999999997,67.19999999999999,-29.80000000000001,
2022-03-10 11:48:00,339.65,339.40000000000003,329.0,329.0,410.9,493.0799999999999,82.17999999999998,0,0,,,81.89999999999998,81.89999999999998,96.34999999999997,71.49999999999994,-29.80000000000001,
2022-03-10 11:49:00,329.75,330.15,320.7,322.1,410.9,493.0799999999999,82.17999999999998,0,0,,,88.79999999999995,90.19999999999999,96.34999999999997,80.75,-29.80000000000001,
2022-03-10 11:50:00,322.2,324.84999999999997,318.15,327.5,410.9,493.0799999999999,82.17999999999998,0,0,,,83.39999999999998,92.75,96.34999999999997,86.05000000000001,-29.80000000000001,
2022-03-10 11:51:00,327.9,330.15,326.2,329.15,410.9,493.0799999999999,82.17999999999998,0,0,,,81.75,84.69999999999999,96.34999999999997,80.75,-29.80000000000001,
2022-03-10 11:52:00,328.85,329.7,324.1,323.85,410.9,493.0799999999999,82.17999999999998,0,0,,,87.04999999999995,86.79999999999995,96.34999999999997,81.19999999999999,-29.80000000000001,
2022-03-10 11:53:00,323.8,330.34999999999997,323.6,326.2,410.9,493.0799999999999,82.17999999999998,0,0,,,84.69999999999999,87.29999999999995,96.34999999999997,80.55000000000001,-29.80000000000001,
2022-03-10 11:54:00,325.55,334.2,325.0,331.45,410.9,493.0799999999999,82.17999999999998,0,0,,,79.44999999999999,85.89999999999998,96.34999999999997,76.69999999999999,-29.80000000000001,
2022-03-10 11:55:00,331.45,332.75,324.55,324.85,410.9,493.0799999999999,82.17999999999998,0,0,,,86.04999999999995,86.34999999999997,96.34999999999997,78.14999999999998,-29.80000000000001,
2022-03-10 11:56:00,325.5,329.5,326.0,327.9,410.9,493.0799999999999,82.17999999999998,0,0,,,83.0,84.89999999999998,96.34999999999997,81.39999999999998,-29.80000000000001,
2022-03-10 11:57:00,328.35,330.55,324.79999999999995,330.65,410.9,493.0799999999999,82.17999999999998,0,0,,,80.25,86.10000000000002,96.34999999999997,80.34999999999997,-29.80000000000001,
2022-03-10 11:58:00,329.40000000000003,330.25,327.2,329.09999999999997,410.9,493.0799999999999,82.17999999999998,0,0,,,81.80000000000001,83.69999999999999,96.34999999999997,80.64999999999998,-29.80000000000001,
2022-03-10 11:59:00,328.35,331.59999999999997,325.45000000000005,326.05,410.9,493.0799999999999,82.17999999999998,0,0,,,84.84999999999997,85.44999999999993,96.34999999999997,79.30000000000001,-29.80000000000001,
2022-03-10 12:00:00,325.85,328.70000000000005,319.4,325.1,410.9,493.0799999999999,82.17999999999998,0,0,,,85.79999999999995,91.5,96.34999999999997,82.19999999999993,-29.80000000000001,
2022-03-10 12:01:00,324.20000000000005,328.34999999999997,321.75,328.55,410.9,493.0799999999999,82.17999999999998,0,0,,,82.34999999999997,89.14999999999998,96.34999999999997,82.55000000000001,-29.80000000000001,
2022-03-10 12:02:00,328.25,330.09999999999997,320.9,322.85,410.9,493.0799999999999,82.17999999999998,0,0,,,88.04999999999995,90.0,96.34999999999997,80.80000000000001,-29.80000000000001,
2022-03-10 12:03:00,323.35,325.25,319.35,323.3,410.9,493.0799999999999,82.17999999999998,0,0,,,87.59999999999997,91.54999999999995,96.34999999999997,85.64999999999998,-29.80000000000001,
2022-03-10 12:04:00,322.0,322.4,317.25,320.85,410.9,493.0799999999999,82.17999999999998,0,0,,,90.04999999999995,93.64999999999998,96.34999999999997,88.5,-29.80000000000001,
2022-03-10 12:05:00,322.04999999999995,322.79999999999995,317.5,320.35,410.9,493.0799999999999,82.17999999999998,0,0,,,90.54999999999995,93.39999999999998,96.34999999999997,88.10000000000002,-29.80000000000001,
2022-03-10 12:06:00,320.45000000000005,326.90000000000003,314.75,323.35,410.9,493.0799999999999,82.17999999999998,0,0,,,87.54999999999995,96.14999999999998,96.34999999999997,83.99999999999994,-29.80000000000001,
2022-03-10 12:07:00,322.25,325.40000000000003,318.15,324.95,410.9,493.0799999999999,82.17999999999998,0,0,,,85.94999999999999,92.75,96.34999999999997,85.49999999999994,-29.80000000000001,
2022-03-10 12:08:00,324.75,329.90000000000003,318.3,324.20000000000005,410.9,493.0799999999999,82.17999999999998,0,0,,,86.69999999999993,92.59999999999997,96.34999999999997,80.99999999999994,-29.80000000000001,
2022-03-10 12:09:00,323.59999999999997,323.25,317.05,321.05,410.9,493.0799999999999,82.17999999999998,0,0,,,89.84999999999997,93.84999999999997,96.34999999999997,87.64999999999998,-29.80000000000001,
2022-03-10 12:10:00,320.6,320.9,319.9,318.85,410.9,493.0799999999999,82.17999999999998,0,0,,,92.04999999999995,91.0,96.34999999999997,90.0,-29.80000000000001,
2022-03-10 12:11:00,318.55,318.7,315.79999999999995,308.9,410.9,493.0799999999999,82.17999999999998,0,0,,,102.0,95.10000000000002,96.34999999999997,92.19999999999999,-29.80000000000001,
2022-03-10 12:12:00,313.9,313.6,305.9,305.9,410.9,493.0799999999999,82.17999999999998,0,0,,,105.0,105.0,105.0,97.29999999999995,-29.80000000000001,
2022-03-10 12:13:00,302.7,310.8,302.7,312.3,410.9,493.0799999999999,82.17999999999998,0,0,,,98.59999999999997,108.19999999999999,108.19999999999999,100.09999999999997,-29.80000000000001,
2022-03-10 12:14:00,311.75,313.04999999999995,309.15,304.9,410.9,493.0799999999999,82.17999999999998,0,0,,,106.0,101.75,108.19999999999999,97.85000000000002,-29.80000000000001,
2022-03-10 12:15:00,306.6,306.5,302.95,299.8,410.9,493.0799999999999,82.17999999999998,0,0,,,111.09999999999997,107.94999999999999,108.19999999999999,104.39999999999998,-29.80000000000001,
2022-03-10 12:16:00,300.05,303.95000000000005,300.1,304.35,410.9,493.0799999999999,82.17999999999998,0,0,,,106.54999999999995,110.79999999999995,110.79999999999995,106.94999999999993,-29.80000000000001,
2022-03-10 12:17:00,305.35,303.54999999999995,293.95,295.95,410.9,493.0799999999999,82.17999999999998,0,0,,,114.94999999999999,116.94999999999999,116.94999999999999,107.35000000000002,-29.80000000000001,
2022-03-10 12:18:00,295.1,298.75,296.75,296.6,410.9,493.0799999999999,82.17999999999998,0,0,,,114.29999999999995,114.14999999999998,116.94999999999999,112.14999999999998,-29.80000000000001,
2022-03-10 12:19:00,295.75,296.2,295.3,295.75,410.9,493.0799999999999,82.17999999999998,0,0,,,115.14999999999998,115.59999999999997,116.94999999999999,114.69999999999999,-29.80000000000001,
2022-03-10 12:20:00,296.05,298.55,296.25,297.2,410.9,493.0799999999999,82.17999999999998,0,0,,,113.69999999999999,114.64999999999998,116.94999999999999,112.34999999999997,-29.80000000000001,
2022-03-10 12:21:00,296.6,297.2,295.5,295.5,410.9,493.0799999999999,82.17999999999998,0,0,,,115.39999999999998,115.39999999999998,116.94999999999999,113.69999999999999,-29.80000000000001,
2022-03-10 12:22:00,294.05,294.35,291.35,291.15,410.9,493.0799999999999,82.17999999999998,0,0,,,119.75,119.54999999999995,119.54999999999995,116.54999999999995,-29.80000000000001,
2022-03-10 12:23:00,291.75,291.75,288.9,291.3,410.9,493.0799999999999,82.17999999999998,0,0,,,119.59999999999997,122.0,122.0,119.14999999999998,-29.80000000000001,
2022-03-10 12:24:00,291.6,292.75,290.54999999999995,293.65,410.9,493.0799999999999,82.17999999999998,0,0,,,117.25,120.35000000000002,122.0,118.14999999999998,-29.80000000000001,
2022-03-10 12:25:00,294.29999999999995,293.35,292.95,293.55,410.9,493.0799999999999,82.17999999999998,0,0,,,117.34999999999997,117.94999999999999,122.0,117.54999999999995,-29.80000000000001,
2022-03-10 12:26:00,293.75,304.3,293.8,301.6,410.9,493.0799999999999,82.17999999999998,0,0,,,109.29999999999995,117.09999999999997,122.0,106.59999999999997,-29.80000000000001,
2022-03-10 12:27:00,301.2,301.85,291.45,295.6,410.9,493.0799999999999,82.17999999999998,0,0,,,115.29999999999995,119.44999999999999,122.0,109.04999999999995,-29.80000000000001,
2022-03-10 12:28:00,294.2,295.35,285.4,285.29999999999995,410.9,493.0799999999999,82.17999999999998,0,0,,,125.60000000000002,125.5,125.5,115.54999999999995,-29.80000000000001,
2022-03-10 12:29:00,286.8,291.9,286.75,291.4,410.9,493.0799999999999,82.17999999999998,0,0,,,119.5,124.14999999999998,125.5,119.0,-29.80000000000001,
2022-03-10 12:30:00,290.75,291.95,282.6,281.55,410.9,493.0799999999999,82.17999999999998,0,0,,,129.34999999999997,128.29999999999995,128.29999999999995,118.94999999999999,-29.80000000000001,
2022-03-10 12:31:00,281.9,286.1,282.20000000000005,283.85,410.9,493.0799999999999,82.17999999999998,0,0,,,127.04999999999995,128.69999999999993,128.69999999999993,124.79999999999995,-29.80000000000001,
2022-03-10 12:32:00,282.9,284.95000000000005,281.95,283.8,410.9,493.0799999999999,82.17999999999998,0,0,,,127.09999999999997,128.95,128.95,125.94999999999993,-29.80000000000001,
2022-03-10 12:33:00,280.8,280.8,277.6,279.25,410.9,493.0799999999999,82.17999999999998,0,0,,,131.64999999999998,133.29999999999995,133.29999999999995,130.09999999999997,-29.80000000000001,
2022-03-10 12:34:00,278.95,278.95,275.35,275.25,410.9,493.0799999999999,82.17999999999998,0,0,,,135.64999999999998,135.54999999999995,135.54999999999995,131.95,-29.80000000000001,
2022-03-10 12:35:00,280.1,279.8,276.85,278.7,410.9,493.0799999999999,82.17999999999998,0,0,,,132.2,134.04999999999995,135.54999999999995,131.09999999999997,-29.80000000000001,
2022-03-10 12:36:00,278.35,281.65,277.55,281.3,410.9,493.0799999999999,82.17999999999998,0,0,,,129.59999999999997,133.34999999999997,135.54999999999995,129.25,-29.80000000000001,
2022-03-10 12:37:00,280.55,281.15,280.55,280.55,410.9,493.0799999999999,82.17999999999998,0,0,,,130.34999999999997,130.34999999999997,135.54999999999995,129.75,-29.80000000000001,
2022-03-10 12:38:00,281.7,279.6,275.15,276.7,410.9,493.0799999999999,82.17999999999998,0,0,,,134.2,135.75,135.75,131.29999999999995,-29.80000000000001,
2022-03-10 12:39:00,276.45,279.95,273.95,276.95,410.9,493.0799999999999,82.17999999999998,0,0,,,133.95,136.95,136.95,130.95,-29.80000000000001,
2022-03-10 12:40:00,278.45,277.6,274.5,274.7,410.9,493.0799999999999,82.17999999999998,0,0,,,136.2,136.39999999999998,136.95,133.29999999999995,-29.80000000000001,
2022-03-10 12:41:00,274.85,280.75,274.9,277.95000000000005,410.9,493.0799999999999,82.17999999999998,0,0,,,132.94999999999993,136.0,136.95,130.14999999999998,-29.80000000000001,
2022-03-10 12:42:00,278.05,290.54999999999995,278.05,276.5,410.9,493.0799999999999,82.17999999999998,0,0,,,134.39999999999998,132.84999999999997,136.95,120.35000000000002,-29.80000000000001,
2022-03-10 12:43:00,279.05,280.75,273.4,280.4,410.9,493.0799999999999,82.17999999999998,0,0,,,130.5,137.5,137.5,130.14999999999998,-29.80000000000001,
2022-03-10 12:44:00,280.05,280.5,274.9,278.65,410.9,493.0799999999999,82.17999999999998,0,0,,,132.25,136.0,137.5,130.39999999999998,-29.80000000000001,
2022-03-10 12:45:00,278.3,281.05,269.75,269.75,410.9,493.0799999999999,82.17999999999998,0,0,,,141.14999999999998,141.14999999999998,141.14999999999998,129.84999999999997,-29.80000000000001,
2022-03-10 12:46:00,268.15,276.7,265.65,275.1,410.9,493.0799999999999,82.17999999999998,0,0,,,135.79999999999995,145.25,145.25,134.2,-29.80000000000001,
2022-03-10 12:47:00,274.55,275.9,272.85,273.54999999999995,410.9,493.0799999999999,82.17999999999998,0,0,,,137.35000000000002,138.04999999999995,145.25,135.0,-29.80000000000001,
2022-03-10 12:48:00,273.15,281.9,273.85,280.2,410.9,493.0799999999999,82.17999999999998,0,0,,,130.7,137.04999999999995,145.25,129.0,-29.80000000000001,
2022-03-10 12:49:00,279.8,290.9,276.6,284.0,410.9,493.0799999999999,82.17999999999998,0,0,,,126.89999999999998,134.29999999999995,145.25,120.0,-29.80000000000001,
2022-03-10 12:50:00,283.45000000000005,288.8,275.95,280.75,410.9,493.0799999999999,82.17999999999998,0,0,,,130.14999999999998,134.95,145.25,122.09999999999997,-29.80000000000001,
2022-03-10 12:51:00,283.85,288.4,276.7,278.45,410.9,493.0799999999999,82.17999999999998,0,0,,,132.45,134.2,145.25,122.5,-29.80000000000001,
2022-03-10 12:52:00,278.4,285.0,274.7,277.2,410.9,493.0799999999999,82.17999999999998,0,0,,,133.7,136.2,145.25,125.89999999999998,-29.80000000000001,
2022-03-10 12:53:00,277.1,290.8,277.1,279.45,410.9,493.0799999999999,82.17999999999998,0,0,,,131.45,133.79999999999995,145.25,120.09999999999997,-29.80000000000001,
2022-03-10 12:54:00,278.35,287.35,277.35,287.35,410.9,493.0799999999999,82.17999999999998,0,0,,,123.54999999999995,133.54999999999995,145.25,123.54999999999995,-29.80000000000001,
2022-03-10 12:55:00,289.5,292.9,266.95,265.79999999999995,410.9,493.0799999999999,82.17999999999998,0,0,,,145.10000000000002,143.95,145.25,118.0,-29.80000000000001,
2022-03-10 12:56:00,266.6,274.55,251.15,253.20000000000002,410.9,493.0799999999999,82.17999999999998,0,0,,,157.69999999999996,159.74999999999997,159.74999999999997,136.34999999999997,-29.80000000000001,
2022-03-10 12:57:00,253.9,257.15,245.3,248.75,410.9,493.0799999999999,82.17999999999998,0,0,,,162.14999999999998,165.59999999999997,165.59999999999997,153.75,-29.80000000000001,
2022-03-10 12:58:00,247.55,246.95,246.35,247.7,410.9,493.0799999999999,82.17999999999998,0,0,,,163.2,164.54999999999998,165.59999999999997,163.95,-29.80000000000001,
2022-03-10 12:59:00,246.89999999999998,247.75,243.60000000000002,243.75,410.9,493.0799999999999,82.17999999999998,0,0,,,167.14999999999998,167.29999999999995,167.29999999999995,163.14999999999998,-29.80000000000001,
2022-03-10 13:00:00,244.85,249.75,244.85,251.29999999999998,410.9,493.0799999999999,82.17999999999998,0,0,,,159.6,166.04999999999998,167.29999999999995,161.14999999999998,-29.80000000000001,
2022-03-10 13:01:00,251.75,259.5,251.75,256.95,410.9,493.0799999999999,82.17999999999998,0,0,,,153.95,159.14999999999998,167.29999999999995,151.39999999999998,-29.80000000000001,
2022-03-10 13:02:00,256.0,262.95,255.45,257.05,410.9,493.0799999999999,82.17999999999998,0,0,,,153.84999999999997,155.45,167.29999999999995,147.95,-29.80000000000001,
2022-03-10 13:03:00,257.5,267.95000000000005,258.05,263.4,410.9,493.0799999999999,82.17999999999998,0,0,,,147.5,152.84999999999997,167.29999999999995,142.94999999999993,-29.80000000000001,
2022-03-10 13:04:00,264.15,265.15,257.65,256.85,410.9,493.0799999999999,82.17999999999998,0,0,,,154.04999999999995,153.25,167.29999999999995,145.75,-29.80000000000001,
2022-03-10 13:05:00,256.65,267.65,255.1,257.2,410.9,493.0799999999999,82.17999999999998,0,0,,,153.7,155.79999999999998,167.29999999999995,143.25,-29.80000000000001,
2022-03-10 13:06:00,256.04999999999995,261.65,247.6,253.3,410.9,493.0799999999999,82.17999999999998,0,0,,,157.59999999999997,163.29999999999998,167.29999999999995,149.25,-29.80000000000001,
2022-03-10 13:07:00,252.85000000000002,259.04999999999995,251.5,254.5,410.9,493.0799999999999,82.17999999999998,0,0,,,156.39999999999998,159.39999999999998,167.29999999999995,151.85000000000002,-29.80000000000001,
2022-03-10 13:08:00,256.85,265.65,255.55,262.45,410.9,493.0799999999999,82.17999999999998,0,0,,,148.45,155.34999999999997,167.29999999999995,145.25,-29.80000000000001,
2022-03-10 13:09:00,262.65,267.5,261.25,261.9,410.9,493.0799999999999,82.17999999999998,0,0,,,149.0,149.64999999999998,167.29999999999995,143.39999999999998,-29.80000000000001,
2022-03-10 13:10:00,261.55,291.65,262.0,281.9,410.9,493.0799999999999,82.17999999999998,0,0,,,129.0,148.89999999999998,167.29999999999995,119.25,-29.80000000000001,
2022-03-10 13:11:00,284.2,284.2,258.55,258.55,410.9,493.0799999999999,82.17999999999998,0,0,,,152.34999999999997,152.34999999999997,167.29999999999995,126.69999999999999,-29.80000000000001,
2022-03-10 13:12:00,259.3,260.05,248.5,259.35,410.9,493.0799999999999,82.17999999999998,0,0,,,151.54999999999995,162.39999999999998,167.29999999999995,150.84999999999997,-29.80000000000001,
2022-03-10 13:13:00,257.9,264.15,253.75,260.4,410.9,493.0799999999999,82.17999999999998,0,0,,,150.5,157.14999999999998,167.29999999999995,146.75,-29.80000000000001,
2022-03-10 13:14:00,260.95,263.45,254.05,255.25,410.9,493.0799999999999,82.17999999999998,0,0,,,155.64999999999998,156.84999999999997,167.29999999999995,147.45,-29.80000000000001,
2022-03-10 13:15:00,256.2,257.1,239.5,240.2,410.9,493.0799999999999,82.17999999999998,0,0,,,170.7,171.39999999999998,171.39999999999998,153.79999999999995,-29.80000000000001,
2022-03-10 13:16:00,237.3,235.1,226.5,230.55,410.9,493.0799999999999,82.17999999999998,0,0,,,180.34999999999997,184.39999999999998,184.39999999999998,175.79999999999998,-29.80000000000001,
2022-03-10 13:17:00,231.95000000000002,231.95000000000002,229.3,230.39999999999998,410.9,493.0799999999999,82.17999999999998,0,0,,,180.5,181.59999999999997,184.39999999999998,178.94999999999996,-29.80000000000001,
2022-03-10 13:18:00,230.05,233.55,230.25,233.55,410.9,493.0799999999999,82.17999999999998,0,0,,,177.34999999999997,180.64999999999998,184.39999999999998,177.34999999999997,-29.80000000000001,
2022-03-10 13:19:00,233.9,231.4,229.95,231.05,410.9,493.0799999999999,82.17999999999998,0,0,,,179.84999999999997,180.95,184.39999999999998,179.49999999999997,-29.80000000000001,
2022-03-10 13:20:00,231.89999999999998,238.89999999999998,230.05,236.79999999999998,410.9,493.0799999999999,82.17999999999998,0,0,,,174.1,180.84999999999997,184.39999999999998,172.0,-29.80000000000001,
2022-03-10 13:21:00,236.95,239.4,227.8,231.5,410.9,493.0799999999999,82.17999999999998,0,0,,,179.39999999999998,183.09999999999997,184.39999999999998,171.49999999999997,-29.80000000000001,
2022-03-10 13:22:00,229.95,232.65,225.35,223.8,410.9,493.0799999999999,82.17999999999998,0,0,,,187.09999999999997,185.54999999999998,185.54999999999998,178.24999999999997,-29.80000000000001,
2022-03-10 13:23:00,225.5,224.45,221.8,222.0,410.9,493.0799999999999,82.17999999999998,0,0,,,188.89999999999998,189.09999999999997,189.09999999999997,186.45,-29.80000000000001,
2022-03-10 13:24:00,220.3,221.25,219.25,223.0,410.9,493.0799999999999,82.17999999999998,0,0,,,187.89999999999998,191.64999999999998,191.64999999999998,189.64999999999998,-29.80000000000001,
2022-03-10 13:25:00,223.5,222.05,219.05,219.6,410.9,493.0799999999999,82.17999999999998,0,0,,,191.29999999999998,191.84999999999997,191.84999999999997,188.84999999999997,-29.80000000000001,
2022-03-10 13:26:00,219.0,218.0,215.75,215.7,410.9,493.0799999999999,82.17999999999998,0,0,,,195.2,195.14999999999998,195.14999999999998,192.89999999999998,-29.80000000000001,
2022-03-10 13:27:00,214.8,218.10000000000002,215.8,218.10000000000002,410.9,493.0799999999999,82.17999999999998,0,0,,,192.79999999999995,195.09999999999997,195.14999999999998,192.79999999999995,-29.80000000000001,
2022-03-10 13:28:00,215.9,219.3,216.95,220.05,410.9,493.0799999999999,82.17999999999998,0,0,,,190.84999999999997,193.95,195.14999999999998,191.59999999999997,-29.80000000000001,
2022-03-10 13:29:00,218.95,221.25,216.8,220.2,410.9,493.0799999999999,82.17999999999998,0,0,,,190.7,194.09999999999997,195.14999999999998,189.64999999999998,-29.80000000000001,
2022-03-10 13:30:00,219.60000000000002,224.4,218.60000000000002,221.7,410.9,493.0799999999999,82.17999999999998,0,0,,,189.2,192.29999999999995,195.14999999999998,186.49999999999997,-29.80000000000001,
2022-03-10 13:31:00,222.89999999999998,225.65,213.35,224.1,410.9,493.0799999999999,82.17999999999998,0,0,,,186.79999999999998,197.54999999999998,197.54999999999998,185.24999999999997,-29.80000000000001,
2022-03-10 13:32:00,227.7,237.1,219.7,225.0,410.9,493.0799999999999,82.17999999999998,0,0,,,185.89999999999998,191.2,197.54999999999998,173.79999999999998,-29.80000000000001,
2022-03-10 13:33:00,224.6,231.15,220.65,226.35,410.9,493.0799999999999,82.17999999999998,0,0,,,184.54999999999998,190.24999999999997,197.54999999999998,179.74999999999997,-29.80000000000001,
2022-03-10 13:34:00,225.25,224.75,222.29999999999998,222.75,410.9,493.0799999999999,82.17999999999998,0,0,,,188.14999999999998,188.6,197.54999999999998,186.14999999999998,-29.80000000000001,
2022-03-10 13:35:00,222.75,227.2,219.4,221.85,410.9,493.0799999999999,82.17999999999998,0,0,,,189.04999999999998,191.49999999999997,197.54999999999998,183.7,-29.80000000000001,
2022-03-10 13:36:00,222.0,229.20000000000002,221.6,221.3,410.9,493.0799999999999,82.17999999999998,0,0,,,189.59999999999997,189.29999999999998,197.54999999999998,181.69999999999996,-29.80000000000001,
2022-03-10 13:37:00,222.1,220.75,212.0,214.5,410.9,493.0799999999999,82.17999999999998,0,0,,,196.39999999999998,198.89999999999998,198.89999999999998,190.14999999999998,-29.80000000000001,
2022-03-10 13:38:00,214.60000000000002,223.1,214.60000000000002,221.3,410.9,493.0799999999999,82.17999999999998,0,0,,,189.59999999999997,196.29999999999995,198.89999999999998,187.79999999999998,-29.80000000000001,
2022-03-10 13:39:00,223.4,225.25,215.1,219.95,410.9,493.0799999999999,82.17999999999998,0,0,,,190.95,195.79999999999998,198.89999999999998,185.64999999999998,-29.80000000000001,
2022-03-10 13:40:00,221.7,243.9,218.15,239.85,410.9,493.0799999999999,82.17999999999998,0,0,,,171.04999999999998,192.74999999999997,198.89999999999998,166.99999999999997,-29.80000000000001,
2022-03-10 13:41:00,239.5,282.95,237.45,279.09999999999997,410.9,493.0799999999999,82.17999999999998,0,0,,,131.8,173.45,198.89999999999998,127.94999999999999,-29.80000000000001,
2022-03-10 13:42:00,271.6,307.7,259.0,292.4,410.9,493.0799999999999,82.17999999999998,0,0,,,118.5,151.89999999999998,198.89999999999998,103.19999999999999,-29.80000000000001,
2022-03-10 13:43:00,292.65,357.75,293.0,322.54999999999995,410.9,493.0799999999999,82.17999999999998,0,0,,,88.35000000000002,117.89999999999998,198.89999999999998,53.14999999999998,-29.80000000000001,
2022-03-10 13:44:00,326.7,341.05,301.7,323.95,410.9,493.0799999999999,82.17999999999998,0,0,,,86.94999999999999,109.19999999999999,198.89999999999998,69.84999999999997,-29.80000000000001,
2022-03-10 13:45:00,323.2,377.05,323.2,357.90000000000003,410.9,493.0799999999999,82.17999999999998,0,0,,,52.99999999999994,87.69999999999999,198.89999999999998,33.849999999999966,-29.80000000000001,
2022-03-10 13:46:00,357.75,371.1,328.15,352.8,410.9,493.0799999999999,82.17999999999998,0,0,,,58.099999999999966,82.75,198.89999999999998,39.799999999999955,-29.80000000000001,
2022-03-10 13:47:00,351.7,362.35,339.20000000000005,353.9,410.9,493.0799999999999,82.17999999999998,0,0,,,57.0,71.69999999999993,198.89999999999998,48.549999999999955,-29.80000000000001,
2022-03-10 13:48:00,352.15,395.0,352.15,391.3,410.9,493.0799999999999,82.17999999999998,0,0,,,19.599999999999966,58.75,198.89999999999998,15.899999999999977,-29.80000000000001,
2022-03-10 13:49:00,395.25,430.2,371.1,424.75,410.9,493.0799999999999,82.17999999999998,0,0,,,-13.850000000000023,39.799999999999955,198.89999999999998,-19.30000000000001,-29.80000000000001,
2022-03-10 13:50:00,427.15000000000003,481.85,401.4,483.35,410.9,493.0799999999999,82.17999999999998,0,0,,,-72.45000000000005,9.5,198.89999999999998,-70.95000000000005,-70.95000000000005,
2022-03-10 13:51:00,478.2,547.8,459.9,538.35,410.9,493.0799999999999,82.17999999999998,1,0,SL_hit,493.0799999999999,-127.45000000000005,-49.0,198.89999999999998,-136.89999999999998,-136.89999999999998,-82.17999999999995
2022-03-10 13:52:00,555.1500000000001,578.35,500.40000000000003,534.5,410.9,493.0799999999999,82.17999999999998,1,0,SL_hit,493.0799999999999,-123.60000000000002,-89.50000000000006,198.89999999999998,-167.45000000000005,-167.45000000000005,-82.17999999999995
2022-03-10 13:53:00,538.6,553.5,450.4,484.3,410.9,493.0799999999999,82.17999999999998,1,0,SL_hit,493.0799999999999,-73.40000000000003,-39.5,198.89999999999998,-142.60000000000002,-167.45000000000005,-82.17999999999995
2022-03-10 13:54:00,483.45,527.2,483.8,527.2,410.9,493.0799999999999,82.17999999999998,1,0,SL_hit,493.0799999999999,-116.30000000000007,-72.90000000000003,198.89999999999998,-116.30000000000007,-167.45000000000005,-82.17999999999995
2022-03-10 13:55:00,526.9,556.7,492.2,534.15,410.9,493.0799999999999,82.17999999999998,1,0,SL_hit,493.0799999999999,-123.25,-81.30000000000001,198.89999999999998,-145.80000000000007,-167.45000000000005,-82.17999999999995
2022-03-10 13:56:00,535.75,541.5500000000001,505.9,525.1999999999999,410.9,493.0799999999999,82.17999999999998,1,0,SL_hit,493.0799999999999,-114.29999999999995,-95.0,198.89999999999998,-130.6500000000001,-167.45000000000005,-82.17999999999995
2022-03-10 13:57:00,529.9,532.05,497.34999999999997,496.09999999999997,410.9,493.0799999999999,82.17999999999998,1,0,SL_hit,493.0799999999999,-85.19999999999999,-86.44999999999999,198.89999999999998,-121.14999999999998,-167.45000000000005,-82.17999999999995
2022-03-10 13:58:00,493.2,511.95,465.95,502.95,410.9,493.0799999999999,82.17999999999998,1,0,SL_hit,493.0799999999999,-92.05000000000001,-55.05000000000001,198.89999999999998,-101.05000000000001,-167.45000000000005,-82.17999999999995
2022-03-10 13:59:00,504.65000000000003,542.2,481.3,481.5,410.9,493.0799999999999,82.17999999999998,1,0,SL_hit,493.0799999999999,-70.60000000000002,-70.40000000000003,198.89999999999998,-131.30000000000007,-167.45000000000005,-82.17999999999995
2022-03-10 14:00:00,491.6,585.7,492.45,585.7,410.9,493.0799999999999,82.17999999999998,1,0,SL_hit,493.0799999999999,-174.80000000000007,-81.55000000000001,198.89999999999998,-174.80000000000007,-174.80000000000007,-82.17999999999995
2022-03-10 14:01:00,580.25,579.9,496.45,501.45,410.9,493.0799999999999,82.17999999999998,1,0,SL_hit,493.0799999999999,-90.55000000000001,-85.55000000000001,198.89999999999998,-169.0,-174.80000000000007,-82.17999999999995
2022-03-10 14:02:00,502.8,590.0,502.8,577.4,410.9,493.0799999999999,82.17999999999998,1,0,SL_hit,493.0799999999999,-166.5,-91.90000000000003,198.89999999999998,-179.10000000000002,-179.10000000000002,-82.17999999999995
2022-03-10 14:03:00,580.5,647.15,572.2,643.1,410.9,493.0799999999999,82.17999999999998,1,0,SL_hit,493.0799999999999,-232.20000000000005,-161.30000000000007,198.89999999999998,-236.25,-236.25,-82.17999999999995
2022-03-10 14:04:00,639.5500000000001,671.35,615.75,646.85,410.9,493.0799999999999,82.17999999999998,1,0,SL_hit,493.0799999999999,-235.95000000000005,-204.85000000000002,198.89999999999998,-260.45000000000005,-260.45000000000005,-82.17999999999995
2022-03-10 14:05:00,657.2,692.5,596.65,629.8,410.9,493.0799999999999,82.17999999999998,1,0,SL_hit,493.0799999999999,-218.89999999999998,-185.75,198.89999999999998,-281.6,-281.6,-82.17999999999995
2022-03-10 14:06:00,646.65,647.95,570.5,602.4,410.9,493.0799999999999,82.17999999999998,1,0,SL_hit,493.0799999999999,-191.5,-159.60000000000002,198.89999999999998,-237.05000000000007,-281.6,-82.17999999999995
2022-03-10 14:07:00,596.15,628.5,575.1,596.05,410.9,493.0799999999999,82.17999999999998,1,0,SL_hit,493.0799999999999,-185.14999999999998,-164.20000000000005,198.89999999999998,-217.60000000000002,-281.6,-82.17999999999995
2022-03-10 14:08:00,584.35,588.45,528.65,534.85,410.9,493.0799999999999,82.17999999999998,1,0,SL_hit,493.0799999999999,-123.95000000000005,-117.75,198.89999999999998,-177.55000000000007,-281.6,-82.17999999999995
2022-03-10 14:09:00,531.15,586.55,531.15,568.8,410.9,493.0799999999999,82.17999999999998,1,0,SL_hit,493.0799999999999,-157.89999999999998,-120.25,198.89999999999998,-175.64999999999998,-281.6,-82.17999999999995
2022-03-10 14:10:00,569.3000000000001,594.65,528.3,574.15,410.9,493.0799999999999,82.17999999999998,1,0,SL_hit,493.0799999999999,-163.25,-117.39999999999998,198.89999999999998,-183.75,-281.6,-82.17999999999995
2022-03-10 14:11:00,574.15,590.35,539.0,575.95,410.9,493.0799999999999,82.17999999999998,1,0,SL_hit,493.0799999999999,-165.05000000000007,-128.10000000000002,198.89999999999998,-179.45000000000005,-281.6,-82.17999999999995
2022-03-10 14:12:00,579.1,601.6,549.8000000000001,563.4,410.9,493.0799999999999,82.17999999999998,1,0,SL_hit,493.0799999999999,-152.5,-138.9000000000001,198.89999999999998,-190.70000000000005,-281.6,-82.17999999999995
2022-03-10 14:13:00,559.7,572.65,537.55,559.9,410.9,493.0799999999999,82.17999999999998,1,0,SL_hit,493.0799999999999,-149.0,-126.64999999999998,198.89999999999998,-161.75,-281.6,-82.17999999999995
2022-03-10 14:14:00,559.75,562.2,481.7,486.5,410.9,493.0799999999999,82.17999999999998,1,0,SL_hit,493.0799999999999,-75.60000000000002,-70.80000000000001,198.89999999999998,-151.30000000000007,-281.6,-82.17999999999995
2022-03-10 14:15:00,491.59999999999997,565.95,491.59999999999997,557.65,410.9,493.0799999999999,82.17999999999998,1,0,SL_hit,493.0799999999999,-146.75,-80.69999999999999,198.89999999999998,-155.05000000000007,-281.6,-82.17999999999995
2022-03-10 14:16:00,558.85,582.9,514.0,527.35,410.9,493.0799999999999,82.17999999999998,1,0,SL_hit,493.0799999999999,-116.45000000000005,-103.10000000000002,198.89999999999998,-172.0,-281.6,-82.17999999999995
2022-03-10 14:17:00,532.25,532.15,506.05,505.95000000000005,410.9,493.0799999999999,82.17999999999998,1,0,SL_hit,493.0799999999999,-95.05000000000007,-95.15000000000003,198.89999999999998,-121.25,-281.6,-82.17999999999995
2022-03-10 14:18:00,505.85,517.6,486.7,502.54999999999995,410.9,493.0799999999999,82.17999999999998,1,0,SL_hit,493.0799999999999,-91.64999999999998,-75.80000000000001,198.89999999999998,-106.70000000000005,-281.6,-82.17999999999995
2022-03-10 14:19:00,501.5,550.65,497.8,543.4,410.9,493.0799999999999,82.17999999999998,1,0,SL_hit,493.0799999999999,-132.5,-86.90000000000003,198.89999999999998,-139.75,-281.6,-82.17999999999995
2022-03-10 14:20:00,540.6999999999999,602.1500000000001,531.4499999999999,602.6500000000001,410.9,493.0799999999999,82.17999999999998,1,0,SL_hit,493.0799999999999,-191.7500000000001,-120.54999999999995,198.89999999999998,-191.2500000000001,-281.6,-82.17999999999995
2022-03-10 14:21:00,598.85,645.85,598.25,624.25,410.9,493.0799999999999,82.17999999999998,1,0,SL_hit,493.0799999999999,-213.35000000000002,-187.35000000000002,198.89999999999998,-234.95000000000005,-281.6,-82.17999999999995
2022-03-10 14:22:00,621.0,620.6500000000001,564.45,592.4499999999999,410.9,493.0799999999999,82.17999999999998,1,0,SL_hit,493.0799999999999,-181.54999999999995,-153.55000000000007,198.89999999999998,-209.7500000000001,-281.6,-82.17999999999995
2022-03-10 14:23:00,588.1999999999999,610.65,573.75,598.0,410.9,493.0799999999999,82.17999999999998,1,0,SL_hit,493.0799999999999,-187.10000000000002,-162.85000000000002,198.89999999999998,-199.75,-281.6,-82.17999999999995
2022-03-10 14:24:00,593.75,600.5999999999999,580.35,592.5,410.9,493.0799999999999,82.17999999999998,1,0,SL_hit,493.0799999999999,-181.60000000000002,-169.45000000000005,198.89999999999998,-189.69999999999993,-281.6,-82.17999999999995
2022-03-10 14:25:00,592.6999999999999,611.2,565.15,596.95,410.9,493.0799999999999,82.17999999999998,1,0,SL_hit,493.0799999999999,-186.05000000000007,-154.25,198.89999999999998,-200.30000000000007,-281.6,-82.17999999999995
2022-03-10 14:26:00,594.4000000000001,660.3,593.95,637.85,410.9,493.0799999999999,82.17999999999998,1,0,SL_hit,493.0799999999999,-226.95000000000005,-183.05000000000007,198.89999999999998,-249.39999999999998,-281.6,-82.17999999999995
2022-03-10 14:27:00,636.65,640.3,604.9,613.15,410.9,493.0799999999999,82.17999999999998,1,0,SL_hit,493.0799999999999,-202.25,-194.0,198.89999999999998,-229.39999999999998,-281.6,-82.17999999999995
2022-03-10 14:28:00,609.4,636.75,609.4499999999999,613.9,410.9,493.0799999999999,82.17999999999998,1,0,SL_hit,493.0799999999999,-203.0,-198.54999999999995,198.89999999999998,-225.85000000000002,-281.6,-82.17999999999995
2022-03-10 14:29:00,617.1,621.9,596.05,612.6,410.9,493.0799999999999,82.17999999999998,1,0,SL_hit,493.0799999999999,-201.70000000000005,-185.14999999999998,198.89999999999998,-211.0,-281.6,-82.17999999999995
2022-03-10 14:30:00,609.0,609.0,483.2,519.1,410.9,493.0799999999999,82.17999999999998,1,0,SL_hit,493.0799999999999,-108.20000000000005,-72.30000000000001,198.89999999999998,-198.10000000000002,-281.6,-82.17999999999995
2022-03-10 14:31:00,514.05,514.05,422.05,439.2,410.9,493.0799999999999,82.17999999999998,1,0,SL_hit,493.0799999999999,-28.30000000000001,-11.150000000000034,198.89999999999998,-103.14999999999998,-281.6,-82.17999999999995
2022-03-10 14:32:00,434.65,436.5,380.79999999999995,421.3,410.9,493.0799999999999,82.17999999999998,0,0,SL_hit,493.0799999999999,-10.400000000000034,30.100000000000023,198.89999999999998,-25.600000000000023,-281.6,-82.17999999999995
2022-03-10 14:33:00,422.35,437.0,402.95,413.1,410.9,493.0799999999999,82.17999999999998,0,0,SL_hit,493.0799999999999,-2.2000000000000455,7.949999999999989,198.89999999999998,-26.100000000000023,-281.6,-82.17999999999995
2022-03-10 14:34:00,418.5,432.35,385.5,394.4,410.9,493.0799999999999,82.17999999999998,0,0,SL_hit,493.0799999999999,16.5,25.399999999999977,198.89999999999998,-21.450000000000045,-281.6,-82.17999999999995
2022-03-10 14:35:00,396.6,418.40000000000003,372.09999999999997,403.5,410.9,493.0799999999999,82.17999999999998,0,0,SL_hit,493.0799999999999,7.399999999999977,38.80000000000001,198.89999999999998,-7.500000000000057,-281.6,-82.17999999999995
2022-03-10 14:36:00,397.4,397.4,337.54999999999995,349.5,410.9,493.0799999999999,82.17999999999998,0,0,SL_hit,493.0799999999999,61.39999999999998,73.35000000000002,198.89999999999998,13.5,-281.6,-82.17999999999995
2022-03-10 14:37:00,348.75,359.65,279.3,285.59999999999997,410.9,493.0799999999999,82.17999999999998,0,0,SL_hit,493.0799999999999,125.30000000000001,131.59999999999997,198.89999999999998,51.25,-281.6,-82.17999999999995
2022-03-10 14:38:00,287.2,302.05,272.2,300.55,410.9,493.0799999999999,82.17999999999998,0,0,SL_hit,493.0799999999999,110.34999999999997,138.7,198.89999999999998,108.84999999999997,-281.6,-82.17999999999995
2022-03-10 14:39:00,298.7,297.65,268.65000000000003,267.6,410.9,493.0799999999999,82.17999999999998,0,0,SL_hit,493.0799999999999,143.29999999999995,142.24999999999994,198.89999999999998,113.25,-281.6,-82.17999999999995
2022-03-10 14:40:00,270.45,293.3,255.25,284.5,410.9,493.0799999999999,82.17999999999998,0,0,SL_hit,493.0799999999999,126.39999999999998,155.64999999999998,198.89999999999998,117.59999999999997,-281.6,-82.17999999999995
2022-03-10 14:41:00,283.4,362.65,283.6,363.2,410.9,493.0799999999999,82.17999999999998,0,0,SL_hit,493.0799999999999,47.69999999999999,127.29999999999995,198.89999999999998,48.25,-281.6,-82.17999999999995
2022-03-10 14:42:00,356.15000000000003,418.0,347.15000000000003,385.45,410.9,493.0799999999999,82.17999999999998,0,0,SL_hit,493.0799999999999,25.44999999999999,63.74999999999994,198.89999999999998,-7.100000000000023,-281.6,-82.17999999999995
2022-03-10 14:43:00,387.05,396.75,337.65000000000003,371.8,410.9,493.0799999999999,82.17999999999998,0,0,SL_hit,493.0799999999999,39.099999999999966,73.24999999999994,198.89999999999998,14.149999999999977,-281.6,-82.17999999999995
2022-03-10 14:44:00,377.29999999999995,375.9,346.84999999999997,373.0,410.9,493.0799999999999,82.17999999999998,0,0,SL_hit,493.0799999999999,37.89999999999998,64.05000000000001,198.89999999999998,35.0,-281.6,-82.17999999999995
2022-03-10 14:45:00,375.5,434.05,362.2,424.5,410.9,493.0799999999999,82.17999999999998,0,0,SL_hit,493.0799999999999,-13.600000000000023,48.69999999999999,198.89999999999998,-23.150000000000034,-281.6,-82.17999999999995
2022-03-10 14:46:00,420.4,505.95,412.95,477.0,410.9,493.0799999999999,82.17999999999998,1,0,SL_hit,493.0799999999999,-66.10000000000002,-2.0500000000000114,198.89999999999998,-95.05000000000001,-281.6,-82.17999999999995
2022-03-10 14:47:00,472.1,489.90000000000003,454.65,473.90000000000003,410.9,493.0799999999999,82.17999999999998,0,0,SL_hit,493.0799999999999,-63.00000000000006,-43.75,198.89999999999998,-79.00000000000006,-281.6,-82.17999999999995
2022-03-10 14:48:00,475.70000000000005,516.6,442.3,509.25,410.9,493.0799999999999,82.17999999999998,1,0,SL_hit,493.0799999999999,-98.35000000000002,-31.400000000000034,198.89999999999998,-105.70000000000005,-281.6,-82.17999999999995
2022-03-10 14:49:00,507.4,527.25,493.35,517.1999999999999,410.9,493.0799999999999,82.17999999999998,1,0,SL_hit,493.0799999999999,-106.29999999999995,-82.45000000000005,198.89999999999998,-116.35000000000002,-281.6,-82.17999999999995
2022-03-10 14:50:00,521.95,537.0500000000001,503.05,507.84999999999997,410.9,493.0799999999999,82.17999999999998,1,0,SL_hit,493.0799999999999,-96.94999999999999,-92.15000000000003,198.89999999999998,-126.15000000000009,-281.6,-82.17999999999995
2022-03-10 14:51:00,519.45,555.45,492.9,498.5,410.9,493.0799999999999,82.17999999999998,1,0,SL_hit,493.0799999999999,-87.60000000000002,-82.0,198.89999999999998,-144.55000000000007,-281.6,-82.17999999999995
2022-03-10 14:52:00,488.1,522.25,469.25,472.05,410.9,493.0799999999999,82.17999999999998,1,0,SL_hit,493.0799999999999,-61.150000000000034,-58.35000000000002,198.89999999999998,-111.35000000000002,-281.6,-82.17999999999995
2022-03-10 14:53:00,485.5,495.90000000000003,383.2,401.7,410.9,493.0799999999999,82.17999999999998,1,0,SL_hit,493.0799999999999,9.199999999999989,27.69999999999999,198.89999999999998,-85.00000000000006,-281.6,-82.17999999999995
2022-03-10 14:54:00,401.09999999999997,405.8,368.84999999999997,394.15,410.9,493.0799999999999,82.17999999999998,0,0,SL_hit,493.0799999999999,16.75,42.05000000000001,198.89999999999998,5.099999999999966,-281.6,-82.17999999999995
2022-03-10 14:55:00,394.8,456.25,385.25,429.0,410.9,493.0799999999999,82.17999999999998,0,0,SL_hit,493.0799999999999,-18.100000000000023,25.649999999999977,198.89999999999998,-45.35000000000002,-281.6,-82.17999999999995
2022-03-10 14:56:00,429.25,445.75,403.95,436.3,410.9,493.0799999999999,82.17999999999998,0,0,SL_hit,493.0799999999999,-25.400000000000034,6.949999999999989,198.89999999999998,-34.85000000000002,-281.6,-82.17999999999995
2022-03-10 14:57:00,429.95,430.59999999999997,407.05,413.1,410.9,493.0799999999999,82.17999999999998,0,0,SL_hit,493.0799999999999,-2.2000000000000455,3.849999999999966,198.89999999999998,-19.69999999999999,-281.6,-82.17999999999995
2022-03-10 14:58:00,400.5,435.35,400.4,435.35,410.9,493.0799999999999,82.17999999999998,0,0,SL_hit,493.0799999999999,-24.450000000000045,10.5,198.89999999999998,-24.450000000000045,-281.6,-82.17999999999995
2022-03-10 14:59:00,433.9,515.4,432.79999999999995,502.25,410.9,493.0799999999999,82.17999999999998,1,0,SL_hit,493.0799999999999,-91.35000000000002,-21.899999999999977,198.89999999999998,-104.5,-281.6,-82.17999999999995
2022-03-10 15:00:00,507.65,572.4499999999999,424.35,434.2,410.9,493.0799999999999,82.17999999999998,1,0,SL_hit,493.0799999999999,-23.30000000000001,-13.450000000000045,198.89999999999998,-161.54999999999995,-281.6,-82.17999999999995
2022-03-10 15:01:00,445.2,450.4,336.75,390.0,410.9,493.0799999999999,82.17999999999998,0,0,SL_hit,493.0799999999999,20.899999999999977,74.14999999999998,198.89999999999998,-39.5,-281.6,-82.17999999999995
2022-03-10 15:02:00,382.1,458.15,373.1,458.4,410.9,493.0799999999999,82.17999999999998,0,0,SL_hit,493.0799999999999,-47.5,37.799999999999955,198.89999999999998,-47.25,-281.6,-82.17999999999995
2022-03-10 15:03:00,455.59999999999997,526.6,455.84999999999997,509.15,410.9,493.0799999999999,82.17999999999998,1,0,SL_hit,493.0799999999999,-98.25,-44.94999999999999,198.89999999999998,-115.70000000000005,-281.6,-82.17999999999995
2022-03-10 15:04:00,499.25,510.7,473.15000000000003,494.65,410.9,493.0799999999999,82.17999999999998,1,0,SL_hit,493.0799999999999,-83.75,-62.25000000000006,198.89999999999998,-99.80000000000001,-281.6,-82.17999999999995
2022-03-10 15:05:00,506.45,524.25,455.95,477.3,410.9,493.0799999999999,82.17999999999998,1,0,SL_hit,493.0799999999999,-66.40000000000003,-45.05000000000001,198.89999999999998,-113.35000000000002,-281.6,-82.17999999999995
2022-03-10 15:06:00,466.2,495.59999999999997,451.79999999999995,451.59999999999997,410.9,493.0799999999999,82.17999999999998,1,0,SL_hit,493.0799999999999,-40.69999999999999,-40.89999999999998,198.89999999999998,-84.69999999999999,-281.6,-82.17999999999995
2022-03-10 15:07:00,443.85,443.85,378.6,423.15,410.9,493.0799999999999,82.17999999999998,0,0,SL_hit,493.0799999999999,-12.25,32.299999999999955,198.89999999999998,-32.950000000000045,-281.6,-82.17999999999995
2022-03-10 15:08:00,424.2,469.65,422.3,434.4,410.9,493.0799999999999,82.17999999999998,0,0,SL_hit,493.0799999999999,-23.5,-11.400000000000034,198.89999999999998,-58.75,-281.6,-82.17999999999995
2022-03-10 15:09:00,431.0,446.7,368.1,382.15,410.9,493.0799999999999,82.17999999999998,0,0,SL_hit,493.0799999999999,28.75,42.799999999999955,198.89999999999998,-35.80000000000001,-281.6,-82.17999999999995
2022-03-10 15:10:00,369.2,417.6,343.05,416.90000000000003,410.9,493.0799999999999,82.17999999999998,0,0,SL_hit,493.0799999999999,-6.000000000000057,67.84999999999997,198.89999999999998,-6.7000000000000455,-281.6,-82.17999999999995
2022-03-10 15:11:00,413.35,415.0,374.09999999999997,387.40000000000003,410.9,493.0799999999999,82.17999999999998,0,0,SL_hit,493.0799999999999,23.499999999999943,36.80000000000001,198.89999999999998,-4.100000000000023,-281.6,-82.17999999999995
2022-03-10 15:12:00,384.3,384.25,328.85,329.6,410.9,493.0799999999999,82.17999999999998,0,0,SL_hit,493.0799999999999,81.29999999999995,82.04999999999995,198.89999999999998,26.649999999999977,-281.6,-82.17999999999995
2022-03-10 15:13:00,328.59999999999997,348.7,316.90000000000003,344.29999999999995,410.9,493.0799999999999,82.17999999999998,0,0,SL_hit,493.0799999999999,66.60000000000002,93.99999999999994,198.89999999999998,62.19999999999999,-281.6,-82.17999999999995
2022-03-10 15:14:00,337.1,368.05,328.7,362.75,410.9,493.0799999999999,82.17999999999998,0,0,SL_hit,493.0799999999999,48.14999999999998,82.19999999999999,198.89999999999998,42.849999999999966,-281.6,-82.17999999999995
2022-03-10 15:15:00,370.90000000000003,383.3,355.2,383.35,410.9,493.0799999999999,82.17999999999998,0,0,SL_hit,493.0799999999999,27.549999999999955,55.69999999999999,198.89999999999998,27.599999999999966,-281.6,-82.17999999999995
2022-03-10 15:16:00,387.0,430.29999999999995,387.0,412.84999999999997,410.9,493.0799999999999,82.17999999999998,0,0,,,-1.9499999999999886,23.899999999999977,198.89999999999998,-19.399999999999977,-281.6,
2022-03-10 15:17:00,411.95,414.8,370.85,378.40000000000003,410.9,493.0799999999999,82.17999999999998,0,0,,,32.49999999999994,40.049999999999955,198.89999999999998,-3.900000000000034,-281.6,
2022-03-10 15:18:00,375.85,401.7,373.6,395.35,410.9,493.0799999999999,82.17999999999998,0,0,,,15.549999999999955,37.299999999999955,198.89999999999998,9.199999999999989,-281.6,
2022-03-10 15:19:00,395.25,423.75,386.7,415.7,410.9,493.0799999999999,82.17999999999998,0,0,,,-4.800000000000011,24.19999999999999,198.89999999999998,-12.850000000000023,-281.6,
2022-03-10 15:20:00,415.85,431.15,410.4,422.95,410.9,493.0799999999999,82.17999999999998,0,0,,,-12.050000000000011,0.5,198.89999999999998,-20.25,-281.6,
2022-03-10 15:21:00,424.95,424.95,410.65000000000003,416.8,410.9,493.0799999999999,82.17999999999998,0,0,,,,,,,,
2022-03-10 15:22:00,417.09999999999997,417.75,410.90000000000003,414.65,410.9,493.0799999999999,82.17999999999998,0,0,,,,,,,,
2022-03-10 15:23:00,415.3,419.04999999999995,412.8,415.75,410.9,493.0799999999999,82.17999999999998,0,0,,,,,,,,
2022-03-10 15:24:00,415.55,420.04999999999995,410.75,420.09999999999997,410.9,493.0799999999999,82.17999999999998,0,0,,,,,,,,
2022-03-10 15:25:00,421.04999999999995,427.45000000000005,421.15,426.05,410.9,493.0799999999999,82.17999999999998,0,0,,,,,,,,
2022-03-10 15:26:00,424.65000000000003,427.05,422.95,424.95000000000005,410.9,493.0799999999999,82.17999999999998,0,0,,,,,,,,
2022-03-10 15:27:00,423.90000000000003,427.05,423.95,426.40000000000003,410.9,493.0799999999999,82.17999999999998,0,0,,,,,,,,
2022-03-10 15:28:00,427.1,427.05,424.84999999999997,425.90000000000003,410.9,493.0799999999999,82.17999999999998,0,0,,,,,,,,
2022-03-10 15:29:00,425.05,425.8,424.35,424.55,410.9,493.0799999999999,82.17999999999998,0,0,,,,,,,,
