,date,straddle_close,straddle_entryPrice,straddle_hit_status,straddle_minMTM,straddle_maxMTM,straddle_PnL
0,2020-01-01,6.15,14.0,squareoff,-0.25,6.9,6.55
1,2020-01-02,0.1,1.95,SL_hit,-2.05,1.7999999999999998,-0.3899999999999999
2,2020-01-03,52.1,54.05,squareoff,-5.600000000000001,4.25,0.19999999999999574
3,2020-01-06,73.4,57.65,SL_hit,-33.1,0,-11.529999999999994
4,2020-01-07,38.15,37.8,SL_hit,-34.0,3.8999999999999986,-7.559999999999995
5,2020-01-08,36.0,53.5,squareoff,-1.4500000000000028,24.349999999999998,19.799999999999997
6,2020-01-09,0.1,6.8999999999999995,TGThit,-1.2000000000000002,6.8,5.52
7,2020-01-10,68.15,71.85,squareoff,-7.700000000000017,4.0,2.4499999999999886
8,2020-01-13,47.75,58.65,squareoff,-2.0500000000000043,13.350000000000001,11.649999999999999
9,2020-01-14,36.05,37.0,squareoff,-4.800000000000004,6.899999999999999,0.0
10,2020-01-15,14.75,20.0,squareoff,0.0,8.8,2.599999999999998
11,2020-01-16,0.1,4.2,SL_hit,-20.450000000000003,4.1000000000000005,-0.8399999999999999
12,2020-01-17,57.2,62.9,squareoff,-11.899999999999999,6.199999999999996,3.799999999999997
13,2020-01-20,91.0,41.25,SL_hit,-59.7,0.6499999999999986,-8.25
14,2020-01-21,30.3,39.45,squareoff,-1.7999999999999972,9.700000000000003,8.700000000000003
15,2020-01-22,26.95,23.0,SL_hit,-22.35,4.050000000000001,-4.599999999999998
16,2020-01-23,0.1,3.65,SL_hit,-9.799999999999999,3.55,-0.73
17,2020-01-24,64.3,72.9,squareoff,-2.049999999999997,8.95000000000001,6.550000000000011
18,2020-01-27,65.1,62.05,squareoff,-2.799999999999997,13.75,1.7000000000000028
19,2020-01-28,38.55,48.95,squareoff,-9.350000000000001,10.600000000000009,9.300000000000004
20,2020-01-29,12.850000000000001,26.35,SL_hit,-7.449999999999996,12.650000000000002,-5.27
21,2020-01-30,0.1,7.0,SL_hit,-5.550000000000001,6.85,-1.4000000000000004
22,2020-01-31,222.10000000000002,211.15,SL_hit,-61.70000000000002,11.75,-42.22999999999999
23,2020-02-01,228.1,212.55,squareoff,-16.899999999999977,80.20000000000002,-3.3999999999999773
24,2020-02-03,62.5,93.75,SL_hit,-18.900000000000006,29.349999999999994,-18.75
25,2020-02-04,86.2,50.1,SL_hit,-45.1,9.200000000000003,-10.019999999999996
26,2020-02-05,35.15,31.35,SL_hit,-10.749999999999993,13.550000000000004,-6.269999999999996
27,2020-02-06,0.1,7.7,TGThit,-1.4500000000000002,7.55,6.16
28,2020-02-07,60.2,78.0,squareoff,0.4000000000000057,17.1,16.9
29,2020-02-10,53.6,58.8,SL_hit,-28.049999999999997,4.200000000000003,-11.759999999999991
30,2020-02-11,25.2,38.2,squareoff,-7.099999999999994,11.600000000000001,11.550000000000004
31,2020-02-12,9.75,17.2,squareoff,0.05000000000000071,8.25,7.35
32,2020-02-13,0.1,4.1,TGThit,0.0,3.9999999999999996,3.28
33,2020-02-14,70.55,64.1,SL_hit,-24.80000000000001,10.799999999999997,-12.819999999999993
34,2020-02-17,50.2,61.349999999999994,squareoff,-3.5500000000000114,13.949999999999996,8.999999999999993
35,2020-02-18,30.9,45.7,squareoff,-3.6499999999999986,17.800000000000004,12.400000000000006
36,2020-02-19,14.45,21.45,SL_hit,-6.050000000000001,8.6,-4.289999999999999
37,2020-02-20,0.1,2.25,TGThit,-0.3999999999999999,2.1,1.8
38,2020-02-24,101.5,69.05,SL_hit,-38.55,2.700000000000003,-13.810000000000002
39,2020-02-25,59.3,81.9,squareoff,-8.049999999999997,22.750000000000007,18.000000000000007
40,2020-02-26,26.55,46.95,squareoff,-2.299999999999997,22.1,20.85
41,2020-02-27,0.1,10.1,SL_hit,-16.6,9.95,-2.0199999999999996
42,2020-02-28,251.75,211.05,SL_hit,-71.14999999999998,24.55000000000001,-42.20999999999998
43,2020-03-02,206.75,191.55,SL_hit,-85.59999999999997,28.600000000000023,-38.31
44,2020-03-03,122.45,146.89999999999998,SL_hit,-69.30000000000004,26.599999999999966,-29.379999999999995
45,2020-03-04,53.45,104.94999999999999,SL_hit,-63.05000000000001,45.79999999999999,-20.989999999999995
46,2020-03-05,0.1,24.25,TGThit,-2.8999999999999986,24.1,19.400000000000002
47,2020-03-06,205.0,278.1,squareoff,-2.5,60.75,60.400000000000034
48,2020-03-09,226.89999999999998,174.15,SL_hit,-267.95000000000005,5.650000000000006,-34.829999999999984
49,2020-03-11,80.05000000000001,152.55,squareoff,-9.599999999999994,67.30000000000001,64.10000000000002
50,2020-03-12,309.25,72.25,SL_hit,-345.5,21.550000000000004,-14.450000000000003
51,2020-03-16,698.8,612.85,squareoff,-100.85000000000002,22.149999999999977,-67.89999999999998
52,2020-03-17,462.95,614.0,squareoff,-5.0,155.60000000000002,137.55
53,2020-03-18,514.0,329.55,SL_hit,-204.2,55.0,-65.90999999999997
54,2020-03-19,261.15,191.5,SL_hit,-380.20000000000005,12.599999999999994,-38.29999999999998
55,2020-03-20,745.0,759.3499999999999,squareoff,-108.40000000000009,94.29999999999995,18.149999999999864
56,2020-03-23,666.0,694.9000000000001,squareoff,-45.19999999999993,79.95000000000005,-27.899999999999864
57,2020-03-24,505.0,535.15,SL_hit,-158.30000000000007,51.85000000000002,-107.02999999999997
58,2020-03-25,392.45,520.0,squareoff,-7.850000000000023,186.85000000000002,115.39999999999998
59,2020-03-26,241.20000000000002,190.75,SL_hit,-196.40000000000003,96.9,-38.150000000000006
60,2020-03-27,630.0,638.75,squareoff,-93.84999999999991,10.899999999999977,1.25
61,2020-03-30,367.5,541.5,squareoff,-42.799999999999955,164.39999999999998,160.35000000000002
62,2020-03-31,209.3,265.0,squareoff,-10.149999999999977,56.400000000000006,36.650000000000006
63,2020-04-01,146.6,90.65,SL_hit,-136.35,15.950000000000003,-18.129999999999995
64,2020-04-03,317.75,407.4,squareoff,-1.400000000000034,95.44999999999999,93.29999999999995
65,2020-04-07,430.25,207.2,SL_hit,-243.14999999999998,26.849999999999994,-41.44
66,2020-04-08,150.9,190.3,SL_hit,-197.59999999999997,52.0,-38.06
67,2020-04-09,10.4,103.85,TGThit,-5.0,99.89999999999999,83.08
68,2020-04-13,270.2,334.95000000000005,squareoff,-17.699999999999932,46.10000000000002,41.950000000000045
69,2020-04-15,209.85,192.5,SL_hit,-114.30000000000001,48.44999999999999,-38.5
70,2020-04-16,93.05,70.9,SL_hit,-82.95000000000002,8.450000000000003,-14.179999999999993
71,2020-04-17,268.0,302.05,squareoff,-42.19999999999999,34.94999999999999,31.500000000000057
72,2020-04-20,210.65,244.95,squareoff,-2.1500000000000057,30.549999999999983,30.599999999999994
73,2020-04-21,176.65,186.5,squareoff,-11.650000000000006,17.25,11.399999999999977
74,2020-04-22,137.6,147.85,squareoff,-14.5,29.44999999999999,12.299999999999983
75,2020-04-23,13.600000000000001,38.95,TGThit,-3.450000000000003,32.0,31.160000000000004
76,2020-04-24,218.95,229.15,squareoff,-29.99999999999997,9.0,7.450000000000017
77,2020-04-27,156.65,183.3,squareoff,-4.5,25.19999999999999,22.450000000000017
78,2020-04-28,91.4,131.95,SL_hit,-30.450000000000017,43.599999999999994,-26.389999999999986
79,2020-04-29,77.25,75.05,SL_hit,-60.60000000000001,13.899999999999999,-15.009999999999991
80,2020-04-30,59.85,20.65,SL_hit,-68.9,17.549999999999997,-4.129999999999999
81,2020-05-04,255.14999999999998,259.25,squareoff,-18.55000000000001,8.199999999999989,-8.799999999999955
82,2020-05-05,211.85,204.65,squareoff,-33.650000000000006,24.450000000000017,-18.25
83,2020-05-06,104.30000000000001,137.45,SL_hit,-31.80000000000001,43.04999999999998,-27.48999999999998
84,2020-05-07,0.1,42.55,TGThit,-5.800000000000004,42.4,34.04
85,2020-05-08,225.15,239.25,squareoff,-3.4499999999999886,25.69999999999999,16.19999999999999
86,2020-05-11,202.5,166.85000000000002,SL_hit,-43.79999999999998,15.400000000000034,-33.370000000000005
87,2020-05-12,164.8,136.55,SL_hit,-49.75,4.850000000000023,-27.310000000000002
88,2020-05-13,159.1,164.05,squareoff,-16.299999999999983,32.80000000000001,8.900000000000034
89,2020-05-14,0.1,27.6,TGThit,-4.799999999999997,27.450000000000003,22.080000000000002
90,2020-05-15,251.15,258.95000000000005,squareoff,-4.399999999999977,12.250000000000057,5.350000000000023
91,2020-05-18,276.6,200.35,SL_hit,-99.25000000000003,0,-40.06999999999999
92,2020-05-19,141.15,185.1,squareoff,-19.849999999999994,40.5,36.0
93,2020-05-20,65.45,100.4,squareoff,-0.04999999999999716,48.80000000000001,40.60000000000001
94,2020-05-21,0.1,13.3,TGThit,-0.1999999999999993,13.15,10.64
95,2020-05-22,145.8,180.65,squareoff,-29.849999999999994,37.95000000000002,32.54999999999998
96,2020-05-26,87.0,95.19999999999999,SL_hit,-23.80000000000001,12.499999999999986,-19.039999999999992
97,2020-05-27,220.25,63.35,SL_hit,-194.95000000000002,3.75,-12.669999999999995
98,2020-05-28,0.1,18.2,TGThit,-0.25,17.95,14.56
99,2020-05-29,165.1,183.60000000000002,squareoff,-12.049999999999983,12.150000000000034,5.9500000000000455
100,2020-06-01,136.6,154.5,SL_hit,-60.19999999999999,17.19999999999999,-30.900000000000006
101,2020-06-02,155.5,128.25,SL_hit,-28.049999999999983,9.849999999999994,-25.650000000000006
102,2020-06-03,73.55,90.0,SL_hit,-30.099999999999994,35.7,-18.0
103,2020-06-04,0.1,22.3,SL_hit,-50.2,22.1,-4.460000000000001
104,2020-06-05,180.0,208.55,squareoff,-6.099999999999994,35.900000000000034,28.350000000000023
105,2020-06-08,156.55,146.05,SL_hit,-42.650000000000006,3.900000000000034,-29.210000000000008
106,2020-06-09,150.95,129.05,squareoff,-25.599999999999994,21.85000000000001,-12.699999999999989
107,2020-06-10,58.95,81.05000000000001,squareoff,-14.049999999999983,26.45000000000001,19.45000000000001
108,2020-06-11,97.35,34.45,SL_hit,-69.74999999999999,16.300000000000004,-6.890000000000001
109,2020-06-12,340.25,273.85,SL_hit,-98.09999999999997,11.150000000000034,-54.76999999999998
110,2020-06-15,171.65,194.2,SL_hit,-50.650000000000006,30.25,-38.839999999999975
111,2020-06-16,144.5,120.85,SL_hit,-148.79999999999998,1.6999999999999886,-24.169999999999987
112,2020-06-17,65.6,128.35,SL_hit,-35.29999999999998,58.75,-25.669999999999987
113,2020-06-18,91.35,34.9,SL_hit,-73.35,25.85,-6.979999999999997
114,2020-06-19,193.64999999999998,230.45,squareoff,-14.25,35.79999999999998,34.75
115,2020-06-22,128.85,172.95,squareoff,-5.850000000000023,44.69999999999999,42.30000000000001
116,2020-06-23,94.25,122.15,squareoff,-14.650000000000006,34.45000000000002,29.0
117,2020-06-24,130.3,74.35,SL_hit,-75.79999999999998,9.699999999999989,-14.86999999999999
118,2020-06-25,0.1,33.65,SL_hit,-44.199999999999996,33.3,-6.729999999999997
119,2020-06-26,173.4,209.3,squareoff,-18.55000000000001,31.5,26.25
120,2020-06-29,139.05,177.35,squareoff,-9.200000000000017,40.849999999999994,37.900000000000006
121,2020-06-30,140.45,127.15,SL_hit,-48.79999999999998,9.450000000000003,-25.430000000000007
122,2020-07-01,75.9,94.35,squareoff,-10.150000000000006,23.049999999999997,9.25
123,2020-07-02,0.1,20.2,TGThit,-0.75,20.05,16.16
124,2020-07-03,139.0,169.3,squareoff,-0.6999999999999886,29.100000000000023,27.75
125,2020-07-06,116.8,108.95,squareoff,-21.700000000000003,3.9000000000000057,-2.1499999999999915
126,2020-07-07,80.9,103.0,squareoff,-12.950000000000003,26.19999999999999,24.349999999999994
127,2020-07-08,61.099999999999994,65.0,squareoff,-7.450000000000003,23.5,1.9500000000000028
128,2020-07-09,0.1,27.900000000000002,TGThit,-1.6499999999999986,27.750000000000004,22.320000000000004
129,2020-07-10,128.0,157.60000000000002,squareoff,0.10000000000002274,29.30000000000001,24.950000000000017
130,2020-07-13,101.8,105.94999999999999,SL_hit,-33.80000000000001,9.899999999999977,-21.189999999999998
131,2020-07-14,97.0,88.8,SL_hit,-40.89999999999999,2.450000000000003,-17.75999999999999
132,2020-07-15,41.0,65.35,SL_hit,-19.900000000000006,32.199999999999996,-13.069999999999993
133,2020-07-16,39.699999999999996,20.4,TGThit,-23.9,18.549999999999997,16.32
134,2020-07-17,159.4,144.4,squareoff,-11.400000000000006,12.950000000000017,-3.1500000000000057
135,2020-07-20,107.9,125.1,squareoff,-2.75,30.89999999999999,16.39999999999999
136,2020-07-21,82.4,90.94999999999999,squareoff,-2.8500000000000085,11.849999999999994,6.599999999999994
137,2020-07-22,34.45,73.4,squareoff,0.10000000000000853,38.800000000000004,37.7
138,2020-07-23,0.1,18.25,TGThit,-1.3500000000000014,18.05,14.600000000000001
139,2020-07-24,141.7,153.45,squareoff,-6.400000000000034,22.69999999999999,9.149999999999977
140,2020-07-27,114.25,128.0,squareoff,-19.05000000000001,28.650000000000006,14.950000000000003
141,2020-07-28,84.64999999999999,90.4,squareoff,-6.0,20.200000000000017,2.3000000000000114
142,2020-07-29,51.0,58.3,SL_hit,-21.39999999999999,17.85,-11.659999999999997
143,2020-07-30,97.95,12.299999999999999,SL_hit,-114.75,7.049999999999999,-2.459999999999999
144,2020-07-31,128.55,175.05,squareoff,0.20000000000001705,41.44999999999999,39.75
145,2020-08-03,117.19999999999999,123.4,squareoff,-9.599999999999994,8.550000000000011,5.25
146,2020-08-04,78.95,94.6,squareoff,-13.400000000000006,20.94999999999999,16.349999999999994
147,2020-08-05,41.7,45.8,SL_hit,-53.80000000000001,5.549999999999997,-9.159999999999997
148,2020-08-06,0.1,30.4,SL_hit,-6.149999999999999,30.25,-6.079999999999998
149,2020-08-07,112.25,142.45,squareoff,-0.30000000000001137,27.849999999999994,26.89999999999999
150,2020-08-10,78.3,96.85,squareoff,0.15000000000000568,20.049999999999997,17.150000000000006
151,2020-08-11,57.55,64.85,SL_hit,-15.200000000000003,14.299999999999997,-12.969999999999999
152,2020-08-12,57.550000000000004,48.650000000000006,SL_hit,-23.89999999999999,1.250000000000007,-9.729999999999997
153,2020-08-13,0.1,15.0,TGThit,-0.7000000000000011,14.85,12.0
154,2020-08-14,182.8,108.1,SL_hit,-141.70000000000002,18.44999999999999,-21.620000000000005
155,2020-08-17,90.5,104.1,squareoff,-19.799999999999997,17.44999999999999,14.899999999999991
156,2020-08-18,76.0,65.3,SL_hit,-17.700000000000003,8.299999999999997,-13.060000000000002
157,2020-08-19,31.0,43.300000000000004,SL_hit,-17.199999999999996,11.500000000000004,-8.659999999999997
158,2020-08-20,0.1,9.15,TGThit,-1.1500000000000004,9.0,7.32
159,2020-08-21,86.5,107.7,squareoff,-0.75,19.049999999999997,16.0
160,2020-08-24,83.4,73.95,SL_hit,-27.5,8.549999999999997,-14.789999999999992
161,2020-08-25,42.4,53.15,SL_hit,-17.85,11.799999999999997,-10.629999999999995
162,2020-08-26,29.25,35.4,squareoff,-3.8999999999999986,10.399999999999999,8.949999999999996
163,2020-08-27,0.1,8.75,TGThit,-0.34999999999999964,8.65,7.0
164,2020-08-28,105.05,106.1,SL_hit,-21.950000000000017,8.449999999999989,-21.22
165,2020-08-31,371.45000000000005,76.55,SL_hit,-302.25,0,-15.310000000000002
166,2020-09-01,69.0,122.39999999999999,squareoff,-18.60000000000001,60.94999999999999,50.249999999999986
167,2020-09-02,31.900000000000002,67.75,squareoff,-2.6500000000000057,35.7,34.4
168,2020-09-03,0.15000000000000002,12.75,SL_hit,-12.350000000000001,12.6,-2.549999999999999
169,2020-09-04,145.25,173.45,squareoff,-9.0,28.399999999999977,24.30000000000001
170,2020-09-07,83.80000000000001,118.2,SL_hit,-36.59999999999998,28.10000000000001,-23.64
171,2020-09-08,92.2,89.85,squareoff,-4.6000000000000085,20.44999999999999,4.3999999999999915
172,2020-09-09,49.05,63.599999999999994,squareoff,-3.5500000000000114,24.749999999999993,11.749999999999993
173,2020-09-10,49.599999999999994,9.549999999999999,SL_hit,-39.2,6.149999999999999,-1.9100000000000001
174,2020-09-11,105.1,123.75,squareoff,-11.400000000000006,14.550000000000011,12.450000000000003
175,2020-09-14,129.8,81.8,SL_hit,-78.85000000000001,8.25,-16.36
176,2020-09-15,49.95,69.65,squareoff,-8.649999999999991,16.700000000000003,15.900000000000006
177,2020-09-16,47.6,41.0,SL_hit,-14.450000000000003,1.75,-8.199999999999996
178,2020-09-17,0.1,15.7,SL_hit,-10.850000000000001,15.549999999999999,-3.1400000000000006
179,2020-09-18,107.15,117.95,SL_hit,-35.60000000000001,18.39999999999999,-23.58999999999999
180,2020-09-21,215.35000000000002,92.1,SL_hit,-125.15,6.3999999999999915,-18.42
181,2020-09-22,86.10000000000001,95.55,SL_hit,-81.05,22.700000000000003,-19.11
182,2020-09-23,34.15,46.45,SL_hit,-57.650000000000006,19.000000000000004,-9.29
183,2020-09-24,94.64999999999999,18.450000000000003,SL_hit,-82.74999999999999,10.900000000000002,-3.6900000000000013
184,2020-09-25,155.0,160.8,squareoff,-18.650000000000006,4.550000000000011,-2.049999999999983
185,2020-09-28,111.75,100.35,SL_hit,-24.0,2.299999999999983,-20.069999999999993
186,2020-09-29,60.099999999999994,63.650000000000006,SL_hit,-28.64999999999999,17.60000000000001,-12.730000000000004
187,2020-09-30,27.9,49.3,squareoff,-4.049999999999997,20.099999999999998,18.749999999999996
188,2020-10-01,0.1,10.8,TGThit,-0.15000000000000036,10.65,8.64
189,2020-10-05,85.0,102.15,squareoff,-7.949999999999989,21.200000000000017,18.5
190,2020-10-06,63.0,65.05000000000001,squareoff,-5.299999999999983,14.650000000000006,5.200000000000017
191,2020-10-07,84.4,51.0,SL_hit,-47.599999999999994,0.7999999999999972,-10.199999999999996
192,2020-10-08,0.1,16.45,TGThit,-4.350000000000001,16.3,13.16
193,2020-10-09,141.0,158.8,squareoff,-6.349999999999994,31.25,21.400000000000006
194,2020-10-12,126.0,125.4,SL_hit,-33.599999999999994,8.450000000000003,-25.079999999999984
195,2020-10-13,82.85,113.85,squareoff,-7.599999999999994,29.299999999999997,25.69999999999999
196,2020-10-14,49.5,59.7,squareoff,-8.200000000000003,22.0,5.650000000000006
197,2020-10-15,120.05,17.0,SL_hit,-111.95000000000002,9.75,-3.3999999999999986
198,2020-10-16,124.95,155.15,squareoff,-28.849999999999994,20.55000000000001,18.450000000000017
199,2020-10-19,82.5,102.35,squareoff,-15.150000000000006,19.44999999999999,17.049999999999983
200,2020-10-20,83.15,85.9,squareoff,-3.549999999999997,8.800000000000011,5.650000000000006
201,2020-10-21,40.099999999999994,47.45,SL_hit,-100.05,9.100000000000001,-9.490000000000002
202,2020-10-22,0.1,29.8,SL_hit,-9.7,29.6,-5.959999999999997
203,2020-10-23,117.9,138.65,squareoff,-1.4000000000000057,21.25,18.650000000000006
204,2020-10-26,129.25,114.85000000000001,SL_hit,-64.10000000000001,10.799999999999997,-22.969999999999985
205,2020-10-27,87.44999999999999,105.0,squareoff,-10.75,21.25,17.849999999999994
206,2020-10-28,108.2,72.75,SL_hit,-82.20000000000002,12.949999999999996,-14.549999999999997
207,2020-10-29,0.1,38.05,SL_hit,-23.400000000000006,37.849999999999994,-7.609999999999999
208,2020-10-30,203.05,246.75,SL_hit,-52.60000000000002,35.60000000000002,-49.349999999999966
209,2020-11-02,187.05,205.60000000000002,squareoff,-19.75,29.55000000000001,16.150000000000034
210,2020-11-03,174.5,170.45,squareoff,-1.6999999999999886,15.949999999999989,9.0
211,2020-11-04,76.0,148.75,squareoff,-0.75,75.6,72.85
212,2020-11-05,0.1,32.35,TGThit,-4.399999999999999,32.2,25.880000000000003
213,2020-11-06,152.5,148.85000000000002,squareoff,-16.349999999999966,15.450000000000017,-0.39999999999997726
214,2020-11-09,110.55000000000001,111.5,squareoff,-2.6999999999999886,14.400000000000006,10.450000000000003
215,2020-11-10,132.35,101.1,SL_hit,-30.30000000000001,4.549999999999997,-20.22
216,2020-11-11,47.0,70.05000000000001,SL_hit,-24.499999999999986,27.80000000000001,-14.010000000000005
217,2020-11-12,0.1,31.35,TGThit,-1.0499999999999972,31.200000000000003,25.080000000000002
218,2020-11-13,160.85,149.35,squareoff,-29.599999999999994,7.799999999999983,-8.300000000000011
219,2020-11-17,49.75,80.55000000000001,SL_hit,-18.799999999999983,26.95000000000001,-16.11
220,2020-11-18,34.4,45.650000000000006,squareoff,-5.549999999999997,18.85000000000001,14.200000000000006
221,2020-11-19,28.7,12.299999999999999,TGThit,-52.05,10.85,9.84
222,2020-11-20,124.1,137.64999999999998,squareoff,-9.300000000000011,15.699999999999989,2.799999999999983
223,2020-11-23,98.85,103.95,SL_hit,-25.89999999999999,5.950000000000003,-20.789999999999992
224,2020-11-24,86.2,87.05,squareoff,-4.799999999999997,10.399999999999991,7.0
225,2020-11-25,158.7,62.25,SL_hit,-107.75,6.849999999999994,-12.450000000000003
226,2020-11-26,0.3,31.45,SL_hit,-19.000000000000004,30.9,-6.289999999999996
227,2020-11-27,127.8,159.8,squareoff,-1.9499999999999886,28.55000000000001,24.75
228,2020-12-01,115.15,128.05,squareoff,-6.649999999999977,13.000000000000014,10.25
229,2020-12-02,33.0,75.35,squareoff,-9.700000000000003,36.199999999999996,34.05
230,2020-12-03,0.1,22.6,SL_hit,-11.25,22.400000000000002,-4.52
231,2020-12-04,112.9,138.95,squareoff,-5.700000000000017,28.649999999999977,25.499999999999986
232,2020-12-07,89.3,100.14999999999999,squareoff,-2.8000000000000114,19.099999999999994,9.299999999999997
233,2020-12-08,58.9,83.55,squareoff,-6.299999999999997,24.5,22.049999999999997
234,2020-12-09,33.05,56.6,squareoff,-0.2499999999999929,22.200000000000003,20.199999999999996
235,2020-12-10,0.1,23.35,SL_hit,-21.15,23.200000000000003,-4.669999999999998
236,2020-12-11,126.0,140.8,squareoff,-16.5,17.000000000000014,11.350000000000023
237,2020-12-14,102.05,106.85,SL_hit,-32.900000000000006,8.199999999999989,-21.370000000000005
238,2020-12-15,79.75,99.0,squareoff,-0.44999999999998863,22.599999999999994,17.849999999999994
239,2020-12-16,30.049999999999997,58.099999999999994,squareoff,-4.650000000000006,28.949999999999992,28.449999999999996
240,2020-12-17,0.1,17.25,TGThit,-0.3500000000000014,17.1,13.8
241,2020-12-18,114.2,136.1,squareoff,-3.200000000000017,29.64999999999999,20.150000000000006
242,2020-12-21,356.25,108.15,SL_hit,-388.54999999999995,10.150000000000006,-21.629999999999995
243,2020-12-22,96.95,140.75,SL_hit,-79.6,45.5,-28.150000000000006
244,2020-12-23,59.8,75.94999999999999,squareoff,-3.0500000000000114,30.29999999999999,19.799999999999983
245,2020-12-24,0.1,14.0,SL_hit,-16.700000000000003,13.8,-2.8000000000000007
246,2020-12-28,93.7,118.05,squareoff,-0.6500000000000057,25.89999999999999,23.64999999999999
247,2020-12-29,77.3,82.7,SL_hit,-38.45,15.299999999999997,-16.539999999999992
248,2020-12-30,47.75,79.7,squareoff,-1.75,37.15,30.650000000000006
249,2020-12-31,0.1,21.700000000000003,TGThit,-0.44999999999999574,21.550000000000004,17.360000000000003
250,2021-01-01,126.55,161.3,squareoff,0.35000000000002274,36.80000000000001,32.30000000000001
251,2021-01-04,93.44999999999999,96.3,SL_hit,-64.7,11.75,-19.25999999999999
252,2021-01-05,96.2,90.5,squareoff,-13.849999999999994,13.650000000000006,-10.449999999999989
253,2021-01-06,51.75,62.2,SL_hit,-54.75,23.050000000000004,-12.439999999999998
254,2021-01-07,0.1,18.1,TGThit,-1.6499999999999986,17.85,14.480000000000002
255,2021-01-08,180.0,141.55,SL_hit,-46.94999999999999,2.6500000000000057,-28.310000000000002
256,2021-01-11,127.35,124.65,squareoff,-18.75,7.450000000000003,0.4000000000000057
257,2021-01-12,87.15,105.55,squareoff,-8.950000000000003,20.200000000000003,12.099999999999994
258,2021-01-13,29.6,59.75,SL_hit,-41.05,31.049999999999997,-11.950000000000003
259,2021-01-14,0.1,25.25,SL_hit,-34.1,25.15,-5.049999999999997
260,2021-01-15,207.95,177.85,SL_hit,-100.00000000000003,2.2499999999999716,-35.56999999999999
261,2021-01-18,186.0,190.15,squareoff,-27.299999999999983,45.099999999999994,29.05000000000001
262,2021-01-19,123.95,125.1,squareoff,-13.450000000000017,15.899999999999991,-1.5499999999999972
263,2021-01-20,30.95,67.25,squareoff,-8.949999999999989,37.35,35.65
264,2021-01-21,9.0,9.75,TGThit,-45.550000000000004,9.05,7.800000000000001
265,2021-01-22,232.5,189.1,SL_hit,-78.20000000000002,23.349999999999994,-37.81999999999999
266,2021-01-25,187.2,156.65,SL_hit,-72.4,25.75000000000003,-31.329999999999984
267,2021-01-27,147.35,107.75,SL_hit,-81.85,35.05000000000001,-21.549999999999983
268,2021-01-28,0.2,48.4,SL_hit,-14.75,48.1,-9.68
269,2021-01-29,399.9,328.45,SL_hit,-120.19999999999999,2.25,-65.69
270,2021-02-01,572.6,339.05,SL_hit,-204.64999999999992,44.30000000000001,-67.81
271,2021-02-02,124.4,156.85,squareoff,-24.850000000000023,36.14999999999999,33.150000000000006
272,2021-02-03,121.3,131.7,SL_hit,-65.15,17.34999999999998,-26.340000000000003
273,2021-02-04,0.1,43.3,SL_hit,-11.650000000000006,42.75,-8.659999999999997
274,2021-02-05,214.65,240.8,squareoff,-39.349999999999966,26.80000000000001,19.80000000000001
275,2021-02-08,156.25,192.5,squareoff,0.5,44.10000000000002,38.44999999999999
276,2021-02-09,122.7,132.25,squareoff,-22.5,25.450000000000003,4.099999999999994
277,2021-02-10,61.0,105.4,squareoff,-15.700000000000003,44.0,41.45
278,2021-02-11,0.1,39.3,TGThit,-0.9000000000000057,39.05,31.439999999999998
279,2021-02-12,154.85,183.9,squareoff,-21.149999999999977,30.849999999999994,23.450000000000017
280,2021-02-15,116.5,117.95,squareoff,-3.5,23.000000000000014,5.049999999999997
281,2021-02-16,86.3,97.85,SL_hit,-38.349999999999994,12.149999999999991,-19.569999999999993
282,2021-02-17,69.1,77.9,SL_hit,-29.19999999999999,23.050000000000004,-15.579999999999998
283,2021-02-18,0.15000000000000002,26.0,SL_hit,-20.9,25.65,-5.199999999999999
284,2021-02-19,177.1,194.65,SL_hit,-48.0,20.200000000000017,-38.92999999999998
285,2021-02-22,228.65,170.7,SL_hit,-54.599999999999994,10.299999999999983,-34.139999999999986
286,2021-02-23,106.65,136.45,SL_hit,-32.0,33.94999999999999,-27.289999999999992
287,2021-02-25,0.1,39.4,TGThit,-4.600000000000001,39.15,31.52
288,2021-02-26,353.90000000000003,276.25,SL_hit,-133.79999999999995,15.799999999999955,-55.25
289,2021-03-01,205.6,261.3,squareoff,-21.05000000000001,58.75,54.35000000000002
290,2021-03-02,118.45,166.2,squareoff,-14.050000000000011,51.79999999999998,41.499999999999986
291,2021-03-03,105.85,74.85,SL_hit,-43.45000000000002,7.25,-14.969999999999999
292,2021-03-04,0.1,58.550000000000004,SL_hit,-28.149999999999984,58.300000000000004,-11.71
293,2021-03-05,260.0,336.25,squareoff,-5.649999999999977,70.14999999999998,65.10000000000002
294,2021-03-08,169.0,220.05,squareoff,-1.6999999999999886,60.60000000000002,55.85000000000002
295,2021-03-09,67.05,120.1,SL_hit,-27.600000000000023,53.5,-24.019999999999982
296,2021-03-10,0.15000000000000002,25.75,SL_hit,-16.25,25.5,-5.149999999999999
297,2021-03-12,291.34999999999997,210.7,SL_hit,-157.90000000000003,6.699999999999989,-42.139999999999986
298,2021-03-15,188.05,222.4,squareoff,-41.599999999999994,47.70000000000002,45.0
299,2021-03-16,120.9,152.14999999999998,squareoff,-7.2000000000000455,28.199999999999974,12.499999999999972
300,2021-03-17,127.75,111.85,SL_hit,-28.900000000000006,29.69999999999999,-22.370000000000005
301,2021-03-19,365.75,325.75,SL_hit,-90.89999999999998,13.75,-65.14999999999998
302,2021-03-22,179.14999999999998,227.39999999999998,squareoff,-7.2000000000000455,48.89999999999998,43.049999999999955
303,2021-03-23,114.0,161.35000000000002,squareoff,-19.19999999999999,47.75000000000003,42.35000000000002
304,2021-03-24,101.15,115.0,SL_hit,-25.400000000000006,40.30000000000001,-23.0
305,2021-03-25,75.35,52.15,SL_hit,-94.19999999999999,48.449999999999996,-10.43
306,2021-03-26,211.0,280.20000000000005,squareoff,-1.75,63.10000000000005,58.25000000000006
307,2021-03-30,219.1,152.45,SL_hit,-107.64999999999998,0,-30.48999999999998
308,2021-03-31,72.3,124.4,squareoff,-0.6499999999999915,51.20000000000002,48.80000000000001
309,2021-04-01,0.1,35.849999999999994,SL_hit,-24.500000000000007,35.49999999999999,-7.169999999999995
310,2021-04-05,163.2,211.6,SL_hit,-73.25000000000003,46.900000000000006,-42.31999999999999
311,2021-04-06,140.25,175.3,squareoff,-19.299999999999983,43.5,38.95000000000002
312,2021-04-07,91.14999999999999,122.45,squareoff,-22.549999999999997,31.299999999999997,28.5
313,2021-04-08,0.1,29.200000000000003,TGThit,-1.2999999999999972,29.000000000000004,23.360000000000003
314,2021-04-09,180.4,233.0,squareoff,-0.950000000000017,56.80000000000001,55.44999999999999
315,2021-04-12,201.7,201.0,SL_hit,-46.55000000000001,30.600000000000023,-40.19999999999999
316,2021-04-13,172.55,165.0,squareoff,-14.099999999999994,63.900000000000006,0.15000000000000568
317,2021-04-15,0.1,44.1,SL_hit,-115.70000000000002,43.9,-8.82
318,2021-04-16,187.95,216.0,squareoff,-5.800000000000011,29.30000000000001,26.099999999999994
319,2021-04-19,216.04999999999998,234.5,squareoff,-4.800000000000011,38.94999999999999,21.900000000000006
320,2021-04-20,164.0,106.35,SL_hit,-115.9,4.0,-21.269999999999996
321,2021-04-22,106.14999999999999,47.7,SL_hit,-82.85000000000001,5.25,-9.54
322,2021-04-23,241.1,260.35,squareoff,-4.199999999999989,27.150000000000006,20.900000000000034
323,2021-04-26,171.45,195.35,squareoff,-14.400000000000006,23.94999999999999,19.400000000000006
324,2021-04-27,156.5,145.14999999999998,squareoff,-15.600000000000023,7.549999999999983,-12.200000000000017
325,2021-04-28,107.5,86.30000000000001,SL_hit,-51.69999999999999,4.1000000000000085,-17.260000000000005
326,2021-04-29,5.05,35.45,SL_hit,-77.4,32.650000000000006,-7.089999999999996
327,2021-04-30,276.4,275.4,squareoff,-0.6500000000000341,44.49999999999997,8.899999999999977
328,2021-05-03,216.6,213.5,squareoff,-17.80000000000001,28.94999999999999,5.900000000000006
329,2021-05-04,169.85,141.75,SL_hit,-62.75,13.150000000000006,-28.349999999999994
330,2021-05-05,68.05,112.80000000000001,squareoff,-7.399999999999977,47.10000000000001,45.900000000000006
331,2021-05-06,24.75,39.85,SL_hit,-14.100000000000001,35.550000000000004,-7.969999999999999
332,2021-05-07,163.5,188.6,squareoff,-8.650000000000006,22.75,20.099999999999994
333,2021-05-10,103.3,125.19999999999999,squareoff,-1.1000000000000085,22.649999999999977,21.999999999999986
334,2021-05-11,60.3,75.9,SL_hit,-15.699999999999989,20.5,-15.179999999999993
335,2021-05-12,3.3000000000000003,27.7,SL_hit,-28.999999999999996,26.5,-5.539999999999996
336,2021-05-14,160.5,183.95,squareoff,-17.150000000000006,20.75,19.099999999999994
337,2021-05-17,144.0,125.0,squareoff,-24.900000000000006,8.150000000000006,-18.349999999999994
338,2021-05-18,85.2,90.1,squareoff,-4.950000000000003,11.75,7.449999999999989
339,2021-05-19,54.3,68.45,squareoff,-6.849999999999994,21.299999999999997,15.75
340,2021-05-20,94.2,24.099999999999998,SL_hit,-87.4,3.3999999999999986,-4.819999999999997
341,2021-05-21,221.39999999999998,163.25,SL_hit,-57.35000000000002,1.75,-32.650000000000006
342,2021-05-24,99.1,137.8,squareoff,0.75,33.45000000000002,33.05000000000001
343,2021-05-25,68.6,79.85,SL_hit,-28.55000000000001,7.049999999999997,-15.969999999999999
344,2021-05-26,59.75,53.55,SL_hit,-27.650000000000006,2.3499999999999943,-10.709999999999994
345,2021-05-27,0.15000000000000002,23.3,TGThit,-1.9999999999999964,23.0,18.64
346,2021-05-28,130.3,153.8,squareoff,-3.25,21.650000000000006,19.900000000000006
347,2021-05-31,138.25,115.19999999999999,SL_hit,-37.5,6.799999999999997,-23.039999999999992
348,2021-06-01,62.5,84.1,SL_hit,-18.80000000000001,19.349999999999994,-16.819999999999993
349,2021-06-02,46.0,61.6,squareoff,0.7000000000000028,27.800000000000004,16.15
350,2021-06-03,0.1,21.2,SL_hit,-7.900000000000002,21.0,-4.239999999999998
351,2021-06-04,114.0,141.75,squareoff,-6.199999999999989,27.700000000000003,27.200000000000003
352,2021-06-07,93.1,98.5,squareoff,-4.1499999999999915,15.450000000000003,3.799999999999997
353,2021-06-08,56.75,74.5,SL_hit,-25.599999999999994,18.25,-14.899999999999991
354,2021-06-09,37.35,46.3,SL_hit,-30.400000000000006,14.699999999999996,-9.259999999999998
355,2021-06-10,0.15000000000000002,21.0,SL_hit,-10.149999999999999,20.8,-4.199999999999999
356,2021-06-11,95.0,118.6,squareoff,-4.950000000000003,20.5,20.25
357,2021-06-14,77.15,95.65,SL_hit,-66.44999999999999,22.05000000000001,-19.129999999999995
358,2021-06-15,55.2,67.15,squareoff,-0.5999999999999943,14.100000000000009,12.900000000000006
359,2021-06-16,44.449999999999996,52.7,squareoff,-7.849999999999994,17.150000000000006,15.200000000000003
360,2021-06-17,0.1,24.3,TGThit,-0.4499999999999993,24.05,19.44
361,2021-06-18,111.85,132.35,SL_hit,-133.20000000000002,14.25,-26.47
362,2021-06-21,203.3,146.2,SL_hit,-60.400000000000006,9.949999999999989,-29.23999999999998
363,2021-06-22,63.0,75.1,squareoff,-8.600000000000009,18.949999999999996,13.699999999999989
364,2021-06-23,59.3,48.7,SL_hit,-28.14999999999999,6.100000000000001,-9.739999999999995
365,2021-06-24,0.1,26.1,SL_hit,-10.950000000000003,25.85,-5.219999999999999
366,2021-06-25,109.05,144.2,squareoff,-4.0,39.79999999999998,33.44999999999999
367,2021-06-28,90.4,88.0,SL_hit,-18.849999999999994,4.700000000000003,-17.599999999999994
368,2021-06-29,49.15,78.95,squareoff,0.29999999999999716,25.5,23.25
369,2021-06-30,33.7,38.35,squareoff,-1.1499999999999986,12.850000000000001,2.1499999999999986
370,2021-07-01,0.1,14.6,TGThit,0.29999999999999893,14.45,11.68
371,2021-07-02,75.05,101.85,squareoff,-3.4000000000000057,32.099999999999994,28.89999999999999
372,2021-07-05,50.849999999999994,59.3,squareoff,-1.1500000000000057,12.5,8.049999999999997
373,2021-07-06,48.05,47.699999999999996,SL_hit,-9.850000000000001,11.699999999999996,-9.54
374,2021-07-07,37.8,32.05,squareoff,-4.25,8.449999999999996,-0.05000000000000426
375,2021-07-08,72.25,16.25,SL_hit,-100.05,5.800000000000001,-3.25
376,2021-07-09,92.85,130.45,squareoff,-3.0500000000000114,38.44999999999999,36.0
377,2021-07-12,82.15,74.15,SL_hit,-51.0,15.750000000000007,-14.829999999999998
378,2021-07-13,34.85,48.05,squareoff,-6.850000000000001,12.0,10.799999999999997
379,2021-07-14,22.05,30.299999999999997,SL_hit,-12.700000000000003,7.649999999999999,-6.059999999999995
380,2021-07-15,0.1,13.15,TGThit,-0.7499999999999982,13.0,10.520000000000001
381,2021-07-16,76.0,93.55,squareoff,-2.6500000000000057,20.200000000000003,19.450000000000003
382,2021-07-19,59.0,66.45,SL_hit,-23.849999999999994,8.550000000000004,-13.289999999999992
383,2021-07-20,46.65,55.25,SL_hit,-31.099999999999994,15.650000000000006,-11.049999999999997
384,2021-07-22,0.1,13.399999999999999,TGThit,-2.5500000000000025,13.249999999999998,10.719999999999999
385,2021-07-23,80.65,85.05,SL_hit,-39.25,14.299999999999997,-17.00999999999999
386,2021-07-26,61.6,80.2,squareoff,-11.099999999999994,17.299999999999997,16.300000000000004
387,2021-07-27,100.6,52.7,SL_hit,-85.39999999999999,7.150000000000006,-10.54
388,2021-07-28,29.4,51.7,SL_hit,-101.05,25.650000000000006,-10.339999999999996
389,2021-07-29,0.1,13.5,SL_hit,-12.75,13.35,-2.6999999999999993
390,2021-07-30,79.65,99.1,squareoff,-2.5500000000000114,20.0,12.599999999999994
391,2021-08-02,58.2,68.1,squareoff,-0.30000000000001137,13.599999999999994,10.5
392,2021-08-03,171.64999999999998,58.6,SL_hit,-123.85,2.75,-11.719999999999992
393,2021-08-04,28.25,56.25,squareoff,-9.849999999999994,24.6,22.700000000000003
394,2021-08-05,0.1,21.15,SL_hit,-13.0,21.0,-4.23
395,2021-08-06,90.25,123.19999999999999,squareoff,-0.20000000000001705,31.19999999999999,23.649999999999977
396,2021-08-09,65.7,80.65,SL_hit,-20.0,17.400000000000006,-16.129999999999995
397,2021-08-10,44.0,58.4,SL_hit,-16.65,15.799999999999997,-11.68
398,2021-08-11,21.05,39.75,SL_hit,-42.5,19.1,-7.949999999999996
399,2021-08-12,0.1,11.65,TGThit,-2.200000000000001,11.4,9.32
400,2021-08-13,118.25,88.05000000000001,SL_hit,-39.249999999999986,1.1500000000000057,-17.61
401,2021-08-16,64.8,84.7,squareoff,0.04999999999999716,19.650000000000006,18.150000000000006
402,2021-08-17,53.9,52.4,SL_hit,-12.850000000000001,20.849999999999998,-10.479999999999997
403,2021-08-18,30.75,14.899999999999999,SL_hit,-43.35,7.399999999999999,-2.9800000000000004
404,2021-08-20,119.64999999999999,135.05,squareoff,-5.849999999999994,26.250000000000014,20.750000000000014
405,2021-08-23,95.05,90.2,SL_hit,-81.40000000000002,12.150000000000006,-18.039999999999992
406,2021-08-24,72.65,72.25,SL_hit,-21.85000000000001,15.850000000000001,-14.450000000000003
407,2021-08-25,30.0,35.6,SL_hit,-14.050000000000004,10.75,-7.119999999999997
408,2021-08-26,0.1,15.0,SL_hit,-7.25,14.8,-3.0
409,2021-08-27,103.1,111.75,SL_hit,-25.700000000000017,13.5,-22.349999999999994
410,2021-08-30,116.4,84.35,SL_hit,-39.05000000000001,1.75,-16.86999999999999
411,2021-08-31,98.0,78.5,SL_hit,-33.85000000000001,16.199999999999996,-15.700000000000003
412,2021-09-01,62.3,70.35,squareoff,-9.75,25.749999999999993,12.099999999999994
413,2021-09-02,34.099999999999994,19.1,SL_hit,-27.15,10.050000000000002,-3.8200000000000003
414,2021-09-03,121.9,143.05,squareoff,-1.8999999999999773,22.250000000000014,20.200000000000017
415,2021-09-06,95.6,111.7,squareoff,-7.75,14.400000000000006,13.299999999999997
416,2021-09-07,60.2,94.1,squareoff,-16.900000000000006,33.199999999999996,30.599999999999994
417,2021-09-08,24.4,57.55,SL_hit,-29.349999999999994,28.15,-11.509999999999991
418,2021-09-09,0.1,17.6,SL_hit,-3.9499999999999993,17.35,-3.5199999999999996
419,2021-09-13,83.2,109.45,squareoff,0.29999999999999716,25.35000000000001,24.049999999999997
420,2021-09-14,42.1,62.25,squareoff,-3.9000000000000057,16.9,15.25
421,2021-09-15,60.6,38.6,SL_hit,-31.000000000000007,3.6000000000000014,-7.719999999999999
422,2021-09-16,0.1,14.7,SL_hit,-13.200000000000003,14.6,-2.9399999999999977
423,2021-09-17,129.05,131.35000000000002,SL_hit,-32.64999999999998,3.8000000000000256,-26.27000000000001
424,2021-09-20,177.0,115.9,SL_hit,-53.849999999999994,6.6000000000000085,-23.180000000000007
425,2021-09-21,129.35,136.3,squareoff,-17.19999999999999,24.75,7.099999999999994
426,2021-09-22,52.650000000000006,70.15,squareoff,-12.349999999999994,26.450000000000003,16.800000000000004
427,2021-09-23,23.05,20.95,SL_hit,-15.05,13.299999999999999,-4.189999999999998
428,2021-09-24,156.05,187.4,squareoff,0.4000000000000057,32.50000000000003,30.799999999999983
429,2021-09-27,117.95,140.6,squareoff,-11.200000000000017,24.299999999999997,21.799999999999997
430,2021-09-28,100.65,120.5,SL_hit,-57.0,28.75,-24.099999999999994
431,2021-09-29,78.35,105.64999999999999,SL_hit,-22.85000000000001,33.999999999999986,-21.129999999999995
432,2021-09-30,0.35,38.1,SL_hit,-10.149999999999999,37.65,-7.619999999999997
433,2021-10-01,166.0,235.7,squareoff,-3.200000000000017,63.349999999999994,61.64999999999998
434,2021-10-04,132.0,138.45,SL_hit,-28.55000000000001,10.449999999999989,-27.689999999999998
435,2021-10-05,109.05,110.15,squareoff,-4.0,23.30000000000001,0.5500000000000114
436,2021-10-06,191.5,64.85,SL_hit,-122.19999999999999,18.499999999999993,-12.969999999999999
437,2021-10-07,0.1,22.9,TGThit,-2.5500000000000007,22.75,18.32
438,2021-10-08,133.0,167.65,squareoff,-0.8499999999999943,35.80000000000001,32.95000000000002
439,2021-10-11,114.65,121.25,SL_hit,-33.30000000000001,7.450000000000003,-24.25
440,2021-10-12,79.05,107.65,squareoff,-16.75,31.30000000000001,30.450000000000003
441,2021-10-13,52.45,63.900000000000006,SL_hit,-21.19999999999999,15.400000000000006,-12.780000000000001
442,2021-10-14,0.1,20.900000000000002,TGThit,-2.149999999999995,20.750000000000004,16.720000000000002
443,2021-10-18,124.5,141.2,squareoff,-5.200000000000017,22.799999999999983,18.849999999999994
444,2021-10-19,139.2,103.6,SL_hit,-64.9,19.94999999999999,-20.72
445,2021-10-20,70.45,103.25,squareoff,-15.700000000000003,35.400000000000006,22.19999999999999
446,2021-10-21,21.1,38.25,SL_hit,-102.25,22.85,-7.649999999999999
447,2021-10-22,215.29999999999998,199.15,SL_hit,-71.54999999999998,21.30000000000001,-39.829999999999984
448,2021-10-25,161.9,196.55,squareoff,-21.69999999999999,41.60000000000002,38.5
449,2021-10-26,132.35,144.25,squareoff,-16.75,37.45,25.39999999999999
450,2021-10-27,73.1,90.7,squareoff,-6.25,33.800000000000004,22.75
451,2021-10-28,142.85000000000002,50.099999999999994,SL_hit,-88.95000000000002,26.949999999999996,-10.019999999999996
452,2021-10-29,202.4,307.5,squareoff,-24.350000000000023,110.70000000000002,109.39999999999998
453,2021-11-01,165.85000000000002,153.8,squareoff,-26.75,25.950000000000017,-7.849999999999966
454,2021-11-02,74.8,92.0,SL_hit,-29.549999999999997,25.5,-18.39999999999999
455,2021-11-03,70.39999999999999,35.150000000000006,SL_hit,-107.64999999999998,16.650000000000006,-7.030000000000001
456,2021-11-08,192.05,155.5,SL_hit,-55.05000000000001,20.80000000000001,-31.099999999999994
457,2021-11-09,83.8,113.2,squareoff,-7.799999999999997,30.549999999999997,25.200000000000003
458,2021-11-10,76.35,90.85,SL_hit,-34.45,18.89999999999999,-18.17
459,2021-11-11,26.6,39.35,SL_hit,-62.4,15.400000000000002,-7.869999999999997
460,2021-11-12,164.35,164.0,squareoff,-11.300000000000011,22.5,6.699999999999989
461,2021-11-15,119.85,118.95,SL_hit,-26.64999999999999,8.700000000000003,-23.790000000000006
462,2021-11-16,110.55,112.9,squareoff,-8.399999999999991,26.5,13.550000000000011
463,2021-11-17,41.4,79.9,SL_hit,-22.549999999999997,37.400000000000006,-15.980000000000004
464,2021-11-18,34.949999999999996,32.3,SL_hit,-86.55,30.249999999999996,-6.460000000000001
465,2021-11-22,166.0,188.05,SL_hit,-95.39999999999998,35.85000000000002,-37.609999999999985
466,2021-11-23,162.45000000000002,149.2,SL_hit,-55.10000000000002,11.649999999999977,-29.840000000000003
467,2021-11-24,81.0,88.6,squareoff,-1.7000000000000028,44.3,24.949999999999996
468,2021-11-25,36.15,45.0,SL_hit,-25.64999999999999,29.6,-9.0
469,2021-11-26,301.35,210.1,SL_hit,-110.50000000000003,18.650000000000006,-42.01999999999998
470,2021-11-29,289.1,299.05,SL_hit,-78.89999999999998,12.149999999999977,-59.81
471,2021-11-30,175.79999999999998,151.4,SL_hit,-72.6,19.200000000000017,-30.28
472,2021-12-01,59.3,110.4,squareoff,-15.649999999999991,54.7,51.800000000000004
473,2021-12-02,101.35,55.849999999999994,SL_hit,-46.650000000000006,35.599999999999994,-11.170000000000002
474,2021-12-03,260.85,209.95,SL_hit,-77.80000000000001,25.349999999999994,-41.98999999999998
475,2021-12-06,252.65,201.35,SL_hit,-58.900000000000006,21.74999999999997,-40.26999999999998
476,2021-12-07,121.55,141.95,squareoff,-21.200000000000017,24.44999999999999,16.249999999999986
477,2021-12-08,62.45,82.6,squareoff,-6.0,30.25,21.849999999999994
478,2021-12-09,0.1,33.55,SL_hit,-28.6,33.4,-6.710000000000001
479,2021-12-10,161.15,194.05,squareoff,-7.349999999999994,39.85000000000002,23.350000000000023
480,2021-12-13,175.15,142.65,SL_hit,-74.9,17.30000000000001,-28.53
481,2021-12-14,114.95,132.8,squareoff,-7.699999999999989,25.60000000000001,22.400000000000006
482,2021-12-15,82.75,100.85,squareoff,-13.050000000000011,35.3,19.0
483,2021-12-16,0.15000000000000002,40.7,TGThit,-2.049999999999997,40.5,32.56
484,2021-12-17,229.55,195.8,SL_hit,-50.0,9.300000000000011,-39.16
485,2021-12-20,171.15,218.5,SL_hit,-71.0,47.650000000000006,-43.69999999999999
486,2021-12-21,122.0,153.95,squareoff,-13.0,35.999999999999986,27.75
487,2021-12-22,60.5,97.15,squareoff,-4.449999999999989,41.650000000000006,39.650000000000006
488,2021-12-23,0.1,34.349999999999994,SL_hit,-15.750000000000007,34.199999999999996,-6.869999999999997
489,2021-12-24,176.0,197.39999999999998,squareoff,-25.00000000000003,35.89999999999998,19.649999999999977
490,2021-12-27,282.25,180.9,SL_hit,-111.35,2.200000000000017,-36.18000000000001
491,2021-12-28,87.0,114.15,squareoff,-3.549999999999997,27.80000000000001,24.950000000000003
492,2021-12-29,38.3,84.4,squareoff,-0.25,42.900000000000006,39.400000000000006
493,2021-12-30,0.1,25.950000000000003,TGThit,-0.3999999999999986,25.750000000000004,20.760000000000005
494,2021-12-31,162.5,180.7,squareoff,-9.449999999999989,17.099999999999966,12.649999999999977
495,2022-01-03,159.5,129.05,SL_hit,-34.69999999999999,15.200000000000017,-25.810000000000002
496,2022-01-04,102.65,113.05000000000001,squareoff,-18.69999999999999,33.60000000000001,17.75
497,2022-01-05,62.5,69.6,SL_hit,-24.000000000000014,13.649999999999991,-13.920000000000002
498,2022-01-06,0.1,33.75,SL_hit,-37.80000000000001,33.55,-6.75
499,2022-01-07,186.6,216.75,squareoff,-0.75,36.64999999999998,23.05000000000001
500,2022-01-10,162.3,156.1,squareoff,-7.950000000000017,13.949999999999989,-4.0
501,2022-01-11,106.8,133.05,squareoff,-1.3499999999999943,25.900000000000006,24.0
502,2022-01-12,71.85,77.15,squareoff,-14.049999999999997,11.850000000000009,-0.9999999999999858
503,2022-01-13,0.1,28.4,TGThit,0.14999999999999858,28.2,22.72
504,2022-01-14,198.04999999999998,190.05,squareoff,-33.349999999999994,7.650000000000006,-25.299999999999983
505,2022-01-17,111.7,142.85000000000002,squareoff,-3.549999999999983,25.200000000000017,21.75000000000003
506,2022-01-18,164.35,101.15,SL_hit,-73.1,11.650000000000006,-20.22999999999999
507,2022-01-19,85.75,89.5,SL_hit,-59.599999999999994,20.5,-17.89999999999999
508,2022-01-20,42.85,25.9,SL_hit,-112.69999999999999,11.249999999999998,-5.18
509,2022-01-21,195.2,253.25,squareoff,-3.8000000000000114,50.5,49.0
510,2022-01-24,356.55,201.4,SL_hit,-275.45000000000005,19.0,-40.28
511,2022-01-25,313.09999999999997,262.1,SL_hit,-80.14999999999998,48.20000000000002,-52.420000000000016
512,2022-01-27,10.05,103.6,TGThit,-2.950000000000003,101.19999999999999,82.88
513,2022-01-28,403.5,421.0,squareoff,-26.149999999999977,46.35000000000002,-9.949999999999989
514,2022-01-31,378.9,374.0,squareoff,-29.19999999999999,5.0499999999999545,-8.5
515,2022-02-01,188.95,349.65,squareoff,-41.650000000000034,163.0,157.59999999999997
516,2022-02-02,74.75,120.5,squareoff,-0.3499999999999943,58.400000000000006,51.3
517,2022-02-03,40.0,33.2,SL_hit,-7.299999999999997,29.000000000000004,-6.640000000000001
518,2022-02-04,196.5,259.95,squareoff,-0.19999999999998863,53.099999999999966,47.64999999999998
519,2022-02-07,264.0,185.75,SL_hit,-169.39999999999998,15.75,-37.150000000000006
520,2022-02-08,117.15,152.2,SL_hit,-77.80000000000001,48.54999999999998,-30.439999999999998
521,2022-02-09,62.75,80.75,squareoff,-3.5500000000000114,28.0,23.150000000000006
522,2022-02-10,5.55,35.45,SL_hit,-14.199999999999996,29.800000000000004,-7.089999999999996
523,2022-02-11,208.7,213.8,squareoff,-22.799999999999983,15.600000000000023,8.850000000000023
524,2022-02-14,266.0,358.20000000000005,squareoff,2.550000000000068,112.55000000000007,101.70000000000005
525,2022-02-15,326.8,212.0,SL_hit,-129.05,35.10000000000002,-42.39999999999998
526,2022-02-16,96.85,117.2,SL_hit,-33.05,46.250000000000014,-23.439999999999984
527,2022-02-17,0.1,43.0,SL_hit,-71.35,42.1,-8.600000000000001
528,2022-02-18,275.6,347.95,squareoff,-1.5500000000000114,61.5,54.349999999999966
529,2022-02-21,200.7,270.1,squareoff,-2.5,65.15000000000003,53.05000000000001
530,2022-02-22,223.75,250.65,squareoff,-28.400000000000006,48.55000000000001,2.1500000000000057
531,2022-02-23,112.8,134.25,squareoff,-0.75,54.900000000000006,19.150000000000006
532,2022-02-24,353.0,124.44999999999999,SL_hit,-245.2,59.999999999999986,-24.889999999999986
533,2022-02-25,389.0,409.9,squareoff,-23.350000000000023,34.0,8.199999999999989
534,2022-02-28,456.8,366.54999999999995,SL_hit,-99.90000000000009,12.199999999999932,-73.31
535,2022-03-02,213.5,299.95000000000005,squareoff,-25.449999999999932,110.95000000000005,98.75000000000006
536,2022-03-03,101.35,70.2,SL_hit,-75.24999999999999,31.800000000000004,-14.039999999999992
537,2022-03-04,380.95,456.15,squareoff,-0.75,67.25,56.39999999999998
538,2022-03-07,342.0,360.25,squareoff,-70.04999999999995,12.350000000000023,-3.9500000000000455
539,2022-03-08,309.6,326.5,squareoff,-14.100000000000023,32.94999999999999,-3.8000000000000114
540,2022-03-09,252.35,216.85,SL_hit,-59.80000000000004,37.400000000000006,-43.369999999999976
541,2022-03-10,5.45,74.35,SL_hit,-85.05000000000001,72.19999999999999,-14.86999999999999
542,2022-03-11,367.65,375.9,squareoff,-25.350000000000023,13.399999999999977,4.199999999999932
543,2022-03-14,359.0,330.75,squareoff,-39.25,13.350000000000023,-26.25
544,2022-03-15,305.1,287.95,SL_hit,-85.09999999999997,24.80000000000001,-57.589999999999975
545,2022-03-16,178.2,163.35000000000002,squareoff,-20.69999999999999,10.500000000000028,-17.69999999999999
546,2022-03-17,0.1,60.65,TGThit,-6.850000000000001,59.5,48.52
547,2022-03-21,289.1,289.45000000000005,squareoff,-21.099999999999966,25.0,-5.249999999999943
548,2022-03-22,265.55,256.1,squareoff,-22.799999999999955,35.400000000000034,-6.899999999999977
549,2022-03-23,143.05,128.55,SL_hit,-54.099999999999994,11.700000000000017,-25.710000000000008
550,2022-03-24,0.1,58.85,TGThit,-4.449999999999996,58.7,47.080000000000005
551,2022-03-25,250.6,299.5,squareoff,-9.149999999999977,40.799999999999955,29.149999999999977
552,2022-03-28,180.60000000000002,228.2,squareoff,-31.600000000000023,45.80000000000001,41.599999999999994
553,2022-03-29,108.25,139.7,squareoff,-1.4000000000000057,33.05,30.14999999999999
554,2022-03-30,77.45,81.5,SL_hit,-33.8,6.099999999999994,-16.299999999999997
555,2022-03-31,0.1,32.25,TGThit,-0.45000000000000284,32.05,25.8
556,2022-04-01,237.0,245.6,squareoff,-3.450000000000017,33.69999999999999,10.799999999999983
557,2022-04-04,174.0,153.0,SL_hit,-80.85000000000002,10.650000000000006,-30.599999999999994
558,2022-04-05,97.0,141.10000000000002,squareoff,-1.0499999999999545,40.35000000000002,37.95000000000002
559,2022-04-06,68.0,89.3,squareoff,-14.350000000000009,33.449999999999996,21.44999999999999
560,2022-04-07,0.1,27.35,TGThit,0.15000000000000213,27.1,21.880000000000003
561,2022-04-08,195.05,212.85,squareoff,-15.200000000000017,33.29999999999998,26.05000000000001
562,2022-04-11,95.0,146.55,squareoff,-0.09999999999999432,45.20000000000002,42.75
563,2022-04-12,55.449999999999996,82.35,SL_hit,-29.85000000000001,32.8,-16.47
564,2022-04-13,24.45,20.5,SL_hit,-43.900000000000006,12.95,-4.099999999999998
565,2022-04-18,150.25,204.15,squareoff,0.15000000000000568,48.099999999999994,46.099999999999994
566,2022-04-19,268.54999999999995,133.15,SL_hit,-107.95000000000002,39.30000000000001,-26.629999999999995
567,2022-04-20,60.05,96.5,squareoff,-0.9500000000000028,33.85,31.099999999999994
568,2022-04-21,92.39999999999999,25.65,SL_hit,-85.85,4.799999999999997,-5.129999999999999
569,2022-04-22,200.7,222.5,squareoff,-1.3000000000000114,26.399999999999977,19.80000000000001
570,2022-04-25,184.0,201.10000000000002,squareoff,-17.69999999999999,14.600000000000023,6.2000000000000455
571,2022-04-26,134.35,145.15,squareoff,-2.0,27.450000000000003,9.349999999999994
572,2022-04-27,77.0,104.25,SL_hit,-31.44999999999999,39.2,-20.849999999999994
573,2022-04-28,45.0,34.55,SL_hit,-86.65,14.699999999999996,-6.909999999999997
574,2022-04-29,237.0,205.85,SL_hit,-61.00000000000003,9.549999999999983,-41.16999999999999
575,2022-05-02,164.45,197.15,squareoff,-7.400000000000006,25.75,23.700000000000017
576,2022-05-04,310.75,124.9,SL_hit,-257.4,5.8500000000000085,-24.97999999999999
577,2022-05-05,17.150000000000002,46.349999999999994,SL_hit,-37.7,43.099999999999994,-9.269999999999996
578,2022-05-06,251.8,291.0,squareoff,-4.300000000000011,24.649999999999977,20.5
579,2022-05-09,218.4,246.2,squareoff,-35.80000000000001,26.549999999999983,22.05000000000001
580,2022-05-10,160.1,190.75,squareoff,-6.850000000000023,36.75,33.599999999999994
581,2022-05-11,95.85000000000001,125.75,SL_hit,-122.4,24.450000000000003,-25.150000000000006
582,2022-05-12,0.1,68.5,TGThit,-5.700000000000003,68.2,54.800000000000004
583,2022-05-13,262.3,299.35,squareoff,-18.049999999999955,38.10000000000002,29.600000000000023
584,2022-05-16,214.55,252.8,squareoff,-18.849999999999966,39.650000000000034,35.5
585,2022-05-17,327.55,190.4,SL_hit,-136.29999999999998,5.800000000000011,-38.079999999999984
586,2022-05-18,74.55,130.45,squareoff,0.3499999999999943,58.14999999999998,51.29999999999998
587,2022-05-19,0.1,70.8,TGThit,-0.5499999999999972,70.14999999999999,56.64
588,2022-05-20,305.85,281.2,squareoff,-20.849999999999966,4.25,-15.650000000000034
589,2022-05-23,224.5,278.5,squareoff,-0.5,69.35000000000002,64.1
590,2022-05-24,164.3,210.5,squareoff,-7.900000000000006,47.69999999999999,36.94999999999999
591,2022-05-25,145.85,125.6,SL_hit,-43.400000000000006,11.349999999999994,-25.120000000000005
592,2022-05-26,0.1,50.849999999999994,SL_hit,-77.70000000000002,50.55,-10.169999999999995
593,2022-05-27,222.0,276.1,squareoff,-0.75,39.55000000000001,33.35000000000002
594,2022-05-30,175.25,187.65,squareoff,-21.150000000000006,10.799999999999983,7.650000000000006
595,2022-05-31,133.5,158.6,squareoff,-4.050000000000011,19.19999999999999,14.949999999999989
596,2022-06-01,79.8,129.0,squareoff,-4.449999999999989,46.55,39.150000000000006
597,2022-06-02,28.1,49.849999999999994,TGThit,-6.800000000000004,42.24999999999999,39.879999999999995
598,2022-06-03,244.0,234.25,squareoff,-31.25,11.800000000000011,-15.0
599,2022-06-06,166.0,194.89999999999998,squareoff,-22.350000000000023,26.99999999999997,22.849999999999966
600,2022-06-07,126.05000000000001,154.5,squareoff,-1.1999999999999886,24.349999999999994,22.099999999999994
601,2022-06-08,64.2,128.89999999999998,squareoff,-4.750000000000028,70.34999999999997,69.24999999999997
602,2022-06-09,78.1,34.05,SL_hit,-42.89999999999999,24.65,-6.809999999999995
603,2022-06-10,221.75,218.55,squareoff,-18.049999999999983,4.5,0.05000000000001137
604,2022-06-13,211.0,223.65,squareoff,-7.449999999999989,25.200000000000017,17.80000000000001
605,2022-06-14,167.0,192.0,squareoff,-28.69999999999999,31.75,28.600000000000023
606,2022-06-15,146.45,145.05,squareoff,0.20000000000001705,22.5,5.350000000000023
607,2022-06-16,340.05,45.849999999999994,SL_hit,-312.4,12.149999999999991,-9.169999999999995
608,2022-06-17,290.3,314.95000000000005,squareoff,-6.399999999999977,31.700000000000045,24.40000000000009
609,2022-06-20,193.8,251.20000000000002,squareoff,-2.8499999999999943,50.10000000000002,43.30000000000001
610,2022-06-21,144.35,155.85,SL_hit,-56.85000000000002,12.099999999999994,-31.169999999999987
611,2022-06-22,92.0,100.85,squareoff,-14.950000000000003,27.349999999999994,18.14999999999999
612,2022-06-23,0.1,52.5,SL_hit,-18.25,52.35,-10.5
613,2022-06-24,209.65,255.85000000000002,squareoff,-5.649999999999977,39.80000000000001,37.50000000000003
614,2022-06-27,162.4,190.05,squareoff,-3.9499999999999886,29.0,23.850000000000023
615,2022-06-28,155.85,156.75,squareoff,-19.44999999999999,20.0,6.199999999999989
616,2022-06-29,96.0,100.2,SL_hit,-34.3,3.200000000000003,-20.039999999999992
617,2022-06-30,19.95,69.75,SL_hit,-42.05,64.35,-13.950000000000003
618,2022-07-01,229.9,261.15,squareoff,-41.25,43.24999999999997,35.099999999999966
619,2022-07-04,179.05,200.15,squareoff,1.1500000000000057,29.700000000000017,14.049999999999983
620,2022-07-05,125.25,134.6,squareoff,-17.650000000000006,17.299999999999983,8.649999999999991
621,2022-07-06,99.6,95.6,SL_hit,-28.85000000000001,19.549999999999997,-19.11999999999999
622,2022-07-07,0.1,43.7,TGThit,-6.349999999999994,43.6,34.96000000000001
623,2022-07-08,171.0,203.85,squareoff,-2.1500000000000057,27.549999999999983,24.200000000000017
624,2022-07-11,132.7,162.64999999999998,squareoff,-0.4000000000000341,27.19999999999999,24.5
625,2022-07-12,116.8,124.5,squareoff,-2.700000000000003,18.05000000000001,13.950000000000003
626,2022-07-13,102.95,85.3,SL_hit,-32.05,7.6499999999999915,-17.060000000000002
627,2022-07-14,0.1,44.35,TGThit,-4.950000000000003,44.2,35.480000000000004
628,2022-07-15,161.95,172.55,squareoff,-3.4499999999999886,17.30000000000001,3.8000000000000114
629,2022-07-18,126.0,125.25,squareoff,0.5,9.5,3.5999999999999943
630,2022-07-19,109.25,102.4,SL_hit,-25.14999999999999,2.75,-20.47999999999999
631,2022-07-20,42.25,60.0,squareoff,-4.700000000000003,18.25,16.35
632,2022-07-21,5.2,23.5,SL_hit,-8.399999999999999,23.05,-4.699999999999999
633,2022-07-22,167.8,167.14999999999998,squareoff,-8.850000000000023,10.849999999999966,3.1499999999999773
634,2022-07-25,131.15,146.6,squareoff,-16.849999999999994,23.0,16.799999999999983
635,2022-07-26,113.2,114.25,squareoff,-6.0,20.599999999999994,5.25
636,2022-07-27,129.85,79.25,SL_hit,-59.5,1.6500000000000057,-15.849999999999994
637,2022-07-28,29.45,30.049999999999997,SL_hit,-15.450000000000003,27.549999999999997,-6.009999999999998
638,2022-07-29,174.0,181.60000000000002,squareoff,-3.75,20.80000000000001,6.550000000000011
639,2022-08-01,154.35,152.2,squareoff,-18.700000000000017,7.149999999999977,-13.150000000000006
640,2022-08-02,101.5,123.15,squareoff,-6.849999999999994,19.55000000000001,9.099999999999994
641,2022-08-03,54.0,90.9,SL_hit,-50.29999999999998,34.300000000000004,-18.179999999999993
642,2022-08-04,18.150000000000002,34.95,SL_hit,-212.55,31.150000000000002,-6.990000000000002
643,2022-08-05,188.8,241.39999999999998,squareoff,-0.35000000000002274,52.94999999999999,49.849999999999966
644,2022-08-08,161.0,162.85,squareoff,-21.0,9.849999999999994,-0.5
645,2022-08-10,73.0,112.2,squareoff,-1.2999999999999972,32.250000000000014,29.549999999999997
646,2022-08-11,0.1,28.85,SL_hit,-20.450000000000003,28.700000000000003,-5.769999999999996
647,2022-08-12,138.05,160.45,squareoff,-5.200000000000017,18.30000000000001,9.5
648,2022-08-16,75.3,99.3,squareoff,0.3999999999999915,23.14999999999999,21.299999999999997
649,2022-08-17,55.599999999999994,60.55,squareoff,-1.9500000000000028,10.049999999999997,1.5999999999999943
650,2022-08-18,0.1,29.3,TGThit,-1.9499999999999993,29.150000000000002,23.44
651,2022-08-19,250.05,154.5,SL_hit,-118.14999999999998,6.050000000000011,-30.900000000000006
652,2022-08-22,182.79999999999998,143.6,SL_hit,-61.400000000000006,6.549999999999983,-28.72
653,2022-08-23,180.05,112.1,SL_hit,-62.95000000000002,5.0,-22.419999999999987
654,2022-08-24,49.85,81.85,SL_hit,-28.05000000000001,34.64999999999999,-16.36999999999999
655,2022-08-25,77.85,26.5,TGThit,-107.30000000000001,23.35,21.200000000000003
656,2022-08-26,180.8,186.95,squareoff,-27.80000000000001,11.849999999999994,6.099999999999994
657,2022-08-29,172.2,183.3,squareoff,-22.399999999999977,14.0,11.800000000000011
658,2022-08-30,207.65,98.39999999999999,SL_hit,-133.55,14.449999999999989,-19.679999999999993
659,2022-09-01,0.15000000000000002,69.25,SL_hit,-57.95,68.95,-13.849999999999994
660,2022-09-02,229.0,243.2,squareoff,-20.350000000000023,30.399999999999977,26.849999999999966
661,2022-09-05,175.25,193.05,squareoff,-2.0500000000000114,19.55000000000001,11.949999999999989
662,2022-09-06,121.55,141.89999999999998,SL_hit,-31.850000000000023,21.949999999999974,-28.379999999999995
663,2022-09-07,79.9,118.5,squareoff,0.15000000000000568,42.30000000000001,38.30000000000001
664,2022-09-08,0.15000000000000002,39.65,SL_hit,-16.549999999999997,39.0,-7.93
665,2022-09-09,183.75,185.25,squareoff,-25.849999999999994,10.400000000000006,4.449999999999989
666,2022-09-12,145.9,154.1,squareoff,-11.700000000000017,5.049999999999983,1.9000000000000057
667,2022-09-13,120.85,119.35,squareoff,-10.599999999999994,2.8499999999999943,-3.0
668,2022-09-14,105.95,100.15,SL_hit,-49.94999999999999,6.300000000000011,-20.03
669,2022-09-15,122.55,40.3,SL_hit,-112.75000000000001,3.5,-8.059999999999995
670,2022-09-16,302.0,230.7,SL_hit,-92.75,13.550000000000011,-46.139999999999986
671,2022-09-19,216.4,227.35,squareoff,-19.849999999999994,17.150000000000006,9.549999999999983
672,2022-09-20,132.5,150.9,squareoff,-23.0,15.800000000000011,12.150000000000006
673,2022-09-21,160.2,138.35000000000002,SL_hit,-51.74999999999997,6.350000000000023,-27.669999999999987
674,2022-09-22,0.1,79.5,TGThit,-4.400000000000006,79.35,63.6
675,2022-09-23,275.0,256.85,SL_hit,-67.54999999999995,7.75,-51.370000000000005
676,2022-09-26,198.6,244.5,squareoff,-8.0,48.80000000000001,35.75
677,2022-09-27,142.0,175.2,squareoff,-34.599999999999994,29.649999999999977,23.69999999999999
678,2022-09-28,81.8,124.15,squareoff,-10.349999999999994,44.650000000000006,41.10000000000001
679,2022-09-29,81.6,37.3,SL_hit,-84.25,6.0,-7.460000000000001
680,2022-09-30,308.5,290.15,SL_hit,-93.30000000000007,41.99999999999997,-58.02999999999997
681,2022-10-03,218.55,204.05,squareoff,-39.44999999999999,25.55000000000001,-9.299999999999983
682,2022-10-04,101.9,106.8,squareoff,-19.549999999999997,14.75,3.299999999999997
683,2022-10-06,0.1,41.0,TGThit,-6.299999999999997,40.8,32.800000000000004
684,2022-10-07,190.0,213.75,squareoff,0.19999999999998863,24.44999999999999,20.349999999999994
685,2022-10-10,185.95,177.5,SL_hit,-40.400000000000006,23.69999999999999,-35.5
686,2022-10-11,215.0,151.6,SL_hit,-54.349999999999994,19.74999999999997,-30.319999999999993
687,2022-10-12,117.3,115.55000000000001,squareoff,-16.649999999999977,18.75,-0.5999999999999801
688,2022-10-13,0.1,42.1,SL_hit,-24.999999999999993,41.85,-8.420000000000002
689,2022-10-14,195.45,210.85,squareoff,-2.4000000000000057,17.69999999999999,8.899999999999977
690,2022-10-17,181.0,169.4,squareoff,-17.650000000000006,7.550000000000011,-5.150000000000006
691,2022-10-18,93.0,113.80000000000001,squareoff,-5.84999999999998,17.750000000000014,15.550000000000011
692,2022-10-19,62.25,71.4,SL_hit,-22.200000000000003,19.20000000000001,-14.280000000000001
693,2022-10-20,64.1,24.85,SL_hit,-42.9,16.35,-4.969999999999999
694,2022-10-21,129.6,152.8,squareoff,-17.69999999999999,20.55000000000001,13.200000000000017
695,2022-10-25,63.85,76.9,squareoff,-0.6999999999999886,22.55000000000001,8.100000000000009
696,2022-10-27,0.1,22.55,SL_hit,-27.299999999999994,22.400000000000002,-4.509999999999998
697,2022-10-28,163.0,174.8,squareoff,-7.050000000000011,10.800000000000011,9.199999999999989
698,2022-10-31,148.05,120.85,SL_hit,-32.20000000000002,0.6500000000000057,-24.169999999999987
699,2022-11-01,101.6,95.05,SL_hit,-27.400000000000006,0.04999999999999716,-19.00999999999999
700,2022-11-02,82.6,91.35,squareoff,-2.8500000000000085,12.349999999999994,5.699999999999989
701,2022-11-03,0.1,35.4,SL_hit,-13.100000000000001,35.25,-7.079999999999998
702,2022-11-04,153.2,165.1,squareoff,-4.700000000000017,22.400000000000006,12.199999999999989
703,2022-11-07,79.45,104.6,SL_hit,-33.25,20.39999999999999,-20.919999999999987
704,2022-11-09,92.55000000000001,56.0,SL_hit,-52.3,1.1499999999999986,-11.200000000000003
705,2022-11-10,0.1,19.8,SL_hit,-18.749999999999996,19.650000000000002,-3.960000000000001
706,2022-11-11,145.25,135.6,squareoff,-13.900000000000006,5.549999999999983,-4.450000000000017
707,2022-11-14,103.44999999999999,109.35,squareoff,0.6500000000000057,18.75,10.75
708,2022-11-15,63.4,73.55,SL_hit,-31.0,12.950000000000003,-14.709999999999994
709,2022-11-16,37.05,53.650000000000006,squareoff,-7.999999999999993,18.000000000000007,16.400000000000006
710,2022-11-17,0.1,14.850000000000001,TGThit,-0.9999999999999982,14.600000000000001,11.880000000000003
711,2022-11-18,115.35,146.25,squareoff,-1.6499999999999773,23.599999999999994,16.69999999999999
712,2022-11-21,82.44999999999999,100.75,squareoff,-2.0,17.099999999999994,15.150000000000006
713,2022-11-22,65.3,74.05,squareoff,-1.4500000000000028,14.299999999999997,6.299999999999997
714,2022-11-23,24.35,35.4,squareoff,-5.800000000000004,10.549999999999997,7.350000000000001
715,2022-11-24,83.8,8.35,SL_hit,-78.45000000000002,1.1499999999999995,-1.67
716,2022-11-25,93.15,117.3,squareoff,-0.3500000000000085,17.200000000000003,13.299999999999997
717,2022-11-28,89.4,96.35,SL_hit,-22.549999999999997,8.25,-19.269999999999996
718,2022-11-29,47.7,72.0,squareoff,-3.950000000000003,24.35,21.799999999999997
719,2022-11-30,37.55,40.05,SL_hit,-15.000000000000007,11.949999999999996,-8.009999999999998
720,2022-12-01,0.1,17.45,SL_hit,-27.599999999999998,17.15,-3.4899999999999984
721,2022-12-02,126.4,134.95,SL_hit,-27.30000000000001,7.099999999999994,-26.98999999999998
722,2022-12-05,103.65,108.80000000000001,squareoff,-11.75,13.400000000000006,8.250000000000014
723,2022-12-06,82.25,94.55,squareoff,-2.950000000000003,10.75,6.549999999999997
724,2022-12-07,39.8,74.0,squareoff,-2.4499999999999886,29.849999999999994,25.25
725,2022-12-08,0.1,22.85,TGThit,-2.8999999999999986,22.650000000000002,18.28
726,2022-12-09,166.70000000000002,104.4,SL_hit,-104.95000000000002,0,-20.879999999999995
727,2022-12-12,116.2,102.25,SL_hit,-42.44999999999999,6.75,-20.44999999999999
728,2022-12-13,113.4,84.85,SL_hit,-30.5,4.199999999999989,-16.97
729,2022-12-14,41.25,51.35,squareoff,-1.8999999999999986,9.600000000000001,9.149999999999999
730,2022-12-15,84.8,15.6,SL_hit,-80.30000000000001,8.65,-3.119999999999999
