datetime,index,date,time,open,high,low,close,rangeHigh,rangeLow,range,signal,tradePosition,tradeCount,inTrade,entryCount,buyPrice,buySL,buyTgt,sellPrice,sellSL,sellTgt,buySLHit,buyTgtHit,buyTradeOn,buyExitPrice,buyMTM,buyPnL,sellSLHit,sellTgtHit,sellTradeOn,sellExitPrice,sellMTM,sellPnL,buyMaxMTM,buyMinMTM,sellMaxMTM,sellMinMTM,totalPnl
2022-04-29 09:16:00,BANKNIFTY,2022-04-29,09:16:00,36524.0,36552.25,36441.0,36515.05,36603.1,36441.0,162.09999999999854,,,0,0,0,,,,,,,0,0,0,0.0,0.0,0.0,0,0,0,0.0,0.0,0.0,0.0,0.0,0.0,0.0,0.0
2022-04-29 09:17:00,BANKNIFTY,2022-04-29,09:17:00,36503.1,36515.4,36452.4,36475.65,36603.1,36441.0,162.09999999999854,,,0,0,0,,,,,,,0,0,0,0.0,0.0,0.0,0,0,0,0.0,0.0,0.0,0.0,0.0,0.0,0.0,0.0
2022-04-29 09:18:00,BANKNIFTY,2022-04-29,09:18:00,36476.7,36516.4,36476.7,36491.4,36603.1,36441.0,162.09999999999854,,,0,0,0,,,,,,,0,0,0,0.0,0.0,0.0,0,0,0,0.0,0.0,0.0,0.0,0.0,0.0,0.0,0.0
2022-04-29 09:19:00,BANKNIFTY,2022-04-29,09:19:00,36492.8,36517.65,36475.25,36475.25,36603.1,36441.0,162.09999999999854,,,0,0,0,,,,,,,0,0,0,0.0,0.0,0.0,0,0,0,0.0,0.0,0.0,0.0,0.0,0.0,0.0,0.0
2022-04-29 09:20:00,BANKNIFTY,2022-04-29,09:20:00,36477.85,36507.25,36471.95,36476.1,36603.1,36441.0,162.09999999999854,,,0,0,0,,,,,,,0,0,0,0.0,0.0,0.0,0,0,0,0.0,0.0,0.0,0.0,0.0,0.0,0.0,0.0
2022-04-29 09:21:00,BANKNIFTY,2022-04-29,09:21:00,36475.2,36490.35,36460.05,36471.95,36603.1,36441.0,162.09999999999854,,,0,0,0,,,,,,,0,0,0,0.0,0.0,0.0,0,0,0,0.0,0.0,0.0,0.0,0.0,0.0,0.0,0.0
2022-04-29 09:22:00,BANKNIFTY,2022-04-29,09:22:00,36473.2,36534.1,36471.15,36525.35,36603.1,36441.0,162.09999999999854,,,0,0,0,,,,,,,0,0,0,0.0,0.0,0.0,0,0,0,0.0,0.0,0.0,0.0,0.0,0.0,0.0,0.0
2022-04-29 09:23:00,BANKNIFTY,2022-04-29,09:23:00,36523.05,36533.35,36504.15,36533.35,36603.1,36441.0,162.09999999999854,,,0,0,0,,,,,,,0,0,0,0.0,0.0,0.0,0,0,0,0.0,0.0,0.0,0.0,0.0,0.0,0.0,0.0
2022-04-29 09:24:00,BANKNIFTY,2022-04-29,09:24:00,36537.65,36572.3,36527.15,36568.3,36603.1,36441.0,162.09999999999854,,,0,0,0,,,,,,,0,0,0,0.0,0.0,0.0,0,0,0,0.0,0.0,0.0,0.0,0.0,0.0,0.0,0.0
2022-04-29 09:25:00,BANKNIFTY,2022-04-29,09:25:00,36568.5,36582.55,36542.7,36578.25,36603.1,36441.0,162.09999999999854,,,0,0,0,,,,,,,0,0,0,0.0,0.0,0.0,0,0,0,0.0,0.0,0.0,0.0,0.0,0.0,0.0,0.0
2022-04-29 09:26:00,BANKNIFTY,2022-04-29,09:26:00,36583.05,36589.55,36565.85,36579.55,36603.1,36441.0,162.09999999999854,,,0,0,0,,,,,,,0,0,0,0.0,0.0,0.0,0,0,0,0.0,0.0,0.0,0.0,0.0,0.0,0.0,0.0
2022-04-29 09:27:00,BANKNIFTY,2022-04-29,09:27:00,36578.25,36603.1,36577.2,36584.7,36603.1,36441.0,162.09999999999854,,,0,0,0,,,,,,,0,0,0,0.0,0.0,0.0,0,0,0,0.0,0.0,0.0,0.0,0.0,0.0,0.0,0.0
2022-04-29 09:28:00,BANKNIFTY,2022-04-29,09:28:00,36583.55,36583.9,36551.95,36561.65,36603.1,36441.0,162.09999999999854,,,0,0,0,,,,,,,0,0,0,0.0,0.0,0.0,0,0,0,0.0,0.0,0.0,0.0,0.0,0.0,0.0,0.0
2022-04-29 09:29:00,BANKNIFTY,2022-04-29,09:29:00,36568.5,36573.3,36558.9,36566.05,36603.1,36441.0,162.09999999999854,,,0,0,0,,,,,,,0,0,0,0.0,0.0,0.0,0,0,0,0.0,0.0,0.0,0.0,0.0,0.0,0.0,0.0
2022-04-29 09:30:00,BANKNIFTY,2022-04-29,09:30:00,36568.8,36568.8,36543.0,36554.85,36603.1,36441.0,162.09999999999854,,,0,0,0,,,,,,,0,0,0,0.0,0.0,0.0,0,0,0,0.0,0.0,0.0,0.0,0.0,0.0,0.0,0.0
2022-04-29 09:31:00,BANKNIFTY,2022-04-29,09:31:00,36557.5,36578.75,36533.4,36568.25,36603.1,36441.0,162.09999999999854,,,0,0,0,,,,,,,0,0,0,0.0,0.0,0.0,0,0,0,0.0,0.0,0.0,0.0,0.0,0.0,0.0,0.0
2022-04-29 09:32:00,BANKNIFTY,2022-04-29,09:32:00,36567.45,36583.7,36562.0,36575.35,36603.1,36441.0,162.09999999999854,,,0,0,0,,,,,,,0,0,0,0.0,0.0,0.0,0,0,0,0.0,0.0,0.0,0.0,0.0,0.0,0.0,0.0
2022-04-29 09:33:00,BANKNIFTY,2022-04-29,09:33:00,36577.9,36606.15,36574.9,36601.1,36603.1,36441.0,162.09999999999854,Buy,Buy,1,1,1,36603.1,36441.0,36606.342,,,,0,0,1,0.0,-2.0,0.0,0,0,0,0.0,0.0,0.0,3.0500000000029104,0.0,0.0,0.0,0.0
2022-04-29 09:34:00,BANKNIFTY,2022-04-29,09:34:00,36602.8,36602.8,36578.45,36580.5,36603.1,36441.0,162.09999999999854,,Buy,1,1,0,36603.1,36441.0,36606.342,,,,0,0,1,0.0,-22.599999999998545,0.0,0,0,0,0.0,0.0,0.0,0.0,-0.2999999999956344,0.0,0.0,0.0
2022-04-29 09:35:00,BANKNIFTY,2022-04-29,09:35:00,36582.5,36585.1,36569.7,36570.75,36603.1,36441.0,162.09999999999854,,Buy,1,1,0,36603.1,36441.0,36606.342,,,,0,1,0,36606.342,0.0,3.24199999999837,0,0,0,0.0,0.0,0.0,0.0,-18.0,0.0,0.0,3.24199999999837
2022-04-29 09:36:00,BANKNIFTY,2022-04-29,09:36:00,36571.6,36580.45,36558.4,36574.0,36603.1,36441.0,162.09999999999854,,Buy,1,1,0,36603.1,36441.0,36606.342,,,,0,1,0,0.0,0.0,0.0,0,0,0,0.0,0.0,0.0,0.0,-22.650000000001455,0.0,0.0,0.0
2022-04-29 09:37:00,BANKNIFTY,2022-04-29,09:37:00,36570.35,36585.0,36566.45,36573.5,36603.1,36441.0,162.09999999999854,,Buy,1,1,0,36603.1,36441.0,36606.342,,,,0,1,0,0.0,0.0,0.0,0,0,0,0.0,0.0,0.0,0.0,-18.099999999998545,0.0,0.0,0.0
2022-04-29 09:38:00,BANKNIFTY,2022-04-29,09:38:00,36575.05,36581.75,36561.3,36578.15,36603.1,36441.0,162.09999999999854,,Buy,1,1,0,36603.1,36441.0,36606.342,,,,0,1,0,0.0,0.0,0.0,0,0,0,0.0,0.0,0.0,0.0,-21.349999999998545,0.0,0.0,0.0
2022-04-29 09:39:00,BANKNIFTY,2022-04-29,09:39:00,36577.35,36588.85,36574.3,36577.35,36603.1,36441.0,162.09999999999854,,Buy,1,1,0,36603.1,36441.0,36606.342,,,,0,1,0,0.0,0.0,0.0,0,0,0,0.0,0.0,0.0,0.0,-14.25,0.0,0.0,0.0
2022-04-29 09:40:00,BANKNIFTY,2022-04-29,09:40:00,36572.8,36575.25,36548.95,36555.85,36603.1,36441.0,162.09999999999854,,Buy,1,1,0,36603.1,36441.0,36606.342,,,,0,1,0,0.0,0.0,0.0,0,0,0,0.0,0.0,0.0,0.0,-27.849999999998545,0.0,0.0,0.0
2022-04-29 09:41:00,BANKNIFTY,2022-04-29,09:41:00,36557.25,36570.4,36552.75,36557.3,36603.1,36441.0,162.09999999999854,,Buy,1,1,0,36603.1,36441.0,36606.342,,,,0,1,0,0.0,0.0,0.0,0,0,0,0.0,0.0,0.0,0.0,-32.69999999999709,0.0,0.0,0.0
2022-04-29 09:42:00,BANKNIFTY,2022-04-29,09:42:00,36555.7,36559.8,36533.85,36533.85,36603.1,36441.0,162.09999999999854,,Buy,1,1,0,36603.1,36441.0,36606.342,,,,0,1,0,0.0,0.0,0.0,0,0,0,0.0,0.0,0.0,0.0,-43.299999999995634,0.0,0.0,0.0
2022-04-29 09:43:00,BANKNIFTY,2022-04-29,09:43:00,36535.7,36538.75,36505.0,36511.3,36603.1,36441.0,162.09999999999854,,Buy,1,1,0,36603.1,36441.0,36606.342,,,,0,1,0,0.0,0.0,0.0,0,0,0,0.0,0.0,0.0,0.0,-64.34999999999854,0.0,0.0,0.0
2022-04-29 09:44:00,BANKNIFTY,2022-04-29,09:44:00,36507.75,36524.6,36503.9,36503.9,36603.1,36441.0,162.09999999999854,,Buy,1,1,0,36603.1,36441.0,36606.342,,,,0,1,0,0.0,0.0,0.0,0,0,0,0.0,0.0,0.0,0.0,-78.5,0.0,0.0,0.0
2022-04-29 09:45:00,BANKNIFTY,2022-04-29,09:45:00,36504.0,36506.65,36484.7,36491.05,36603.1,36441.0,162.09999999999854,,Buy,1,1,0,36603.1,36441.0,36606.342,,,,0,1,0,0.0,0.0,0.0,0,0,0,0.0,0.0,0.0,0.0,-96.44999999999709,0.0,0.0,0.0
2022-04-29 09:46:00,BANKNIFTY,2022-04-29,09:46:00,36489.25,36491.45,36425.4,36433.9,36603.1,36441.0,162.09999999999854,Sell,Sell,2,1,1,,,,36441.0,36603.1,36437.758,1,1,0,0.0,0.0,0.0,0,0,1,0.0,7.099999999998545,0.0,0.0,0.0,15.599999999998545,0.0,0.0
2022-04-29 09:47:00,BANKNIFTY,2022-04-29,09:47:00,36436.0,36442.9,36414.45,36421.1,36603.1,36441.0,162.09999999999854,Sell,Sell,2,1,0,,,,36441.0,36603.1,36437.758,0,0,0,0.0,0.0,0.0,0,0,1,0.0,19.900000000001455,0.0,0.0,0.0,26.55000000000291,0.0,0.0
2022-04-29 09:48:00,BANKNIFTY,2022-04-29,09:48:00,36420.7,36420.7,36376.85,36383.25,36603.1,36441.0,162.09999999999854,Sell,Sell,2,1,0,,,,36441.0,36603.1,36437.758,0,0,0,0.0,0.0,0.0,0,1,0,36437.758,0.0,3.24199999999837,0.0,0.0,64.15000000000146,0.0,3.24199999999837
2022-04-29 09:49:00,BANKNIFTY,2022-04-29,09:49:00,36379.85,36413.15,36369.8,36402.5,36603.1,36441.0,162.09999999999854,Sell,Sell,2,1,0,,,,36441.0,36603.1,36437.758,0,0,0,0.0,0.0,0.0,0,1,0,0.0,0.0,0.0,0.0,0.0,71.19999999999709,0.0,0.0
2022-04-29 09:50:00,BANKNIFTY,2022-04-29,09:50:00,36406.15,36409.15,36375.45,36375.45,36603.1,36441.0,162.09999999999854,Sell,Sell,2,1,0,,,,36441.0,36603.1,36437.758,0,0,0,0.0,0.0,0.0,0,1,0,0.0,0.0,0.0,0.0,0.0,65.55000000000291,0.0,0.0
2022-04-29 09:51:00,BANKNIFTY,2022-04-29,09:51:00,36380.05,36390.2,36362.2,36386.35,36603.1,36441.0,162.09999999999854,Sell,Sell,2,1,0,,,,36441.0,36603.1,36437.758,0,0,0,0.0,0.0,0.0,0,1,0,0.0,0.0,0.0,0.0,0.0,78.80000000000291,0.0,0.0
2022-04-29 09:52:00,BANKNIFTY,2022-04-29,09:52:00,36390.35,36404.15,36346.95,36404.15,36603.1,36441.0,162.09999999999854,Sell,Sell,2,1,0,,,,36441.0,36603.1,36437.758,0,0,0,0.0,0.0,0.0,0,1,0,0.0,0.0,0.0,0.0,0.0,94.05000000000291,0.0,0.0
2022-04-29 09:53:00,BANKNIFTY,2022-04-29,09:53:00,36407.6,36443.3,36403.65,36438.45,36603.1,36441.0,162.09999999999854,Sell,Sell,2,1,0,,,,36441.0,36603.1,36437.758,0,0,0,0.0,0.0,0.0,0,1,0,0.0,0.0,0.0,0.0,0.0,37.349999999998545,0.0,0.0
2022-04-29 09:54:00,BANKNIFTY,2022-04-29,09:54:00,36430.05,36446.9,36419.3,36434.65,36603.1,36441.0,162.09999999999854,Sell,Sell,2,1,0,,,,36441.0,36603.1,36437.758,0,0,0,0.0,0.0,0.0,0,1,0,0.0,0.0,0.0,0.0,0.0,21.69999999999709,0.0,0.0
2022-04-29 09:55:00,BANKNIFTY,2022-04-29,09:55:00,36426.45,36434.75,36398.45,36398.45,36603.1,36441.0,162.09999999999854,Sell,Sell,2,1,0,,,,36441.0,36603.1,36437.758,0,0,0,0.0,0.0,0.0,0,1,0,0.0,0.0,0.0,0.0,0.0,42.55000000000291,0.0,0.0
2022-04-29 09:56:00,BANKNIFTY,2022-04-29,09:56:00,36393.65,36393.65,36375.45,36375.8,36603.1,36441.0,162.09999999999854,Sell,Sell,2,1,0,,,,36441.0,36603.1,36437.758,0,0,0,0.0,0.0,0.0,0,1,0,0.0,0.0,0.0,0.0,0.0,65.55000000000291,0.0,0.0
2022-04-29 09:57:00,BANKNIFTY,2022-04-29,09:57:00,36381.8,36418.65,36378.5,36410.2,36603.1,36441.0,162.09999999999854,Sell,Sell,2,1,0,,,,36441.0,36603.1,36437.758,0,0,0,0.0,0.0,0.0,0,1,0,0.0,0.0,0.0,0.0,0.0,62.5,0.0,0.0
2022-04-29 09:58:00,BANKNIFTY,2022-04-29,09:58:00,36403.5,36413.05,36381.0,36405.75,36603.1,36441.0,162.09999999999854,Sell,Sell,2,1,0,,,,36441.0,36603.1,36437.758,0,0,0,0.0,0.0,0.0,0,1,0,0.0,0.0,0.0,0.0,0.0,60.0,0.0,0.0
2022-04-29 09:59:00,BANKNIFTY,2022-04-29,09:59:00,36404.85,36404.85,36379.4,36389.45,36603.1,36441.0,162.09999999999854,Sell,Sell,2,1,0,,,,36441.0,36603.1,36437.758,0,0,0,0.0,0.0,0.0,0,1,0,0.0,0.0,0.0,0.0,0.0,61.599999999998545,0.0,0.0
2022-04-29 10:00:00,BANKNIFTY,2022-04-29,10:00:00,36394.25,36395.85,36382.95,36386.1,36603.1,36441.0,162.09999999999854,Sell,Sell,2,1,0,,,,36441.0,36603.1,36437.758,0,0,0,0.0,0.0,0.0,0,1,0,0.0,0.0,0.0,0.0,0.0,58.05000000000291,0.0,0.0
2022-04-29 10:01:00,BANKNIFTY,2022-04-29,10:01:00,36391.55,36392.6,36353.7,36356.55,36603.1,36441.0,162.09999999999854,Sell,Sell,2,1,0,,,,36441.0,36603.1,36437.758,0,0,0,0.0,0.0,0.0,0,1,0,0.0,0.0,0.0,0.0,0.0,87.30000000000291,0.0,0.0
2022-04-29 10:02:00,BANKNIFTY,2022-04-29,10:02:00,36356.65,36368.95,36355.3,36367.25,36603.1,36441.0,162.09999999999854,Sell,Sell,2,1,0,,,,36441.0,36603.1,36437.758,0,0,0,0.0,0.0,0.0,0,1,0,0.0,0.0,0.0,0.0,0.0,85.69999999999709,0.0,0.0
2022-04-29 10:03:00,BANKNIFTY,2022-04-29,10:03:00,36367.9,36390.25,36364.1,36386.9,36603.1,36441.0,162.09999999999854,Sell,Sell,2,1,0,,,,36441.0,36603.1,36437.758,0,0,0,0.0,0.0,0.0,0,1,0,0.0,0.0,0.0,0.0,0.0,76.90000000000146,0.0,0.0
2022-04-29 10:04:00,BANKNIFTY,2022-04-29,10:04:00,36385.2,36418.35,36383.2,36418.35,36603.1,36441.0,162.09999999999854,Sell,Sell,2,1,0,,,,36441.0,36603.1,36437.758,0,0,0,0.0,0.0,0.0,0,1,0,0.0,0.0,0.0,0.0,0.0,57.80000000000291,0.0,0.0
2022-04-29 10:05:00,BANKNIFTY,2022-04-29,10:05:00,36417.55,36433.85,36409.8,36416.45,36603.1,36441.0,162.09999999999854,Sell,Sell,2,1,0,,,,36441.0,36603.1,36437.758,0,0,0,0.0,0.0,0.0,0,1,0,0.0,0.0,0.0,0.0,0.0,31.19999999999709,0.0,0.0
2022-04-29 10:06:00,BANKNIFTY,2022-04-29,10:06:00,36418.45,36420.75,36405.3,36410.5,36603.1,36441.0,162.09999999999854,Sell,Sell,2,1,0,,,,36441.0,36603.1,36437.758,0,0,0,0.0,0.0,0.0,0,1,0,0.0,0.0,0.0,0.0,0.0,35.69999999999709,0.0,0.0
2022-04-29 10:07:00,BANKNIFTY,2022-04-29,10:07:00,36409.95,36414.65,36388.6,36392.6,36603.1,36441.0,162.09999999999854,Sell,Sell,2,1,0,,,,36441.0,36603.1,36437.758,0,0,0,0.0,0.0,0.0,0,1,0,0.0,0.0,0.0,0.0,0.0,52.400000000001455,0.0,0.0
2022-04-29 10:08:00,BANKNIFTY,2022-04-29,10:08:00,36388.45,36395.4,36365.25,36372.85,36603.1,36441.0,162.09999999999854,Sell,Sell,2,1,0,,,,36441.0,36603.1,36437.758,0,0,0,0.0,0.0,0.0,0,1,0,0.0,0.0,0.0,0.0,0.0,75.75,0.0,0.0
2022-04-29 10:09:00,BANKNIFTY,2022-04-29,10:09:00,36372.4,36388.3,36361.45,36363.2,36603.1,36441.0,162.09999999999854,Sell,Sell,2,1,0,,,,36441.0,36603.1,36437.758,0,0,0,0.0,0.0,0.0,0,1,0,0.0,0.0,0.0,0.0,0.0,79.55000000000291,0.0,0.0
2022-04-29 10:10:00,BANKNIFTY,2022-04-29,10:10:00,36362.1,36365.95,36342.6,36355.5,36603.1,36441.0,162.09999999999854,Sell,Sell,2,1,0,,,,36441.0,36603.1,36437.758,0,0,0,0.0,0.0,0.0,0,1,0,0.0,0.0,0.0,0.0,0.0,98.40000000000146,0.0,0.0
2022-04-29 10:11:00,BANKNIFTY,2022-04-29,10:11:00,36349.55,36358.1,36347.25,36350.25,36603.1,36441.0,162.09999999999854,Sell,Sell,2,1,0,,,,36441.0,36603.1,36437.758,0,0,0,0.0,0.0,0.0,0,1,0,0.0,0.0,0.0,0.0,0.0,93.75,0.0,0.0
2022-04-29 10:12:00,BANKNIFTY,2022-04-29,10:12:00,36351.2,36389.2,36350.7,36389.2,36603.1,36441.0,162.09999999999854,Sell,Sell,2,1,0,,,,36441.0,36603.1,36437.758,0,0,0,0.0,0.0,0.0,0,1,0,0.0,0.0,0.0,0.0,0.0,90.30000000000291,0.0,0.0
2022-04-29 10:13:00,BANKNIFTY,2022-04-29,10:13:00,36389.85,36389.85,36378.45,36379.95,36603.1,36441.0,162.09999999999854,Sell,Sell,2,1,0,,,,36441.0,36603.1,36437.758,0,0,0,0.0,0.0,0.0,0,1,0,0.0,0.0,0.0,0.0,0.0,62.55000000000291,0.0,0.0
2022-04-29 10:14:00,BANKNIFTY,2022-04-29,10:14:00,36380.4,36392.8,36380.4,36389.45,36603.1,36441.0,162.09999999999854,Sell,Sell,2,1,0,,,,36441.0,36603.1,36437.758,0,0,0,0.0,0.0,0.0,0,1,0,0.0,0.0,0.0,0.0,0.0,60.599999999998545,0.0,0.0
2022-04-29 10:15:00,BANKNIFTY,2022-04-29,10:15:00,36388.0,36395.75,36385.45,36391.45,36603.1,36441.0,162.09999999999854,Sell,Sell,2,1,0,,,,36441.0,36603.1,36437.758,0,0,0,0.0,0.0,0.0,0,1,0,0.0,0.0,0.0,0.0,0.0,55.55000000000291,0.0,0.0
2022-04-29 10:16:00,BANKNIFTY,2022-04-29,10:16:00,36392.2,36421.05,36389.8,36421.05,36603.1,36441.0,162.09999999999854,Sell,Sell,2,1,0,,,,36441.0,36603.1,36437.758,0,0,0,0.0,0.0,0.0,0,1,0,0.0,0.0,0.0,0.0,0.0,51.19999999999709,0.0,0.0
2022-04-29 10:17:00,BANKNIFTY,2022-04-29,10:17:00,36421.6,36437.3,36404.35,36406.65,36603.1,36441.0,162.09999999999854,Sell,Sell,2,1,0,,,,36441.0,36603.1,36437.758,0,0,0,0.0,0.0,0.0,0,1,0,0.0,0.0,0.0,0.0,0.0,36.650000000001455,0.0,0.0
2022-04-29 10:18:00,BANKNIFTY,2022-04-29,10:18:00,36407.9,36409.5,36398.0,36404.0,36603.1,36441.0,162.09999999999854,Sell,Sell,2,1,0,,,,36441.0,36603.1,36437.758,0,0,0,0.0,0.0,0.0,0,1,0,0.0,0.0,0.0,0.0,0.0,43.0,0.0,0.0
2022-04-29 10:19:00,BANKNIFTY,2022-04-29,10:19:00,36405.1,36429.35,36404.55,36420.55,36603.1,36441.0,162.09999999999854,Sell,Sell,2,1,0,,,,36441.0,36603.1,36437.758,0,0,0,0.0,0.0,0.0,0,1,0,0.0,0.0,0.0,0.0,0.0,36.44999999999709,0.0,0.0
2022-04-29 10:20:00,BANKNIFTY,2022-04-29,10:20:00,36423.75,36438.6,36418.65,36432.75,36603.1,36441.0,162.09999999999854,Sell,Sell,2,1,0,,,,36441.0,36603.1,36437.758,0,0,0,0.0,0.0,0.0,0,1,0,0.0,0.0,0.0,0.0,0.0,22.349999999998545,0.0,0.0
2022-04-29 10:21:00,BANKNIFTY,2022-04-29,10:21:00,36439.25,36446.7,36433.2,36443.95,36603.1,36441.0,162.09999999999854,Sell,Sell,2,1,0,,,,36441.0,36603.1,36437.758,0,0,0,0.0,0.0,0.0,0,1,0,0.0,0.0,0.0,0.0,0.0,7.80000000000291,0.0,0.0
2022-04-29 10:22:00,BANKNIFTY,2022-04-29,10:22:00,36443.15,36475.3,36442.8,36474.45,36603.1,36441.0,162.09999999999854,,Sell,2,1,0,,,,36441.0,36603.1,36437.758,0,0,0,0.0,0.0,0.0,0,1,0,0.0,0.0,0.0,0.0,0.0,0.0,-1.8000000000029104,0.0
2022-04-29 10:23:00,BANKNIFTY,2022-04-29,10:23:00,36477.1,36490.5,36473.7,36485.2,36603.1,36441.0,162.09999999999854,,Sell,2,1,0,,,,36441.0,36603.1,36437.758,0,0,0,0.0,0.0,0.0,0,1,0,0.0,0.0,0.0,0.0,0.0,0.0,-32.69999999999709,0.0
2022-04-29 10:24:00,BANKNIFTY,2022-04-29,10:24:00,36489.45,36491.7,36469.9,36469.9,36603.1,36441.0,162.09999999999854,,Sell,2,1,0,,,,36441.0,36603.1,36437.758,0,0,0,0.0,0.0,0.0,0,1,0,0.0,0.0,0.0,0.0,0.0,0.0,-28.900000000001455,0.0
2022-04-29 10:25:00,BANKNIFTY,2022-04-29,10:25:00,36470.85,36484.55,36470.85,36481.0,36603.1,36441.0,162.09999999999854,,Sell,2,1,0,,,,36441.0,36603.1,36437.758,0,0,0,0.0,0.0,0.0,0,1,0,0.0,0.0,0.0,0.0,0.0,0.0,-29.849999999998545,0.0
2022-04-29 10:26:00,BANKNIFTY,2022-04-29,10:26:00,36479.2,36481.75,36455.45,36458.75,36603.1,36441.0,162.09999999999854,,Sell,2,1,0,,,,36441.0,36603.1,36437.758,0,0,0,0.0,0.0,0.0,0,1,0,0.0,0.0,0.0,0.0,0.0,0.0,-14.44999999999709,0.0
2022-04-29 10:27:00,BANKNIFTY,2022-04-29,10:27:00,36464.6,36476.8,36453.65,36460.35,36603.1,36441.0,162.09999999999854,,Sell,2,1,0,,,,36441.0,36603.1,36437.758,0,0,0,0.0,0.0,0.0,0,1,0,0.0,0.0,0.0,0.0,0.0,0.0,-12.650000000001455,0.0
2022-04-29 10:28:00,BANKNIFTY,2022-04-29,10:28:00,36457.8,36467.75,36452.75,36460.55,36603.1,36441.0,162.09999999999854,,Sell,2,1,0,,,,36441.0,36603.1,36437.758,0,0,0,0.0,0.0,0.0,0,1,0,0.0,0.0,0.0,0.0,0.0,0.0,-11.75,0.0
2022-04-29 10:29:00,BANKNIFTY,2022-04-29,10:29:00,36461.35,36480.35,36446.25,36473.45,36603.1,36441.0,162.09999999999854,,Sell,2,1,0,,,,36441.0,36603.1,36437.758,0,0,0,0.0,0.0,0.0,0,1,0,0.0,0.0,0.0,0.0,0.0,0.0,-5.25,0.0
2022-04-29 10:30:00,BANKNIFTY,2022-04-29,10:30:00,36479.95,36481.2,36463.0,36476.6,36603.1,36441.0,162.09999999999854,,Sell,2,1,0,,,,36441.0,36603.1,36437.758,0,0,0,0.0,0.0,0.0,0,1,0,0.0,0.0,0.0,0.0,0.0,0.0,-22.0,0.0
2022-04-29 10:31:00,BANKNIFTY,2022-04-29,10:31:00,36477.4,36505.2,36476.25,36503.85,36603.1,36441.0,162.09999999999854,,Sell,2,1,0,,,,36441.0,36603.1,36437.758,0,0,0,0.0,0.0,0.0,0,1,0,0.0,0.0,0.0,0.0,0.0,0.0,-35.25,0.0
2022-04-29 10:32:00,BANKNIFTY,2022-04-29,10:32:00,36500.55,36517.3,36499.0,36506.0,36603.1,36441.0,162.09999999999854,,Sell,2,1,0,,,,36441.0,36603.1,36437.758,0,0,0,0.0,0.0,0.0,0,1,0,0.0,0.0,0.0,0.0,0.0,0.0,-58.0,0.0
2022-04-29 10:33:00,BANKNIFTY,2022-04-29,10:33:00,36507.5,36521.25,36500.4,36517.2,36603.1,36441.0,162.09999999999854,,Sell,2,1,0,,,,36441.0,36603.1,36437.758,0,0,0,0.0,0.0,0.0,0,1,0,0.0,0.0,0.0,0.0,0.0,0.0,-59.400000000001455,0.0
2022-04-29 10:34:00,BANKNIFTY,2022-04-29,10:34:00,36518.65,36524.75,36511.85,36516.9,36603.1,36441.0,162.09999999999854,,Sell,2,1,0,,,,36441.0,36603.1,36437.758,0,0,0,0.0,0.0,0.0,0,1,0,0.0,0.0,0.0,0.0,0.0,0.0,-70.84999999999854,0.0
2022-04-29 10:35:00,BANKNIFTY,2022-04-29,10:35:00,36517.3,36517.45,36503.2,36513.25,36603.1,36441.0,162.09999999999854,,Sell,2,1,0,,,,36441.0,36603.1,36437.758,0,0,0,0.0,0.0,0.0,0,1,0,0.0,0.0,0.0,0.0,0.0,0.0,-62.19999999999709,0.0
2022-04-29 10:36:00,BANKNIFTY,2022-04-29,10:36:00,36516.1,36525.65,36514.3,36522.15,36603.1,36441.0,162.09999999999854,,Sell,2,1,0,,,,36441.0,36603.1,36437.758,0,0,0,0.0,0.0,0.0,0,1,0,0.0,0.0,0.0,0.0,0.0,0.0,-73.30000000000291,0.0
2022-04-29 10:37:00,BANKNIFTY,2022-04-29,10:37:00,36523.9,36528.4,36519.85,36527.45,36603.1,36441.0,162.09999999999854,,Sell,2,1,0,,,,36441.0,36603.1,36437.758,0,0,0,0.0,0.0,0.0,0,1,0,0.0,0.0,0.0,0.0,0.0,0.0,-78.84999999999854,0.0
2022-04-29 10:38:00,BANKNIFTY,2022-04-29,10:38:00,36527.25,36534.45,36524.45,36533.7,36603.1,36441.0,162.09999999999854,,Sell,2,1,0,,,,36441.0,36603.1,36437.758,0,0,0,0.0,0.0,0.0,0,1,0,0.0,0.0,0.0,0.0,0.0,0.0,-83.44999999999709,0.0
2022-04-29 10:39:00,BANKNIFTY,2022-04-29,10:39:00,36530.9,36533.5,36502.8,36509.8,36603.1,36441.0,162.09999999999854,,Sell,2,1,0,,,,36441.0,36603.1,36437.758,0,0,0,0.0,0.0,0.0,0,1,0,0.0,0.0,0.0,0.0,0.0,0.0,-61.80000000000291,0.0
2022-04-29 10:40:00,BANKNIFTY,2022-04-29,10:40:00,36504.45,36549.45,36503.5,36547.05,36603.1,36441.0,162.09999999999854,,Sell,2,1,0,,,,36441.0,36603.1,36437.758,0,0,0,0.0,0.0,0.0,0,1,0,0.0,0.0,0.0,0.0,0.0,0.0,-62.5,0.0
2022-04-29 10:41:00,BANKNIFTY,2022-04-29,10:41:00,36547.15,36561.3,36535.8,36535.8,36603.1,36441.0,162.09999999999854,,Sell,2,1,0,,,,36441.0,36603.1,36437.758,0,0,0,0.0,0.0,0.0,0,1,0,0.0,0.0,0.0,0.0,0.0,0.0,-94.80000000000291,0.0
2022-04-29 10:42:00,BANKNIFTY,2022-04-29,10:42:00,36537.1,36542.5,36515.6,36515.6,36603.1,36441.0,162.09999999999854,,Sell,2,1,0,,,,36441.0,36603.1,36437.758,0,0,0,0.0,0.0,0.0,0,1,0,0.0,0.0,0.0,0.0,0.0,0.0,-74.59999999999854,0.0
2022-04-29 10:43:00,BANKNIFTY,2022-04-29,10:43:00,36516.15,36525.5,36512.5,36523.2,36603.1,36441.0,162.09999999999854,,Sell,2,1,0,,,,36441.0,36603.1,36437.758,0,0,0,0.0,0.0,0.0,0,1,0,0.0,0.0,0.0,0.0,0.0,0.0,-71.5,0.0
2022-04-29 10:44:00,BANKNIFTY,2022-04-29,10:44:00,36524.35,36542.55,36524.35,36529.15,36603.1,36441.0,162.09999999999854,,Sell,2,1,0,,,,36441.0,36603.1,36437.758,0,0,0,0.0,0.0,0.0,0,1,0,0.0,0.0,0.0,0.0,0.0,0.0,-83.34999999999854,0.0
2022-04-29 10:45:00,BANKNIFTY,2022-04-29,10:45:00,36527.2,36536.95,36524.75,36533.95,36603.1,36441.0,162.09999999999854,,Sell,2,1,0,,,,36441.0,36603.1,36437.758,0,0,0,0.0,0.0,0.0,0,1,0,0.0,0.0,0.0,0.0,0.0,0.0,-83.75,0.0
2022-04-29 10:46:00,BANKNIFTY,2022-04-29,10:46:00,36533.45,36535.25,36508.2,36508.2,36603.1,36441.0,162.09999999999854,,Sell,2,1,0,,,,36441.0,36603.1,36437.758,0,0,0,0.0,0.0,0.0,0,1,0,0.0,0.0,0.0,0.0,0.0,0.0,-67.19999999999709,0.0
2022-04-29 10:47:00,BANKNIFTY,2022-04-29,10:47:00,36506.95,36527.45,36503.9,36515.35,36603.1,36441.0,162.09999999999854,,Sell,2,1,0,,,,36441.0,36603.1,36437.758,0,0,0,0.0,0.0,0.0,0,1,0,0.0,0.0,0.0,0.0,0.0,0.0,-62.900000000001455,0.0
2022-04-29 10:48:00,BANKNIFTY,2022-04-29,10:48:00,36513.4,36514.75,36499.35,36504.9,36603.1,36441.0,162.09999999999854,,Sell,2,1,0,,,,36441.0,36603.1,36437.758,0,0,0,0.0,0.0,0.0,0,1,0,0.0,0.0,0.0,0.0,0.0,0.0,-58.349999999998545,0.0
2022-04-29 10:49:00,BANKNIFTY,2022-04-29,10:49:00,36503.1,36506.15,36482.55,36487.6,36603.1,36441.0,162.09999999999854,,Sell,2,1,0,,,,36441.0,36603.1,36437.758,0,0,0,0.0,0.0,0.0,0,1,0,0.0,0.0,0.0,0.0,0.0,0.0,-41.55000000000291,0.0
2022-04-29 10:50:00,BANKNIFTY,2022-04-29,10:50:00,36488.3,36492.8,36484.3,36487.05,36603.1,36441.0,162.09999999999854,,Sell,2,1,0,,,,36441.0,36603.1,36437.758,0,0,0,0.0,0.0,0.0,0,1,0,0.0,0.0,0.0,0.0,0.0,0.0,-43.30000000000291,0.0
2022-04-29 10:51:00,BANKNIFTY,2022-04-29,10:51:00,36487.5,36509.8,36487.5,36503.5,36603.1,36441.0,162.09999999999854,,Sell,2,1,0,,,,36441.0,36603.1,36437.758,0,0,0,0.0,0.0,0.0,0,1,0,0.0,0.0,0.0,0.0,0.0,0.0,-46.5,0.0
2022-04-29 10:52:00,BANKNIFTY,2022-04-29,10:52:00,36503.55,36506.65,36496.9,36503.15,36603.1,36441.0,162.09999999999854,,Sell,2,1,0,,,,36441.0,36603.1,36437.758,0,0,0,0.0,0.0,0.0,0,1,0,0.0,0.0,0.0,0.0,0.0,0.0,-55.900000000001455,0.0
2022-04-29 10:53:00,BANKNIFTY,2022-04-29,10:53:00,36499.5,36502.1,36489.05,36496.2,36603.1,36441.0,162.09999999999854,,Sell,2,1,0,,,,36441.0,36603.1,36437.758,0,0,0,0.0,0.0,0.0,0,1,0,0.0,0.0,0.0,0.0,0.0,0.0,-48.05000000000291,0.0
2022-04-29 10:54:00,BANKNIFTY,2022-04-29,10:54:00,36497.55,36525.55,36496.8,36522.1,36603.1,36441.0,162.09999999999854,,Sell,2,1,0,,,,36441.0,36603.1,36437.758,0,0,0,0.0,0.0,0.0,0,1,0,0.0,0.0,0.0,0.0,0.0,0.0,-55.80000000000291,0.0
2022-04-29 10:55:00,BANKNIFTY,2022-04-29,10:55:00,36526.65,36533.35,36519.0,36521.25,36603.1,36441.0,162.09999999999854,,Sell,2,1,0,,,,36441.0,36603.1,36437.758,0,0,0,0.0,0.0,0.0,0,1,0,0.0,0.0,0.0,0.0,0.0,0.0,-78.0,0.0
2022-04-29 10:56:00,BANKNIFTY,2022-04-29,10:56:00,36524.45,36528.6,36515.4,36519.15,36603.1,36441.0,162.09999999999854,,Sell,2,1,0,,,,36441.0,36603.1,36437.758,0,0,0,0.0,0.0,0.0,0,1,0,0.0,0.0,0.0,0.0,0.0,0.0,-74.40000000000146,0.0
2022-04-29 10:57:00,BANKNIFTY,2022-04-29,10:57:00,36518.65,36528.4,36518.65,36525.1,36603.1,36441.0,162.09999999999854,,Sell,2,1,0,,,,36441.0,36603.1,36437.758,0,0,0,0.0,0.0,0.0,0,1,0,0.0,0.0,0.0,0.0,0.0,0.0,-77.65000000000146,0.0
2022-04-29 10:58:00,BANKNIFTY,2022-04-29,10:58:00,36525.5,36526.3,36508.5,36509.8,36603.1,36441.0,162.09999999999854,,Sell,2,1,0,,,,36441.0,36603.1,36437.758,0,0,0,0.0,0.0,0.0,0,1,0,0.0,0.0,0.0,0.0,0.0,0.0,-67.5,0.0
2022-04-29 10:59:00,BANKNIFTY,2022-04-29,10:59:00,36508.7,36517.35,36507.2,36516.25,36603.1,36441.0,162.09999999999854,,Sell,2,1,0,,,,36441.0,36603.1,36437.758,0,0,0,0.0,0.0,0.0,0,1,0,0.0,0.0,0.0,0.0,0.0,0.0,-66.19999999999709,0.0
2022-04-29 11:00:00,BANKNIFTY,2022-04-29,11:00:00,36515.0,36518.35,36509.5,36509.5,36603.1,36441.0,162.09999999999854,,Sell,2,1,0,,,,36441.0,36603.1,36437.758,0,0,0,0.0,0.0,0.0,0,1,0,0.0,0.0,0.0,0.0,0.0,0.0,-68.5,0.0
2022-04-29 11:01:00,BANKNIFTY,2022-04-29,11:01:00,36512.7,36514.45,36494.05,36501.05,36603.1,36441.0,162.09999999999854,,Sell,2,1,0,,,,36441.0,36603.1,36437.758,0,0,0,0.0,0.0,0.0,0,1,0,0.0,0.0,0.0,0.0,0.0,0.0,-53.05000000000291,0.0
2022-04-29 11:02:00,BANKNIFTY,2022-04-29,11:02:00,36498.7,36507.65,36492.15,36498.6,36603.1,36441.0,162.09999999999854,,Sell,2,1,0,,,,36441.0,36603.1,36437.758,0,0,0,0.0,0.0,0.0,0,1,0,0.0,0.0,0.0,0.0,0.0,0.0,-51.150000000001455,0.0
2022-04-29 11:03:00,BANKNIFTY,2022-04-29,11:03:00,36497.85,36498.35,36470.6,36475.6,36603.1,36441.0,162.09999999999854,,Sell,2,1,0,,,,36441.0,36603.1,36437.758,0,0,0,0.0,0.0,0.0,0,1,0,0.0,0.0,0.0,0.0,0.0,0.0,-29.599999999998545,0.0
2022-04-29 11:04:00,BANKNIFTY,2022-04-29,11:04:00,36479.8,36489.35,36473.35,36485.2,36603.1,36441.0,162.09999999999854,,Sell,2,1,0,,,,36441.0,36603.1,36437.758,0,0,0,0.0,0.0,0.0,0,1,0,0.0,0.0,0.0,0.0,0.0,0.0,-32.349999999998545,0.0
2022-04-29 11:05:00,BANKNIFTY,2022-04-29,11:05:00,36486.8,36489.95,36474.15,36478.95,36603.1,36441.0,162.09999999999854,,Sell,2,1,0,,,,36441.0,36603.1,36437.758,0,0,0,0.0,0.0,0.0,0,1,0,0.0,0.0,0.0,0.0,0.0,0.0,-33.150000000001455,0.0
2022-04-29 11:06:00,BANKNIFTY,2022-04-29,11:06:00,36476.5,36493.3,36474.95,36490.15,36603.1,36441.0,162.09999999999854,,Sell,2,1,0,,,,36441.0,36603.1,36437.758,0,0,0,0.0,0.0,0.0,0,1,0,0.0,0.0,0.0,0.0,0.0,0.0,-33.94999999999709,0.0
2022-04-29 11:07:00,BANKNIFTY,2022-04-29,11:07:00,36488.45,36503.3,36484.8,36496.5,36603.1,36441.0,162.09999999999854,,Sell,2,1,0,,,,36441.0,36603.1,36437.758,0,0,0,0.0,0.0,0.0,0,1,0,0.0,0.0,0.0,0.0,0.0,0.0,-43.80000000000291,0.0
2022-04-29 11:08:00,BANKNIFTY,2022-04-29,11:08:00,36495.0,36510.75,36495.0,36506.45,36603.1,36441.0,162.09999999999854,,Sell,2,1,0,,,,36441.0,36603.1,36437.758,0,0,0,0.0,0.0,0.0,0,1,0,0.0,0.0,0.0,0.0,0.0,0.0,-54.0,0.0
2022-04-29 11:09:00,BANKNIFTY,2022-04-29,11:09:00,36505.9,36517.4,36505.9,36514.15,36603.1,36441.0,162.09999999999854,,Sell,2,1,0,,,,36441.0,36603.1,36437.758,0,0,0,0.0,0.0,0.0,0,1,0,0.0,0.0,0.0,0.0,0.0,0.0,-64.90000000000146,0.0
2022-04-29 11:10:00,BANKNIFTY,2022-04-29,11:10:00,36512.65,36516.45,36503.15,36503.9,36603.1,36441.0,162.09999999999854,,Sell,2,1,0,,,,36441.0,36603.1,36437.758,0,0,0,0.0,0.0,0.0,0,1,0,0.0,0.0,0.0,0.0,0.0,0.0,-62.150000000001455,0.0
2022-04-29 11:11:00,BANKNIFTY,2022-04-29,11:11:00,36502.95,36512.1,36500.7,36503.55,36603.1,36441.0,162.09999999999854,,Sell,2,1,0,,,,36441.0,36603.1,36437.758,0,0,0,0.0,0.0,0.0,0,1,0,0.0,0.0,0.0,0.0,0.0,0.0,-59.69999999999709,0.0
2022-04-29 11:12:00,BANKNIFTY,2022-04-29,11:12:00,36504.3,36517.9,36496.0,36517.1,36603.1,36441.0,162.09999999999854,,Sell,2,1,0,,,,36441.0,36603.1,36437.758,0,0,0,0.0,0.0,0.0,0,1,0,0.0,0.0,0.0,0.0,0.0,0.0,-55.0,0.0
2022-04-29 11:13:00,BANKNIFTY,2022-04-29,11:13:00,36512.2,36557.05,36510.8,36556.15,36603.1,36441.0,162.09999999999854,,Sell,2,1,0,,,,36441.0,36603.1,36437.758,0,0,0,0.0,0.0,0.0,0,1,0,0.0,0.0,0.0,0.0,0.0,0.0,-69.80000000000291,0.0
2022-04-29 11:14:00,BANKNIFTY,2022-04-29,11:14:00,36552.5,36561.3,36535.55,36539.15,36603.1,36441.0,162.09999999999854,,Sell,2,1,0,,,,36441.0,36603.1,36437.758,0,0,0,0.0,0.0,0.0,0,1,0,0.0,0.0,0.0,0.0,0.0,0.0,-94.55000000000291,0.0
2022-04-29 11:15:00,BANKNIFTY,2022-04-29,11:15:00,36540.65,36551.15,36539.2,36548.0,36603.1,36441.0,162.09999999999854,,Sell,2,1,0,,,,36441.0,36603.1,36437.758,0,0,0,0.0,0.0,0.0,0,1,0,0.0,0.0,0.0,0.0,0.0,0.0,-98.19999999999709,0.0
2022-04-29 11:16:00,BANKNIFTY,2022-04-29,11:16:00,36541.0,36572.9,36539.75,36555.2,36603.1,36441.0,162.09999999999854,,Sell,2,1,0,,,,36441.0,36603.1,36437.758,0,0,0,0.0,0.0,0.0,0,1,0,0.0,0.0,0.0,0.0,0.0,0.0,-98.75,0.0
2022-04-29 11:17:00,BANKNIFTY,2022-04-29,11:17:00,36555.0,36560.65,36548.95,36555.5,36603.1,36441.0,162.09999999999854,,Sell,2,1,0,,,,36441.0,36603.1,36437.758,0,0,0,0.0,0.0,0.0,0,1,0,0.0,0.0,0.0,0.0,0.0,0.0,-107.94999999999709,0.0
2022-04-29 11:18:00,BANKNIFTY,2022-04-29,11:18:00,36556.35,36569.55,36554.85,36561.2,36603.1,36441.0,162.09999999999854,,Sell,2,1,0,,,,36441.0,36603.1,36437.758,0,0,0,0.0,0.0,0.0,0,1,0,0.0,0.0,0.0,0.0,0.0,0.0,-113.84999999999854,0.0
2022-04-29 11:19:00,BANKNIFTY,2022-04-29,11:19:00,36562.3,36577.9,36558.85,36560.6,36603.1,36441.0,162.09999999999854,,Sell,2,1,0,,,,36441.0,36603.1,36437.758,0,0,0,0.0,0.0,0.0,0,1,0,0.0,0.0,0.0,0.0,0.0,0.0,-117.84999999999854,0.0
2022-04-29 11:20:00,BANKNIFTY,2022-04-29,11:20:00,36562.05,36571.2,36547.75,36549.55,36603.1,36441.0,162.09999999999854,,Sell,2,1,0,,,,36441.0,36603.1,36437.758,0,0,0,0.0,0.0,0.0,0,1,0,0.0,0.0,0.0,0.0,0.0,0.0,-106.75,0.0
2022-04-29 11:21:00,BANKNIFTY,2022-04-29,11:21:00,36549.7,36555.35,36542.8,36547.6,36603.1,36441.0,162.09999999999854,,Sell,2,1,0,,,,36441.0,36603.1,36437.758,0,0,0,0.0,0.0,0.0,0,1,0,0.0,0.0,0.0,0.0,0.0,0.0,-101.80000000000291,0.0
2022-04-29 11:22:00,BANKNIFTY,2022-04-29,11:22:00,36549.45,36569.2,36540.75,36545.45,36603.1,36441.0,162.09999999999854,,Sell,2,1,0,,,,36441.0,36603.1,36437.758,0,0,0,0.0,0.0,0.0,0,1,0,0.0,0.0,0.0,0.0,0.0,0.0,-99.75,0.0
2022-04-29 11:23:00,BANKNIFTY,2022-04-29,11:23:00,36547.5,36547.5,36536.45,36541.5,36603.1,36441.0,162.09999999999854,,Sell,2,1,0,,,,36441.0,36603.1,36437.758,0,0,0,0.0,0.0,0.0,0,1,0,0.0,0.0,0.0,0.0,0.0,0.0,-95.44999999999709,0.0
2022-04-29 11:24:00,BANKNIFTY,2022-04-29,11:24:00,36541.0,36571.65,36541.0,36569.85,36603.1,36441.0,162.09999999999854,,Sell,2,1,0,,,,36441.0,36603.1,36437.758,0,0,0,0.0,0.0,0.0,0,1,0,0.0,0.0,0.0,0.0,0.0,0.0,-100.0,0.0
2022-04-29 11:25:00,BANKNIFTY,2022-04-29,11:25:00,36571.4,36589.65,36568.05,36569.85,36603.1,36441.0,162.09999999999854,,Sell,2,1,0,,,,36441.0,36603.1,36437.758,0,0,0,0.0,0.0,0.0,0,1,0,0.0,0.0,0.0,0.0,0.0,0.0,-127.05000000000291,0.0
2022-04-29 11:26:00,BANKNIFTY,2022-04-29,11:26:00,36571.45,36574.25,36556.15,36571.55,36603.1,36441.0,162.09999999999854,,Sell,2,1,0,,,,36441.0,36603.1,36437.758,0,0,0,0.0,0.0,0.0,0,1,0,0.0,0.0,0.0,0.0,0.0,0.0,-115.15000000000146,0.0
2022-04-29 11:27:00,BANKNIFTY,2022-04-29,11:27:00,36572.45,36596.45,36571.35,36580.4,36603.1,36441.0,162.09999999999854,,Sell,2,1,0,,,,36441.0,36603.1,36437.758,0,0,0,0.0,0.0,0.0,0,1,0,0.0,0.0,0.0,0.0,0.0,0.0,-130.34999999999854,0.0
2022-04-29 11:28:00,BANKNIFTY,2022-04-29,11:28:00,36582.95,36588.2,36567.15,36571.9,36603.1,36441.0,162.09999999999854,,Sell,2,1,0,,,,36441.0,36603.1,36437.758,0,0,0,0.0,0.0,0.0,0,1,0,0.0,0.0,0.0,0.0,0.0,0.0,-126.15000000000146,0.0
2022-04-29 11:29:00,BANKNIFTY,2022-04-29,11:29:00,36567.75,36573.45,36561.35,36566.55,36603.1,36441.0,162.09999999999854,,Sell,2,1,0,,,,36441.0,36603.1,36437.758,0,0,0,0.0,0.0,0.0,0,1,0,0.0,0.0,0.0,0.0,0.0,0.0,-120.34999999999854,0.0
2022-04-29 11:30:00,BANKNIFTY,2022-04-29,11:30:00,36568.05,36568.6,36552.95,36552.95,36603.1,36441.0,162.09999999999854,,Sell,2,1,0,,,,36441.0,36603.1,36437.758,0,0,0,0.0,0.0,0.0,0,1,0,0.0,0.0,0.0,0.0,0.0,0.0,-111.94999999999709,0.0
2022-04-29 11:31:00,BANKNIFTY,2022-04-29,11:31:00,36555.5,36580.9,36554.65,36578.2,36603.1,36441.0,162.09999999999854,,Sell,2,1,0,,,,36441.0,36603.1,36437.758,0,0,0,0.0,0.0,0.0,0,1,0,0.0,0.0,0.0,0.0,0.0,0.0,-113.65000000000146,0.0
2022-04-29 11:32:00,BANKNIFTY,2022-04-29,11:32:00,36576.55,36581.2,36554.2,36562.9,36603.1,36441.0,162.09999999999854,,Sell,2,1,0,,,,36441.0,36603.1,36437.758,0,0,0,0.0,0.0,0.0,0,1,0,0.0,0.0,0.0,0.0,0.0,0.0,-113.19999999999709,0.0
2022-04-29 11:33:00,BANKNIFTY,2022-04-29,11:33:00,36565.25,36578.0,36565.25,36572.8,36603.1,36441.0,162.09999999999854,,Sell,2,1,0,,,,36441.0,36603.1,36437.758,0,0,0,0.0,0.0,0.0,0,1,0,0.0,0.0,0.0,0.0,0.0,0.0,-124.25,0.0
2022-04-29 11:34:00,BANKNIFTY,2022-04-29,11:34:00,36573.2,36589.9,36564.15,36589.9,36603.1,36441.0,162.09999999999854,,Sell,2,1,0,,,,36441.0,36603.1,36437.758,0,0,0,0.0,0.0,0.0,0,1,0,0.0,0.0,0.0,0.0,0.0,0.0,-123.15000000000146,0.0
2022-04-29 11:35:00,BANKNIFTY,2022-04-29,11:35:00,36590.25,36634.0,36590.25,36632.25,36603.1,36441.0,162.09999999999854,Buy,Buy,3,0,0,,,,,,,0,0,0,0.0,0.0,0.0,1,1,0,0.0,0.0,0.0,0.0,0.0,0.0,0.0,0.0
2022-04-29 11:36:00,BANKNIFTY,2022-04-29,11:36:00,36631.7,36656.55,36631.6,36643.35,36603.1,36441.0,162.09999999999854,Buy,Buy,3,0,0,,,,,,,0,0,0,0.0,0.0,0.0,0,0,0,0.0,0.0,0.0,0.0,0.0,0.0,0.0,0.0
2022-04-29 11:37:00,BANKNIFTY,2022-04-29,11:37:00,36646.95,36659.7,36642.6,36642.6,36603.1,36441.0,162.09999999999854,Buy,Buy,3,0,0,,,,,,,0,0,0,0.0,0.0,0.0,0,0,0,0.0,0.0,0.0,0.0,0.0,0.0,0.0,0.0
2022-04-29 11:38:00,BANKNIFTY,2022-04-29,11:38:00,36645.45,36659.85,36644.75,36646.9,36603.1,36441.0,162.09999999999854,Buy,Buy,3,0,0,,,,,,,0,0,0,0.0,0.0,0.0,0,0,0,0.0,0.0,0.0,0.0,0.0,0.0,0.0,0.0
2022-04-29 11:39:00,BANKNIFTY,2022-04-29,11:39:00,36647.45,36652.7,36640.7,36648.65,36603.1,36441.0,162.09999999999854,Buy,Buy,3,0,0,,,,,,,0,0,0,0.0,0.0,0.0,0,0,0,0.0,0.0,0.0,0.0,0.0,0.0,0.0,0.0
2022-04-29 11:40:00,BANKNIFTY,2022-04-29,11:40:00,36648.8,36664.1,36645.05,36663.35,36603.1,36441.0,162.09999999999854,Buy,Buy,3,0,0,,,,,,,0,0,0,0.0,0.0,0.0,0,0,0,0.0,0.0,0.0,0.0,0.0,0.0,0.0,0.0
2022-04-29 11:41:00,BANKNIFTY,2022-04-29,11:41:00,36665.65,36678.35,36655.9,36666.95,36603.1,36441.0,162.09999999999854,Buy,Buy,3,0,0,,,,,,,0,0,0,0.0,0.0,0.0,0,0,0,0.0,0.0,0.0,0.0,0.0,0.0,0.0,0.0
2022-04-29 11:42:00,BANKNIFTY,2022-04-29,11:42:00,36669.3,36669.95,36650.65,36651.9,36603.1,36441.0,162.09999999999854,Buy,Buy,3,0,0,,,,,,,0,0,0,0.0,0.0,0.0,0,0,0,0.0,0.0,0.0,0.0,0.0,0.0,0.0,0.0
2022-04-29 11:43:00,BANKNIFTY,2022-04-29,11:43:00,36649.7,36651.85,36632.85,36633.6,36603.1,36441.0,162.09999999999854,Buy,Buy,3,0,0,,,,,,,0,0,0,0.0,0.0,0.0,0,0,0,0.0,0.0,0.0,0.0,0.0,0.0,0.0,0.0
2022-04-29 11:44:00,BANKNIFTY,2022-04-29,11:44:00,36631.85,36651.1,36631.85,36645.15,36603.1,36441.0,162.09999999999854,Buy,Buy,3,0,0,,,,,,,0,0,0,0.0,0.0,0.0,0,0,0,0.0,0.0,0.0,0.0,0.0,0.0,0.0,0.0
2022-04-29 11:45:00,BANKNIFTY,2022-04-29,11:45:00,36644.65,36654.0,36640.95,36645.85,36603.1,36441.0,162.09999999999854,Buy,Buy,3,0,0,,,,,,,0,0,0,0.0,0.0,0.0,0,0,0,0.0,0.0,0.0,0.0,0.0,0.0,0.0,0.0
2022-04-29 11:46:00,BANKNIFTY,2022-04-29,11:46:00,36644.55,36651.75,36640.45,36645.2,36603.1,36441.0,162.09999999999854,Buy,Buy,3,0,0,,,,,,,0,0,0,0.0,0.0,0.0,0,0,0,0.0,0.0,0.0,0.0,0.0,0.0,0.0,0.0
2022-04-29 11:47:00,BANKNIFTY,2022-04-29,11:47:00,36643.25,36655.0,36642.4,36646.95,36603.1,36441.0,162.09999999999854,Buy,Buy,3,0,0,,,,,,,0,0,0,0.0,0.0,0.0,0,0,0,0.0,0.0,0.0,0.0,0.0,0.0,0.0,0.0
2022-04-29 11:48:00,BANKNIFTY,2022-04-29,11:48:00,36649.9,36660.55,36639.7,36657.4,36603.1,36441.0,162.09999999999854,Buy,Buy,3,0,0,,,,,,,0,0,0,0.0,0.0,0.0,0,0,0,0.0,0.0,0.0,0.0,0.0,0.0,0.0,0.0
2022-04-29 11:49:00,BANKNIFTY,2022-04-29,11:49:00,36651.65,36669.1,36641.95,36664.7,36603.1,36441.0,162.09999999999854,Buy,Buy,3,0,0,,,,,,,0,0,0,0.0,0.0,0.0,0,0,0,0.0,0.0,0.0,0.0,0.0,0.0,0.0,0.0
2022-04-29 11:50:00,BANKNIFTY,2022-04-29,11:50:00,36664.65,36712.5,36664.65,36710.8,36603.1,36441.0,162.09999999999854,Buy,Buy,3,0,0,,,,,,,0,0,0,0.0,0.0,0.0,0,0,0,0.0,0.0,0.0,0.0,0.0,0.0,0.0,0.0
2022-04-29 11:51:00,BANKNIFTY,2022-04-29,11:51:00,36707.35,36718.8,36694.95,36694.95,36603.1,36441.0,162.09999999999854,Buy,Buy,3,0,0,,,,,,,0,0,0,0.0,0.0,0.0,0,0,0,0.0,0.0,0.0,0.0,0.0,0.0,0.0,0.0
2022-04-29 11:52:00,BANKNIFTY,2022-04-29,11:52:00,36695.55,36706.65,36690.9,36691.95,36603.1,36441.0,162.09999999999854,Buy,Buy,3,0,0,,,,,,,0,0,0,0.0,0.0,0.0,0,0,0,0.0,0.0,0.0,0.0,0.0,0.0,0.0,0.0
2022-04-29 11:53:00,BANKNIFTY,2022-04-29,11:53:00,36691.6,36696.1,36683.9,36695.05,36603.1,36441.0,162.09999999999854,Buy,Buy,3,0,0,,,,,,,0,0,0,0.0,0.0,0.0,0,0,0,0.0,0.0,0.0,0.0,0.0,0.0,0.0,0.0
2022-04-29 11:54:00,BANKNIFTY,2022-04-29,11:54:00,36688.05,36695.55,36681.95,36691.4,36603.1,36441.0,162.09999999999854,Buy,Buy,3,0,0,,,,,,,0,0,0,0.0,0.0,0.0,0,0,0,0.0,0.0,0.0,0.0,0.0,0.0,0.0,0.0
2022-04-29 11:55:00,BANKNIFTY,2022-04-29,11:55:00,36688.4,36701.0,36686.75,36689.55,36603.1,36441.0,162.09999999999854,Buy,Buy,3,0,0,,,,,,,0,0,0,0.0,0.0,0.0,0,0,0,0.0,0.0,0.0,0.0,0.0,0.0,0.0,0.0
2022-04-29 11:56:00,BANKNIFTY,2022-04-29,11:56:00,36691.95,36701.65,36677.75,36678.15,36603.1,36441.0,162.09999999999854,Buy,Buy,3,0,0,,,,,,,0,0,0,0.0,0.0,0.0,0,0,0,0.0,0.0,0.0,0.0,0.0,0.0,0.0,0.0
2022-04-29 11:57:00,BANKNIFTY,2022-04-29,11:57:00,36678.2,36683.4,36673.8,36676.1,36603.1,36441.0,162.09999999999854,Buy,Buy,3,0,0,,,,,,,0,0,0,0.0,0.0,0.0,0,0,0,0.0,0.0,0.0,0.0,0.0,0.0,0.0,0.0
2022-04-29 11:58:00,BANKNIFTY,2022-04-29,11:58:00,36675.5,36675.5,36637.5,36637.5,36603.1,36441.0,162.09999999999854,Buy,Buy,3,0,0,,,,,,,0,0,0,0.0,0.0,0.0,0,0,0,0.0,0.0,0.0,0.0,0.0,0.0,0.0,0.0
2022-04-29 11:59:00,BANKNIFTY,2022-04-29,11:59:00,36631.05,36648.15,36631.05,36645.9,36603.1,36441.0,162.09999999999854,Buy,Buy,3,0,0,,,,,,,0,0,0,0.0,0.0,0.0,0,0,0,0.0,0.0,0.0,0.0,0.0,0.0,0.0,0.0
2022-04-29 12:00:00,BANKNIFTY,2022-04-29,12:00:00,36645.05,36646.8,36639.0,36643.25,36603.1,36441.0,162.09999999999854,Buy,Buy,3,0,0,,,,,,,0,0,0,0.0,0.0,0.0,0,0,0,0.0,0.0,0.0,0.0,0.0,0.0,0.0,0.0
2022-04-29 12:01:00,BANKNIFTY,2022-04-29,12:01:00,36642.0,36643.15,36615.45,36616.85,36603.1,36441.0,162.09999999999854,Buy,Buy,3,0,0,,,,,,,0,0,0,0.0,0.0,0.0,0,0,0,0.0,0.0,0.0,0.0,0.0,0.0,0.0,0.0
2022-04-29 12:02:00,BANKNIFTY,2022-04-29,12:02:00,36622.2,36638.7,36605.5,36632.95,36603.1,36441.0,162.09999999999854,Buy,Buy,3,0,0,,,,,,,0,0,0,0.0,0.0,0.0,0,0,0,0.0,0.0,0.0,0.0,0.0,0.0,0.0,0.0
2022-04-29 12:03:00,BANKNIFTY,2022-04-29,12:03:00,36633.1,36640.05,36629.0,36635.35,36603.1,36441.0,162.09999999999854,Buy,Buy,3,0,0,,,,,,,0,0,0,0.0,0.0,0.0,0,0,0,0.0,0.0,0.0,0.0,0.0,0.0,0.0,0.0
2022-04-29 12:04:00,BANKNIFTY,2022-04-29,12:04:00,36637.05,36644.55,36630.1,36632.55,36603.1,36441.0,162.09999999999854,Buy,Buy,3,0,0,,,,,,,0,0,0,0.0,0.0,0.0,0,0,0,0.0,0.0,0.0,0.0,0.0,0.0,0.0,0.0
2022-04-29 12:05:00,BANKNIFTY,2022-04-29,12:05:00,36635.15,36639.2,36615.95,36617.2,36603.1,36441.0,162.09999999999854,Buy,Buy,3,0,0,,,,,,,0,0,0,0.0,0.0,0.0,0,0,0,0.0,0.0,0.0,0.0,0.0,0.0,0.0,0.0
2022-04-29 12:06:00,BANKNIFTY,2022-04-29,12:06:00,36616.45,36630.4,36602.45,36627.45,36603.1,36441.0,162.09999999999854,Buy,Buy,3,0,0,,,,,,,0,0,0,0.0,0.0,0.0,0,0,0,0.0,0.0,0.0,0.0,0.0,0.0,0.0,0.0
2022-04-29 12:07:00,BANKNIFTY,2022-04-29,12:07:00,36624.85,36651.25,36624.85,36649.4,36603.1,36441.0,162.09999999999854,Buy,Buy,3,0,0,,,,,,,0,0,0,0.0,0.0,0.0,0,0,0,0.0,0.0,0.0,0.0,0.0,0.0,0.0,0.0
2022-04-29 12:08:00,BANKNIFTY,2022-04-29,12:08:00,36646.5,36659.4,36645.8,36656.5,36603.1,36441.0,162.09999999999854,Buy,Buy,3,0,0,,,,,,,0,0,0,0.0,0.0,0.0,0,0,0,0.0,0.0,0.0,0.0,0.0,0.0,0.0,0.0
2022-04-29 12:09:00,BANKNIFTY,2022-04-29,12:09:00,36653.1,36662.05,36650.5,36652.2,36603.1,36441.0,162.09999999999854,Buy,Buy,3,0,0,,,,,,,0,0,0,0.0,0.0,0.0,0,0,0,0.0,0.0,0.0,0.0,0.0,0.0,0.0,0.0
2022-04-29 12:10:00,BANKNIFTY,2022-04-29,12:10:00,36654.55,36663.65,36654.0,36659.8,36603.1,36441.0,162.09999999999854,Buy,Buy,3,0,0,,,,,,,0,0,0,0.0,0.0,0.0,0,0,0,0.0,0.0,0.0,0.0,0.0,0.0,0.0,0.0
2022-04-29 12:11:00,BANKNIFTY,2022-04-29,12:11:00,36658.8,36664.45,36656.45,36658.7,36603.1,36441.0,162.09999999999854,Buy,Buy,3,0,0,,,,,,,0,0,0,0.0,0.0,0.0,0,0,0,0.0,0.0,0.0,0.0,0.0,0.0,0.0,0.0
2022-04-29 12:12:00,BANKNIFTY,2022-04-29,12:12:00,36658.35,36664.75,36651.5,36657.35,36603.1,36441.0,162.09999999999854,Buy,Buy,3,0,0,,,,,,,0,0,0,0.0,0.0,0.0,0,0,0,0.0,0.0,0.0,0.0,0.0,0.0,0.0,0.0
2022-04-29 12:13:00,BANKNIFTY,2022-04-29,12:13:00,36658.1,36662.4,36638.35,36638.95,36603.1,36441.0,162.09999999999854,Buy,Buy,3,0,0,,,,,,,0,0,0,0.0,0.0,0.0,0,0,0,0.0,0.0,0.0,0.0,0.0,0.0,0.0,0.0
2022-04-29 12:14:00,BANKNIFTY,2022-04-29,12:14:00,36639.4,36645.95,36631.15,36632.35,36603.1,36441.0,162.09999999999854,Buy,Buy,3,0,0,,,,,,,0,0,0,0.0,0.0,0.0,0,0,0,0.0,0.0,0.0,0.0,0.0,0.0,0.0,0.0
2022-04-29 12:15:00,BANKNIFTY,2022-04-29,12:15:00,36637.0,36643.45,36633.45,36634.85,36603.1,36441.0,162.09999999999854,Buy,Buy,3,0,0,,,,,,,0,0,0,0.0,0.0,0.0,0,0,0,0.0,0.0,0.0,0.0,0.0,0.0,0.0,0.0
2022-04-29 12:16:00,BANKNIFTY,2022-04-29,12:16:00,36637.3,36644.65,36631.6,36637.9,36603.1,36441.0,162.09999999999854,Buy,Buy,3,0,0,,,,,,,0,0,0,0.0,0.0,0.0,0,0,0,0.0,0.0,0.0,0.0,0.0,0.0,0.0,0.0
2022-04-29 12:17:00,BANKNIFTY,2022-04-29,12:17:00,36639.35,36645.95,36634.75,36637.9,36603.1,36441.0,162.09999999999854,Buy,Buy,3,0,0,,,,,,,0,0,0,0.0,0.0,0.0,0,0,0,0.0,0.0,0.0,0.0,0.0,0.0,0.0,0.0
2022-04-29 12:18:00,BANKNIFTY,2022-04-29,12:18:00,36637.1,36645.4,36637.1,36641.9,36603.1,36441.0,162.09999999999854,Buy,Buy,3,0,0,,,,,,,0,0,0,0.0,0.0,0.0,0,0,0,0.0,0.0,0.0,0.0,0.0,0.0,0.0,0.0
2022-04-29 12:19:00,BANKNIFTY,2022-04-29,12:19:00,36643.9,36654.5,36638.0,36638.0,36603.1,36441.0,162.09999999999854,Buy,Buy,3,0,0,,,,,,,0,0,0,0.0,0.0,0.0,0,0,0,0.0,0.0,0.0,0.0,0.0,0.0,0.0,0.0
2022-04-29 12:20:00,BANKNIFTY,2022-04-29,12:20:00,36644.25,36645.4,36621.1,36623.15,36603.1,36441.0,162.09999999999854,Buy,Buy,3,0,0,,,,,,,0,0,0,0.0,0.0,0.0,0,0,0,0.0,0.0,0.0,0.0,0.0,0.0,0.0,0.0
2022-04-29 12:21:00,BANKNIFTY,2022-04-29,12:21:00,36621.3,36623.55,36569.3,36587.4,36603.1,36441.0,162.09999999999854,Buy,Buy,3,0,0,,,,,,,0,0,0,0.0,0.0,0.0,0,0,0,0.0,0.0,0.0,0.0,0.0,0.0,0.0,0.0
2022-04-29 12:22:00,BANKNIFTY,2022-04-29,12:22:00,36593.45,36615.6,36593.45,36614.9,36603.1,36441.0,162.09999999999854,Buy,Buy,3,0,0,,,,,,,0,0,0,0.0,0.0,0.0,0,0,0,0.0,0.0,0.0,0.0,0.0,0.0,0.0,0.0
2022-04-29 12:23:00,BANKNIFTY,2022-04-29,12:23:00,36611.45,36621.9,36608.8,36618.85,36603.1,36441.0,162.09999999999854,Buy,Buy,3,0,0,,,,,,,0,0,0,0.0,0.0,0.0,0,0,0,0.0,0.0,0.0,0.0,0.0,0.0,0.0,0.0
2022-04-29 12:24:00,BANKNIFTY,2022-04-29,12:24:00,36620.3,36627.3,36612.9,36612.9,36603.1,36441.0,162.09999999999854,Buy,Buy,3,0,0,,,,,,,0,0,0,0.0,0.0,0.0,0,0,0,0.0,0.0,0.0,0.0,0.0,0.0,0.0,0.0
2022-04-29 12:25:00,BANKNIFTY,2022-04-29,12:25:00,36617.4,36634.45,36616.35,36629.9,36603.1,36441.0,162.09999999999854,Buy,Buy,3,0,0,,,,,,,0,0,0,0.0,0.0,0.0,0,0,0,0.0,0.0,0.0,0.0,0.0,0.0,0.0,0.0
2022-04-29 12:26:00,BANKNIFTY,2022-04-29,12:26:00,36630.05,36644.45,36624.75,36642.65,36603.1,36441.0,162.09999999999854,Buy,Buy,3,0,0,,,,,,,0,0,0,0.0,0.0,0.0,0,0,0,0.0,0.0,0.0,0.0,0.0,0.0,0.0,0.0
2022-04-29 12:27:00,BANKNIFTY,2022-04-29,12:27:00,36644.6,36644.6,36596.05,36605.05,36603.1,36441.0,162.09999999999854,Buy,Buy,3,0,0,,,,,,,0,0,0,0.0,0.0,0.0,0,0,0,0.0,0.0,0.0,0.0,0.0,0.0,0.0,0.0
2022-04-29 12:28:00,BANKNIFTY,2022-04-29,12:28:00,36606.85,36621.75,36606.85,36610.3,36603.1,36441.0,162.09999999999854,Buy,Buy,3,0,0,,,,,,,0,0,0,0.0,0.0,0.0,0,0,0,0.0,0.0,0.0,0.0,0.0,0.0,0.0,0.0
2022-04-29 12:29:00,BANKNIFTY,2022-04-29,12:29:00,36610.2,36619.5,36609.85,36618.55,36603.1,36441.0,162.09999999999854,Buy,Buy,3,0,0,,,,,,,0,0,0,0.0,0.0,0.0,0,0,0,0.0,0.0,0.0,0.0,0.0,0.0,0.0,0.0
2022-04-29 12:30:00,BANKNIFTY,2022-04-29,12:30:00,36616.8,36622.85,36597.6,36597.75,36603.1,36441.0,162.09999999999854,Buy,Buy,3,0,0,,,,,,,0,0,0,0.0,0.0,0.0,0,0,0,0.0,0.0,0.0,0.0,0.0,0.0,0.0,0.0
2022-04-29 12:31:00,BANKNIFTY,2022-04-29,12:31:00,36595.85,36605.4,36592.7,36592.7,36603.1,36441.0,162.09999999999854,Buy,Buy,3,0,0,,,,,,,0,0,0,0.0,0.0,0.0,0,0,0,0.0,0.0,0.0,0.0,0.0,0.0,0.0,0.0
2022-04-29 12:32:00,BANKNIFTY,2022-04-29,12:32:00,36592.9,36601.0,36577.8,36577.8,36603.1,36441.0,162.09999999999854,,Buy,3,0,0,,,,,,,0,0,0,0.0,0.0,0.0,0,0,0,0.0,0.0,0.0,0.0,0.0,0.0,0.0,0.0
2022-04-29 12:33:00,BANKNIFTY,2022-04-29,12:33:00,36579.8,36586.15,36573.6,36575.8,36603.1,36441.0,162.09999999999854,,Buy,3,0,0,,,,,,,0,0,0,0.0,0.0,0.0,0,0,0,0.0,0.0,0.0,0.0,0.0,0.0,0.0,0.0
2022-04-29 12:34:00,BANKNIFTY,2022-04-29,12:34:00,36572.95,36572.95,36556.5,36566.3,36603.1,36441.0,162.09999999999854,,Buy,3,0,0,,,,,,,0,0,0,0.0,0.0,0.0,0,0,0,0.0,0.0,0.0,0.0,0.0,0.0,0.0,0.0
2022-04-29 12:35:00,BANKNIFTY,2022-04-29,12:35:00,36566.15,36570.15,36556.1,36558.7,36603.1,36441.0,162.09999999999854,,Buy,3,0,0,,,,,,,0,0,0,0.0,0.0,0.0,0,0,0,0.0,0.0,0.0,0.0,0.0,0.0,0.0,0.0
2022-04-29 12:36:00,BANKNIFTY,2022-04-29,12:36:00,36560.35,36594.95,36553.7,36588.3,36603.1,36441.0,162.09999999999854,,Buy,3,0,0,,,,,,,0,0,0,0.0,0.0,0.0,0,0,0,0.0,0.0,0.0,0.0,0.0,0.0,0.0,0.0
2022-04-29 12:37:00,BANKNIFTY,2022-04-29,12:37:00,36591.85,36605.4,36583.9,36598.0,36603.1,36441.0,162.09999999999854,Buy,Buy,3,0,0,,,,,,,0,0,0,0.0,0.0,0.0,0,0,0,0.0,0.0,0.0,0.0,0.0,0.0,0.0,0.0
2022-04-29 12:38:00,BANKNIFTY,2022-04-29,12:38:00,36593.05,36597.45,36574.25,36580.35,36603.1,36441.0,162.09999999999854,,Buy,3,0,0,,,,,,,0,0,0,0.0,0.0,0.0,0,0,0,0.0,0.0,0.0,0.0,0.0,0.0,0.0,0.0
2022-04-29 12:39:00,BANKNIFTY,2022-04-29,12:39:00,36585.35,36592.1,36579.5,36586.6,36603.1,36441.0,162.09999999999854,,Buy,3,0,0,,,,,,,0,0,0,0.0,0.0,0.0,0,0,0,0.0,0.0,0.0,0.0,0.0,0.0,0.0,0.0
2022-04-29 12:40:00,BANKNIFTY,2022-04-29,12:40:00,36587.5,36621.4,36587.5,36621.4,36603.1,36441.0,162.09999999999854,Buy,Buy,3,0,0,,,,,,,0,0,0,0.0,0.0,0.0,0,0,0,0.0,0.0,0.0,0.0,0.0,0.0,0.0,0.0
2022-04-29 12:41:00,BANKNIFTY,2022-04-29,12:41:00,36619.35,36627.8,36616.0,36618.2,36603.1,36441.0,162.09999999999854,Buy,Buy,3,0,0,,,,,,,0,0,0,0.0,0.0,0.0,0,0,0,0.0,0.0,0.0,0.0,0.0,0.0,0.0,0.0
2022-04-29 12:42:00,BANKNIFTY,2022-04-29,12:42:00,36612.7,36615.85,36596.8,36601.25,36603.1,36441.0,162.09999999999854,Buy,Buy,3,0,0,,,,,,,0,0,0,0.0,0.0,0.0,0,0,0,0.0,0.0,0.0,0.0,0.0,0.0,0.0,0.0
2022-04-29 12:43:00,BANKNIFTY,2022-04-29,12:43:00,36599.75,36607.4,36599.75,36607.4,36603.1,36441.0,162.09999999999854,Buy,Buy,3,0,0,,,,,,,0,0,0,0.0,0.0,0.0,0,0,0,0.0,0.0,0.0,0.0,0.0,0.0,0.0,0.0
2022-04-29 12:44:00,BANKNIFTY,2022-04-29,12:44:00,36608.0,36615.45,36603.35,36605.05,36603.1,36441.0,162.09999999999854,Buy,Buy,3,0,0,,,,,,,0,0,0,0.0,0.0,0.0,0,0,0,0.0,0.0,0.0,0.0,0.0,0.0,0.0,0.0
2022-04-29 12:45:00,BANKNIFTY,2022-04-29,12:45:00,36604.15,36610.4,36602.65,36604.8,36603.1,36441.0,162.09999999999854,Buy,Buy,3,0,0,,,,,,,0,0,0,0.0,0.0,0.0,0,0,0,0.0,0.0,0.0,0.0,0.0,0.0,0.0,0.0
2022-04-29 12:46:00,BANKNIFTY,2022-04-29,12:46:00,36602.1,36611.15,36594.55,36596.65,36603.1,36441.0,162.09999999999854,Buy,Buy,3,0,0,,,,,,,0,0,0,0.0,0.0,0.0,0,0,0,0.0,0.0,0.0,0.0,0.0,0.0,0.0,0.0
2022-04-29 12:47:00,BANKNIFTY,2022-04-29,12:47:00,36599.25,36604.35,36590.75,36596.45,36603.1,36441.0,162.09999999999854,Buy,Buy,3,0,0,,,,,,,0,0,0,0.0,0.0,0.0,0,0,0,0.0,0.0,0.0,0.0,0.0,0.0,0.0,0.0
2022-04-29 12:48:00,BANKNIFTY,2022-04-29,12:48:00,36598.85,36607.45,36593.9,36603.95,36603.1,36441.0,162.09999999999854,Buy,Buy,3,0,0,,,,,,,0,0,0,0.0,0.0,0.0,0,0,0,0.0,0.0,0.0,0.0,0.0,0.0,0.0,0.0
2022-04-29 12:49:00,BANKNIFTY,2022-04-29,12:49:00,36601.75,36607.55,36593.2,36601.5,36603.1,36441.0,162.09999999999854,Buy,Buy,3,0,0,,,,,,,0,0,0,0.0,0.0,0.0,0,0,0,0.0,0.0,0.0,0.0,0.0,0.0,0.0,0.0
2022-04-29 12:50:00,BANKNIFTY,2022-04-29,12:50:00,36602.45,36630.9,36602.45,36630.9,36603.1,36441.0,162.09999999999854,Buy,Buy,3,0,0,,,,,,,0,0,0,0.0,0.0,0.0,0,0,0,0.0,0.0,0.0,0.0,0.0,0.0,0.0,0.0
2022-04-29 12:51:00,BANKNIFTY,2022-04-29,12:51:00,36632.5,36649.3,36632.5,36642.3,36603.1,36441.0,162.09999999999854,Buy,Buy,3,0,0,,,,,,,0,0,0,0.0,0.0,0.0,0,0,0,0.0,0.0,0.0,0.0,0.0,0.0,0.0,0.0
2022-04-29 12:52:00,BANKNIFTY,2022-04-29,12:52:00,36638.9,36642.05,36626.45,36633.55,36603.1,36441.0,162.09999999999854,Buy,Buy,3,0,0,,,,,,,0,0,0,0.0,0.0,0.0,0,0,0,0.0,0.0,0.0,0.0,0.0,0.0,0.0,0.0
2022-04-29 12:53:00,BANKNIFTY,2022-04-29,12:53:00,36633.15,36643.75,36630.15,36640.45,36603.1,36441.0,162.09999999999854,Buy,Buy,3,0,0,,,,,,,0,0,0,0.0,0.0,0.0,0,0,0,0.0,0.0,0.0,0.0,0.0,0.0,0.0,0.0
2022-04-29 12:54:00,BANKNIFTY,2022-04-29,12:54:00,36640.75,36640.75,36632.65,36637.95,36603.1,36441.0,162.09999999999854,Buy,Buy,3,0,0,,,,,,,0,0,0,0.0,0.0,0.0,0,0,0,0.0,0.0,0.0,0.0,0.0,0.0,0.0,0.0
2022-04-29 12:55:00,BANKNIFTY,2022-04-29,12:55:00,36636.85,36636.85,36625.4,36630.0,36603.1,36441.0,162.09999999999854,Buy,Buy,3,0,0,,,,,,,0,0,0,0.0,0.0,0.0,0,0,0,0.0,0.0,0.0,0.0,0.0,0.0,0.0,0.0
2022-04-29 12:56:00,BANKNIFTY,2022-04-29,12:56:00,36631.85,36643.2,36624.35,36634.7,36603.1,36441.0,162.09999999999854,Buy,Buy,3,0,0,,,,,,,0,0,0,0.0,0.0,0.0,0,0,0,0.0,0.0,0.0,0.0,0.0,0.0,0.0,0.0
2022-04-29 12:57:00,BANKNIFTY,2022-04-29,12:57:00,36635.8,36661.55,36635.15,36651.15,36603.1,36441.0,162.09999999999854,Buy,Buy,3,0,0,,,,,,,0,0,0,0.0,0.0,0.0,0,0,0,0.0,0.0,0.0,0.0,0.0,0.0,0.0,0.0
2022-04-29 12:58:00,BANKNIFTY,2022-04-29,12:58:00,36649.7,36656.1,36647.15,36650.95,36603.1,36441.0,162.09999999999854,Buy,Buy,3,0,0,,,,,,,0,0,0,0.0,0.0,0.0,0,0,0,0.0,0.0,0.0,0.0,0.0,0.0,0.0,0.0
2022-04-29 12:59:00,BANKNIFTY,2022-04-29,12:59:00,36650.8,36652.4,36637.2,36640.0,36603.1,36441.0,162.09999999999854,Buy,Buy,3,0,0,,,,,,,0,0,0,0.0,0.0,0.0,0,0,0,0.0,0.0,0.0,0.0,0.0,0.0,0.0,0.0
2022-04-29 13:00:00,BANKNIFTY,2022-04-29,13:00:00,36639.0,36671.25,36638.95,36668.35,36603.1,36441.0,162.09999999999854,Buy,Buy,3,0,0,,,,,,,0,0,0,0.0,0.0,0.0,0,0,0,0.0,0.0,0.0,0.0,0.0,0.0,0.0,0.0
2022-04-29 13:01:00,BANKNIFTY,2022-04-29,13:01:00,36669.55,36680.3,36657.6,36657.6,36603.1,36441.0,162.09999999999854,Buy,Buy,3,0,0,,,,,,,0,0,0,0.0,0.0,0.0,0,0,0,0.0,0.0,0.0,0.0,0.0,0.0,0.0,0.0
2022-04-29 13:02:00,BANKNIFTY,2022-04-29,13:02:00,36657.5,36657.85,36627.8,36640.45,36603.1,36441.0,162.09999999999854,Buy,Buy,3,0,0,,,,,,,0,0,0,0.0,0.0,0.0,0,0,0,0.0,0.0,0.0,0.0,0.0,0.0,0.0,0.0
2022-04-29 13:03:00,BANKNIFTY,2022-04-29,13:03:00,36640.05,36659.3,36640.05,36659.05,36603.1,36441.0,162.09999999999854,Buy,Buy,3,0,0,,,,,,,0,0,0,0.0,0.0,0.0,0,0,0,0.0,0.0,0.0,0.0,0.0,0.0,0.0,0.0
2022-04-29 13:04:00,BANKNIFTY,2022-04-29,13:04:00,36658.35,36686.15,36656.55,36660.2,36603.1,36441.0,162.09999999999854,Buy,Buy,3,0,0,,,,,,,0,0,0,0.0,0.0,0.0,0,0,0,0.0,0.0,0.0,0.0,0.0,0.0,0.0,0.0
2022-04-29 13:05:00,BANKNIFTY,2022-04-29,13:05:00,36658.45,36681.7,36658.45,36672.1,36603.1,36441.0,162.09999999999854,Buy,Buy,3,0,0,,,,,,,0,0,0,0.0,0.0,0.0,0,0,0,0.0,0.0,0.0,0.0,0.0,0.0,0.0,0.0
2022-04-29 13:06:00,BANKNIFTY,2022-04-29,13:06:00,36673.6,36677.95,36670.05,36677.95,36603.1,36441.0,162.09999999999854,Buy,Buy,3,0,0,,,,,,,0,0,0,0.0,0.0,0.0,0,0,0,0.0,0.0,0.0,0.0,0.0,0.0,0.0,0.0
2022-04-29 13:07:00,BANKNIFTY,2022-04-29,13:07:00,36675.25,36681.25,36670.65,36679.05,36603.1,36441.0,162.09999999999854,Buy,Buy,3,0,0,,,,,,,0,0,0,0.0,0.0,0.0,0,0,0,0.0,0.0,0.0,0.0,0.0,0.0,0.0,0.0
2022-04-29 13:08:00,BANKNIFTY,2022-04-29,13:08:00,36679.25,36694.15,36679.25,36691.15,36603.1,36441.0,162.09999999999854,Buy,Buy,3,0,0,,,,,,,0,0,0,0.0,0.0,0.0,0,0,0,0.0,0.0,0.0,0.0,0.0,0.0,0.0,0.0
2022-04-29 13:09:00,BANKNIFTY,2022-04-29,13:09:00,36687.2,36691.2,36666.95,36676.2,36603.1,36441.0,162.09999999999854,Buy,Buy,3,0,0,,,,,,,0,0,0,0.0,0.0,0.0,0,0,0,0.0,0.0,0.0,0.0,0.0,0.0,0.0,0.0
2022-04-29 13:10:00,BANKNIFTY,2022-04-29,13:10:00,36676.5,36682.75,36674.3,36681.9,36603.1,36441.0,162.09999999999854,Buy,Buy,3,0,0,,,,,,,0,0,0,0.0,0.0,0.0,0,0,0,0.0,0.0,0.0,0.0,0.0,0.0,0.0,0.0
2022-04-29 13:11:00,BANKNIFTY,2022-04-29,13:11:00,36678.9,36684.65,36670.8,36672.0,36603.1,36441.0,162.09999999999854,Buy,Buy,3,0,0,,,,,,,0,0,0,0.0,0.0,0.0,0,0,0,0.0,0.0,0.0,0.0,0.0,0.0,0.0,0.0
2022-04-29 13:12:00,BANKNIFTY,2022-04-29,13:12:00,36672.45,36678.5,36656.8,36656.8,36603.1,36441.0,162.09999999999854,Buy,Buy,3,0,0,,,,,,,0,0,0,0.0,0.0,0.0,0,0,0,0.0,0.0,0.0,0.0,0.0,0.0,0.0,0.0
2022-04-29 13:13:00,BANKNIFTY,2022-04-29,13:13:00,36660.1,36675.1,36660.1,36666.3,36603.1,36441.0,162.09999999999854,Buy,Buy,3,0,0,,,,,,,0,0,0,0.0,0.0,0.0,0,0,0,0.0,0.0,0.0,0.0,0.0,0.0,0.0,0.0
2022-04-29 13:14:00,BANKNIFTY,2022-04-29,13:14:00,36664.7,36677.95,36664.7,36670.6,36603.1,36441.0,162.09999999999854,Buy,Buy,3,0,0,,,,,,,0,0,0,0.0,0.0,0.0,0,0,0,0.0,0.0,0.0,0.0,0.0,0.0,0.0,0.0
2022-04-29 13:15:00,BANKNIFTY,2022-04-29,13:15:00,36670.0,36677.8,36668.1,36677.8,36603.1,36441.0,162.09999999999854,Buy,Buy,3,0,0,,,,,,,0,0,0,0.0,0.0,0.0,0,0,0,0.0,0.0,0.0,0.0,0.0,0.0,0.0,0.0
2022-04-29 13:16:00,BANKNIFTY,2022-04-29,13:16:00,36676.9,36687.75,36671.6,36683.85,36603.1,36441.0,162.09999999999854,Buy,Buy,3,0,0,,,,,,,0,0,0,0.0,0.0,0.0,0,0,0,0.0,0.0,0.0,0.0,0.0,0.0,0.0,0.0
2022-04-29 13:17:00,BANKNIFTY,2022-04-29,13:17:00,36685.25,36686.8,36672.0,36674.75,36603.1,36441.0,162.09999999999854,Buy,Buy,3,0,0,,,,,,,0,0,0,0.0,0.0,0.0,0,0,0,0.0,0.0,0.0,0.0,0.0,0.0,0.0,0.0
2022-04-29 13:18:00,BANKNIFTY,2022-04-29,13:18:00,36673.75,36675.6,36660.7,36662.6,36603.1,36441.0,162.09999999999854,Buy,Buy,3,0,0,,,,,,,0,0,0,0.0,0.0,0.0,0,0,0,0.0,0.0,0.0,0.0,0.0,0.0,0.0,0.0
2022-04-29 13:19:00,BANKNIFTY,2022-04-29,13:19:00,36662.85,36672.0,36650.75,36650.75,36603.1,36441.0,162.09999999999854,Buy,Buy,3,0,0,,,,,,,0,0,0,0.0,0.0,0.0,0,0,0,0.0,0.0,0.0,0.0,0.0,0.0,0.0,0.0
2022-04-29 13:20:00,BANKNIFTY,2022-04-29,13:20:00,36650.7,36655.2,36647.2,36653.55,36603.1,36441.0,162.09999999999854,Buy,Buy,3,0,0,,,,,,,0,0,0,0.0,0.0,0.0,0,0,0,0.0,0.0,0.0,0.0,0.0,0.0,0.0,0.0
2022-04-29 13:21:00,BANKNIFTY,2022-04-29,13:21:00,36651.3,36654.7,36621.95,36621.95,36603.1,36441.0,162.09999999999854,Buy,Buy,3,0,0,,,,,,,0,0,0,0.0,0.0,0.0,0,0,0,0.0,0.0,0.0,0.0,0.0,0.0,0.0,0.0
2022-04-29 13:22:00,BANKNIFTY,2022-04-29,13:22:00,36622.3,36625.5,36606.65,36608.4,36603.1,36441.0,162.09999999999854,Buy,Buy,3,0,0,,,,,,,0,0,0,0.0,0.0,0.0,0,0,0,0.0,0.0,0.0,0.0,0.0,0.0,0.0,0.0
2022-04-29 13:23:00,BANKNIFTY,2022-04-29,13:23:00,36611.35,36635.05,36606.8,36632.0,36603.1,36441.0,162.09999999999854,Buy,Buy,3,0,0,,,,,,,0,0,0,0.0,0.0,0.0,0,0,0,0.0,0.0,0.0,0.0,0.0,0.0,0.0,0.0
2022-04-29 13:24:00,BANKNIFTY,2022-04-29,13:24:00,36632.1,36642.25,36630.85,36634.35,36603.1,36441.0,162.09999999999854,Buy,Buy,3,0,0,,,,,,,0,0,0,0.0,0.0,0.0,0,0,0,0.0,0.0,0.0,0.0,0.0,0.0,0.0,0.0
2022-04-29 13:25:00,BANKNIFTY,2022-04-29,13:25:00,36633.95,36653.05,36633.95,36646.15,36603.1,36441.0,162.09999999999854,Buy,Buy,3,0,0,,,,,,,0,0,0,0.0,0.0,0.0,0,0,0,0.0,0.0,0.0,0.0,0.0,0.0,0.0,0.0
2022-04-29 13:26:00,BANKNIFTY,2022-04-29,13:26:00,36646.95,36656.1,36642.45,36653.9,36603.1,36441.0,162.09999999999854,Buy,Buy,3,0,0,,,,,,,0,0,0,0.0,0.0,0.0,0,0,0,0.0,0.0,0.0,0.0,0.0,0.0,0.0,0.0
2022-04-29 13:27:00,BANKNIFTY,2022-04-29,13:27:00,36654.3,36659.05,36645.4,36656.9,36603.1,36441.0,162.09999999999854,Buy,Buy,3,0,0,,,,,,,0,0,0,0.0,0.0,0.0,0,0,0,0.0,0.0,0.0,0.0,0.0,0.0,0.0,0.0
2022-04-29 13:28:00,BANKNIFTY,2022-04-29,13:28:00,36655.3,36665.4,36652.85,36658.45,36603.1,36441.0,162.09999999999854,Buy,Buy,3,0,0,,,,,,,0,0,0,0.0,0.0,0.0,0,0,0,0.0,0.0,0.0,0.0,0.0,0.0,0.0,0.0
2022-04-29 13:29:00,BANKNIFTY,2022-04-29,13:29:00,36658.4,36665.15,36649.35,36657.55,36603.1,36441.0,162.09999999999854,Buy,Buy,3,0,0,,,,,,,0,0,0,0.0,0.0,0.0,0,0,0,0.0,0.0,0.0,0.0,0.0,0.0,0.0,0.0
2022-04-29 13:30:00,BANKNIFTY,2022-04-29,13:30:00,36657.8,36660.85,36650.1,36653.8,36603.1,36441.0,162.09999999999854,Buy,Buy,3,0,0,,,,,,,0,0,0,0.0,0.0,0.0,0,0,0,0.0,0.0,0.0,0.0,0.0,0.0,0.0,0.0
2022-04-29 13:31:00,BANKNIFTY,2022-04-29,13:31:00,36653.1,36659.6,36651.85,36656.25,36603.1,36441.0,162.09999999999854,Buy,Buy,3,0,0,,,,,,,0,0,0,0.0,0.0,0.0,0,0,0,0.0,0.0,0.0,0.0,0.0,0.0,0.0,0.0
2022-04-29 13:32:00,BANKNIFTY,2022-04-29,13:32:00,36655.5,36662.35,36653.45,36656.45,36603.1,36441.0,162.09999999999854,Buy,Buy,3,0,0,,,,,,,0,0,0,0.0,0.0,0.0,0,0,0,0.0,0.0,0.0,0.0,0.0,0.0,0.0,0.0
2022-04-29 13:33:00,BANKNIFTY,2022-04-29,13:33:00,36653.0,36657.35,36641.55,36648.8,36603.1,36441.0,162.09999999999854,Buy,Buy,3,0,0,,,,,,,0,0,0,0.0,0.0,0.0,0,0,0,0.0,0.0,0.0,0.0,0.0,0.0,0.0,0.0
2022-04-29 13:34:00,BANKNIFTY,2022-04-29,13:34:00,36648.95,36658.8,36644.4,36644.4,36603.1,36441.0,162.09999999999854,Buy,Buy,3,0,0,,,,,,,0,0,0,0.0,0.0,0.0,0,0,0,0.0,0.0,0.0,0.0,0.0,0.0,0.0,0.0
2022-04-29 13:35:00,BANKNIFTY,2022-04-29,13:35:00,36644.9,36659.6,36644.9,36657.35,36603.1,36441.0,162.09999999999854,Buy,Buy,3,0,0,,,,,,,0,0,0,0.0,0.0,0.0,0,0,0,0.0,0.0,0.0,0.0,0.0,0.0,0.0,0.0
2022-04-29 13:36:00,BANKNIFTY,2022-04-29,13:36:00,36657.1,36669.65,36651.8,36654.55,36603.1,36441.0,162.09999999999854,Buy,Buy,3,0,0,,,,,,,0,0,0,0.0,0.0,0.0,0,0,0,0.0,0.0,0.0,0.0,0.0,0.0,0.0,0.0
2022-04-29 13:37:00,BANKNIFTY,2022-04-29,13:37:00,36654.05,36657.35,36615.05,36618.15,36603.1,36441.0,162.09999999999854,Buy,Buy,3,0,0,,,,,,,0,0,0,0.0,0.0,0.0,0,0,0,0.0,0.0,0.0,0.0,0.0,0.0,0.0,0.0
2022-04-29 13:38:00,BANKNIFTY,2022-04-29,13:38:00,36616.65,36625.45,36594.5,36600.65,36603.1,36441.0,162.09999999999854,Buy,Buy,3,0,0,,,,,,,0,0,0,0.0,0.0,0.0,0,0,0,0.0,0.0,0.0,0.0,0.0,0.0,0.0,0.0
2022-04-29 13:39:00,BANKNIFTY,2022-04-29,13:39:00,36603.0,36603.0,36578.75,36593.15,36603.1,36441.0,162.09999999999854,,Buy,3,0,0,,,,,,,0,0,0,0.0,0.0,0.0,0,0,0,0.0,0.0,0.0,0.0,0.0,0.0,0.0,0.0
2022-04-29 13:40:00,BANKNIFTY,2022-04-29,13:40:00,36595.8,36610.05,36585.0,36607.5,36603.1,36441.0,162.09999999999854,Buy,Buy,3,0,0,,,,,,,0,0,0,0.0,0.0,0.0,0,0,0,0.0,0.0,0.0,0.0,0.0,0.0,0.0,0.0
2022-04-29 13:41:00,BANKNIFTY,2022-04-29,13:41:00,36609.25,36621.3,36604.0,36606.1,36603.1,36441.0,162.09999999999854,Buy,Buy,3,0,0,,,,,,,0,0,0,0.0,0.0,0.0,0,0,0,0.0,0.0,0.0,0.0,0.0,0.0,0.0,0.0
2022-04-29 13:42:00,BANKNIFTY,2022-04-29,13:42:00,36604.4,36604.4,36587.0,36593.55,36603.1,36441.0,162.09999999999854,Buy,Buy,3,0,0,,,,,,,0,0,0,0.0,0.0,0.0,0,0,0,0.0,0.0,0.0,0.0,0.0,0.0,0.0,0.0
2022-04-29 13:43:00,BANKNIFTY,2022-04-29,13:43:00,36593.05,36620.3,36593.05,36617.85,36603.1,36441.0,162.09999999999854,Buy,Buy,3,0,0,,,,,,,0,0,0,0.0,0.0,0.0,0,0,0,0.0,0.0,0.0,0.0,0.0,0.0,0.0,0.0
2022-04-29 13:44:00,BANKNIFTY,2022-04-29,13:44:00,36616.75,36627.1,36613.0,36618.3,36603.1,36441.0,162.09999999999854,Buy,Buy,3,0,0,,,,,,,0,0,0,0.0,0.0,0.0,0,0,0,0.0,0.0,0.0,0.0,0.0,0.0,0.0,0.0
2022-04-29 13:45:00,BANKNIFTY,2022-04-29,13:45:00,36618.9,36619.4,36607.0,36607.3,36603.1,36441.0,162.09999999999854,Buy,Buy,3,0,0,,,,,,,0,0,0,0.0,0.0,0.0,0,0,0,0.0,0.0,0.0,0.0,0.0,0.0,0.0,0.0
2022-04-29 13:46:00,BANKNIFTY,2022-04-29,13:46:00,36605.95,36619.95,36599.65,36619.95,36603.1,36441.0,162.09999999999854,Buy,Buy,3,0,0,,,,,,,0,0,0,0.0,0.0,0.0,0,0,0,0.0,0.0,0.0,0.0,0.0,0.0,0.0,0.0
2022-04-29 13:47:00,BANKNIFTY,2022-04-29,13:47:00,36619.8,36635.5,36615.25,36633.65,36603.1,36441.0,162.09999999999854,Buy,Buy,3,0,0,,,,,,,0,0,0,0.0,0.0,0.0,0,0,0,0.0,0.0,0.0,0.0,0.0,0.0,0.0,0.0
2022-04-29 13:48:00,BANKNIFTY,2022-04-29,13:48:00,36632.65,36635.6,36616.2,36624.2,36603.1,36441.0,162.09999999999854,Buy,Buy,3,0,0,,,,,,,0,0,0,0.0,0.0,0.0,0,0,0,0.0,0.0,0.0,0.0,0.0,0.0,0.0,0.0
2022-04-29 13:49:00,BANKNIFTY,2022-04-29,13:49:00,36623.1,36631.4,36622.65,36623.9,36603.1,36441.0,162.09999999999854,Buy,Buy,3,0,0,,,,,,,0,0,0,0.0,0.0,0.0,0,0,0,0.0,0.0,0.0,0.0,0.0,0.0,0.0,0.0
2022-04-29 13:50:00,BANKNIFTY,2022-04-29,13:50:00,36620.9,36623.0,36599.55,36603.65,36603.1,36441.0,162.09999999999854,Buy,Buy,3,0,0,,,,,,,0,0,0,0.0,0.0,0.0,0,0,0,0.0,0.0,0.0,0.0,0.0,0.0,0.0,0.0
2022-04-29 13:51:00,BANKNIFTY,2022-04-29,13:51:00,36605.7,36605.7,36588.05,36588.05,36603.1,36441.0,162.09999999999854,Buy,Buy,3,0,0,,,,,,,0,0,0,0.0,0.0,0.0,0,0,0,0.0,0.0,0.0,0.0,0.0,0.0,0.0,0.0
2022-04-29 13:52:00,BANKNIFTY,2022-04-29,13:52:00,36589.0,36605.05,36584.55,36603.5,36603.1,36441.0,162.09999999999854,Buy,Buy,3,0,0,,,,,,,0,0,0,0.0,0.0,0.0,0,0,0,0.0,0.0,0.0,0.0,0.0,0.0,0.0,0.0
2022-04-29 13:53:00,BANKNIFTY,2022-04-29,13:53:00,36606.1,36606.25,36593.95,36593.95,36603.1,36441.0,162.09999999999854,Buy,Buy,3,0,0,,,,,,,0,0,0,0.0,0.0,0.0,0,0,0,0.0,0.0,0.0,0.0,0.0,0.0,0.0,0.0
2022-04-29 13:54:00,BANKNIFTY,2022-04-29,13:54:00,36593.5,36593.65,36583.75,36589.2,36603.1,36441.0,162.09999999999854,,Buy,3,0,0,,,,,,,0,0,0,0.0,0.0,0.0,0,0,0,0.0,0.0,0.0,0.0,0.0,0.0,0.0,0.0
2022-04-29 13:55:00,BANKNIFTY,2022-04-29,13:55:00,36589.35,36590.15,36575.8,36581.85,36603.1,36441.0,162.09999999999854,,Buy,3,0,0,,,,,,,0,0,0,0.0,0.0,0.0,0,0,0,0.0,0.0,0.0,0.0,0.0,0.0,0.0,0.0
2022-04-29 13:56:00,BANKNIFTY,2022-04-29,13:56:00,36581.25,36590.55,36581.25,36586.9,36603.1,36441.0,162.09999999999854,,Buy,3,0,0,,,,,,,0,0,0,0.0,0.0,0.0,0,0,0,0.0,0.0,0.0,0.0,0.0,0.0,0.0,0.0
2022-04-29 13:57:00,BANKNIFTY,2022-04-29,13:57:00,36587.2,36588.9,36554.0,36559.05,36603.1,36441.0,162.09999999999854,,Buy,3,0,0,,,,,,,0,0,0,0.0,0.0,0.0,0,0,0,0.0,0.0,0.0,0.0,0.0,0.0,0.0,0.0
2022-04-29 13:58:00,BANKNIFTY,2022-04-29,13:58:00,36561.9,36563.7,36502.7,36505.5,36603.1,36441.0,162.09999999999854,,Buy,3,0,0,,,,,,,0,0,0,0.0,0.0,0.0,0,0,0,0.0,0.0,0.0,0.0,0.0,0.0,0.0,0.0
2022-04-29 13:59:00,BANKNIFTY,2022-04-29,13:59:00,36504.8,36526.95,36504.8,36524.9,36603.1,36441.0,162.09999999999854,,Buy,3,0,0,,,,,,,0,0,0,0.0,0.0,0.0,0,0,0,0.0,0.0,0.0,0.0,0.0,0.0,0.0,0.0
2022-04-29 14:00:00,BANKNIFTY,2022-04-29,14:00:00,36529.65,36554.65,36523.4,36553.9,36603.1,36441.0,162.09999999999854,,Buy,3,0,0,,,,,,,0,0,0,0.0,0.0,0.0,0,0,0,0.0,0.0,0.0,0.0,0.0,0.0,0.0,0.0
2022-04-29 14:01:00,BANKNIFTY,2022-04-29,14:01:00,36552.95,36567.05,36547.85,36550.7,36603.1,36441.0,162.09999999999854,,Buy,3,0,0,,,,,,,0,0,0,0.0,0.0,0.0,0,0,0,0.0,0.0,0.0,0.0,0.0,0.0,0.0,0.0
2022-04-29 14:02:00,BANKNIFTY,2022-04-29,14:02:00,36549.3,36552.5,36542.85,36549.15,36603.1,36441.0,162.09999999999854,,Buy,3,0,0,,,,,,,0,0,0,0.0,0.0,0.0,0,0,0,0.0,0.0,0.0,0.0,0.0,0.0,0.0,0.0
2022-04-29 14:03:00,BANKNIFTY,2022-04-29,14:03:00,36547.55,36547.85,36526.25,36532.4,36603.1,36441.0,162.09999999999854,,Buy,3,0,0,,,,,,,0,0,0,0.0,0.0,0.0,0,0,0,0.0,0.0,0.0,0.0,0.0,0.0,0.0,0.0
2022-04-29 14:04:00,BANKNIFTY,2022-04-29,14:04:00,36535.0,36553.15,36535.0,36542.95,36603.1,36441.0,162.09999999999854,,Buy,3,0,0,,,,,,,0,0,0,0.0,0.0,0.0,0,0,0,0.0,0.0,0.0,0.0,0.0,0.0,0.0,0.0
2022-04-29 14:05:00,BANKNIFTY,2022-04-29,14:05:00,36545.3,36547.25,36525.1,36526.75,36603.1,36441.0,162.09999999999854,,Buy,3,0,0,,,,,,,0,0,0,0.0,0.0,0.0,0,0,0,0.0,0.0,0.0,0.0,0.0,0.0,0.0,0.0
2022-04-29 14:06:00,BANKNIFTY,2022-04-29,14:06:00,36526.05,36526.05,36481.5,36499.0,36603.1,36441.0,162.09999999999854,,Buy,3,0,0,,,,,,,0,0,0,0.0,0.0,0.0,0,0,0,0.0,0.0,0.0,0.0,0.0,0.0,0.0,0.0
2022-04-29 14:07:00,BANKNIFTY,2022-04-29,14:07:00,36499.8,36507.85,36466.6,36466.85,36603.1,36441.0,162.09999999999854,,Buy,3,0,0,,,,,,,0,0,0,0.0,0.0,0.0,0,0,0,0.0,0.0,0.0,0.0,0.0,0.0,0.0,0.0
2022-04-29 14:08:00,BANKNIFTY,2022-04-29,14:08:00,36465.1,36465.1,36423.3,36428.65,36603.1,36441.0,162.09999999999854,Sell,Sell,4,0,0,,,,,,,0,0,0,0.0,0.0,0.0,0,0,0,0.0,0.0,0.0,0.0,0.0,0.0,0.0,0.0
2022-04-29 14:09:00,BANKNIFTY,2022-04-29,14:09:00,36426.9,36445.75,36411.7,36445.75,36603.1,36441.0,162.09999999999854,Sell,Sell,4,0,0,,,,,,,0,0,0,0.0,0.0,0.0,0,0,0,0.0,0.0,0.0,0.0,0.0,0.0,0.0,0.0
2022-04-29 14:10:00,BANKNIFTY,2022-04-29,14:10:00,36446.0,36455.6,36439.75,36455.6,36603.1,36441.0,162.09999999999854,Sell,Sell,4,0,0,,,,,,,0,0,0,0.0,0.0,0.0,0,0,0,0.0,0.0,0.0,0.0,0.0,0.0,0.0,0.0
2022-04-29 14:11:00,BANKNIFTY,2022-04-29,14:11:00,36456.05,36461.85,36437.05,36459.35,36603.1,36441.0,162.09999999999854,Sell,Sell,4,0,0,,,,,,,0,0,0,0.0,0.0,0.0,0,0,0,0.0,0.0,0.0,0.0,0.0,0.0,0.0,0.0
2022-04-29 14:12:00,BANKNIFTY,2022-04-29,14:12:00,36459.05,36459.05,36448.8,36450.95,36603.1,36441.0,162.09999999999854,,Sell,4,0,0,,,,,,,0,0,0,0.0,0.0,0.0,0,0,0,0.0,0.0,0.0,0.0,0.0,0.0,0.0,0.0
2022-04-29 14:13:00,BANKNIFTY,2022-04-29,14:13:00,36452.35,36497.5,36452.35,36493.9,36603.1,36441.0,162.09999999999854,,Sell,4,0,0,,,,,,,0,0,0,0.0,0.0,0.0,0,0,0,0.0,0.0,0.0,0.0,0.0,0.0,0.0,0.0
2022-04-29 14:14:00,BANKNIFTY,2022-04-29,14:14:00,36495.2,36498.3,36471.05,36483.25,36603.1,36441.0,162.09999999999854,,Sell,4,0,0,,,,,,,0,0,0,0.0,0.0,0.0,0,0,0,0.0,0.0,0.0,0.0,0.0,0.0,0.0,0.0
2022-04-29 14:15:00,BANKNIFTY,2022-04-29,14:15:00,36482.75,36486.3,36461.25,36465.5,36603.1,36441.0,162.09999999999854,,Sell,4,0,0,,,,,,,0,0,0,0.0,0.0,0.0,0,0,0,0.0,0.0,0.0,0.0,0.0,0.0,0.0,0.0
2022-04-29 14:16:00,BANKNIFTY,2022-04-29,14:16:00,36465.15,36488.05,36429.4,36486.2,36603.1,36441.0,162.09999999999854,Sell,Sell,4,0,0,,,,,,,0,0,0,0.0,0.0,0.0,0,0,0,0.0,0.0,0.0,0.0,0.0,0.0,0.0,0.0
2022-04-29 14:17:00,BANKNIFTY,2022-04-29,14:17:00,36482.2,36482.2,36397.05,36402.55,36603.1,36441.0,162.09999999999854,Sell,Sell,4,0,0,,,,,,,0,0,0,0.0,0.0,0.0,0,0,0,0.0,0.0,0.0,0.0,0.0,0.0,0.0,0.0
2022-04-29 14:18:00,BANKNIFTY,2022-04-29,14:18:00,36401.7,36408.95,36383.95,36387.75,36603.1,36441.0,162.09999999999854,Sell,Sell,4,0,0,,,,,,,0,0,0,0.0,0.0,0.0,0,0,0,0.0,0.0,0.0,0.0,0.0,0.0,0.0,0.0
2022-04-29 14:19:00,BANKNIFTY,2022-04-29,14:19:00,36391.6,36424.6,36384.65,36424.6,36603.1,36441.0,162.09999999999854,Sell,Sell,4,0,0,,,,,,,0,0,0,0.0,0.0,0.0,0,0,0,0.0,0.0,0.0,0.0,0.0,0.0,0.0,0.0
2022-04-29 14:20:00,BANKNIFTY,2022-04-29,14:20:00,36422.4,36423.7,36401.55,36414.5,36603.1,36441.0,162.09999999999854,Sell,Sell,4,0,0,,,,,,,0,0,0,0.0,0.0,0.0,0,0,0,0.0,0.0,0.0,0.0,0.0,0.0,0.0,0.0
2022-04-29 14:21:00,BANKNIFTY,2022-04-29,14:21:00,36412.95,36412.95,36391.8,36393.1,36603.1,36441.0,162.09999999999854,Sell,Sell,4,0,0,,,,,,,0,0,0,0.0,0.0,0.0,0,0,0,0.0,0.0,0.0,0.0,0.0,0.0,0.0,0.0
2022-04-29 14:22:00,BANKNIFTY,2022-04-29,14:22:00,36389.5,36415.65,36389.5,36407.4,36603.1,36441.0,162.09999999999854,Sell,Sell,4,0,0,,,,,,,0,0,0,0.0,0.0,0.0,0,0,0,0.0,0.0,0.0,0.0,0.0,0.0,0.0,0.0
2022-04-29 14:23:00,BANKNIFTY,2022-04-29,14:23:00,36404.3,36406.15,36350.15,36363.3,36603.1,36441.0,162.09999999999854,Sell,Sell,4,0,0,,,,,,,0,0,0,0.0,0.0,0.0,0,0,0,0.0,0.0,0.0,0.0,0.0,0.0,0.0,0.0
2022-04-29 14:24:00,BANKNIFTY,2022-04-29,14:24:00,36364.8,36365.05,36347.85,36347.85,36603.1,36441.0,162.09999999999854,Sell,Sell,4,0,0,,,,,,,0,0,0,0.0,0.0,0.0,0,0,0,0.0,0.0,0.0,0.0,0.0,0.0,0.0,0.0
2022-04-29 14:25:00,BANKNIFTY,2022-04-29,14:25:00,36345.0,36345.0,36293.95,36320.65,36603.1,36441.0,162.09999999999854,Sell,Sell,4,0,0,,,,,,,0,0,0,0.0,0.0,0.0,0,0,0,0.0,0.0,0.0,0.0,0.0,0.0,0.0,0.0
2022-04-29 14:26:00,BANKNIFTY,2022-04-29,14:26:00,36319.25,36319.25,36260.55,36283.7,36603.1,36441.0,162.09999999999854,Sell,Sell,4,0,0,,,,,,,0,0,0,0.0,0.0,0.0,0,0,0,0.0,0.0,0.0,0.0,0.0,0.0,0.0,0.0
2022-04-29 14:27:00,BANKNIFTY,2022-04-29,14:27:00,36285.3,36285.3,36225.45,36239.3,36603.1,36441.0,162.09999999999854,Sell,Sell,4,0,0,,,,,,,0,0,0,0.0,0.0,0.0,0,0,0,0.0,0.0,0.0,0.0,0.0,0.0,0.0,0.0
2022-04-29 14:28:00,BANKNIFTY,2022-04-29,14:28:00,36234.3,36292.8,36234.3,36292.8,36603.1,36441.0,162.09999999999854,Sell,Sell,4,0,0,,,,,,,0,0,0,0.0,0.0,0.0,0,0,0,0.0,0.0,0.0,0.0,0.0,0.0,0.0,0.0
2022-04-29 14:29:00,BANKNIFTY,2022-04-29,14:29:00,36290.95,36354.85,36279.0,36341.85,36603.1,36441.0,162.09999999999854,Sell,Sell,4,0,0,,,,,,,0,0,0,0.0,0.0,0.0,0,0,0,0.0,0.0,0.0,0.0,0.0,0.0,0.0,0.0
2022-04-29 14:30:00,BANKNIFTY,2022-04-29,14:30:00,36339.0,36358.0,36336.15,36346.65,36603.1,36441.0,162.09999999999854,Sell,Sell,4,0,0,,,,,,,0,0,0,0.0,0.0,0.0,0,0,0,0.0,0.0,0.0,0.0,0.0,0.0,0.0,0.0
2022-04-29 14:31:00,BANKNIFTY,2022-04-29,14:31:00,36345.75,36395.5,36336.15,36388.05,36603.1,36441.0,162.09999999999854,Sell,Sell,4,0,0,,,,,,,0,0,0,0.0,0.0,0.0,0,0,0,0.0,0.0,0.0,0.0,0.0,0.0,0.0,0.0
2022-04-29 14:32:00,BANKNIFTY,2022-04-29,14:32:00,36384.15,36404.3,36378.85,36398.55,36603.1,36441.0,162.09999999999854,Sell,Sell,4,0,0,,,,,,,0,0,0,0.0,0.0,0.0,0,0,0,0.0,0.0,0.0,0.0,0.0,0.0,0.0,0.0
2022-04-29 14:33:00,BANKNIFTY,2022-04-29,14:33:00,36395.05,36407.95,36376.8,36381.3,36603.1,36441.0,162.09999999999854,Sell,Sell,4,0,0,,,,,,,0,0,0,0.0,0.0,0.0,0,0,0,0.0,0.0,0.0,0.0,0.0,0.0,0.0,0.0
2022-04-29 14:34:00,BANKNIFTY,2022-04-29,14:34:00,36380.55,36385.2,36365.4,36372.75,36603.1,36441.0,162.09999999999854,Sell,Sell,4,0,0,,,,,,,0,0,0,0.0,0.0,0.0,0,0,0,0.0,0.0,0.0,0.0,0.0,0.0,0.0,0.0
2022-04-29 14:35:00,BANKNIFTY,2022-04-29,14:35:00,36372.8,36416.8,36372.8,36416.5,36603.1,36441.0,162.09999999999854,Sell,Sell,4,0,0,,,,,,,0,0,0,0.0,0.0,0.0,0,0,0,0.0,0.0,0.0,0.0,0.0,0.0,0.0,0.0
2022-04-29 14:36:00,BANKNIFTY,2022-04-29,14:36:00,36412.6,36418.0,36349.55,36355.6,36603.1,36441.0,162.09999999999854,Sell,Sell,4,0,0,,,,,,,0,0,0,0.0,0.0,0.0,0,0,0,0.0,0.0,0.0,0.0,0.0,0.0,0.0,0.0
2022-04-29 14:37:00,BANKNIFTY,2022-04-29,14:37:00,36357.15,36376.55,36352.8,36370.65,36603.1,36441.0,162.09999999999854,Sell,Sell,4,0,0,,,,,,,0,0,0,0.0,0.0,0.0,0,0,0,0.0,0.0,0.0,0.0,0.0,0.0,0.0,0.0
2022-04-29 14:38:00,BANKNIFTY,2022-04-29,14:38:00,36372.25,36372.25,36355.4,36357.4,36603.1,36441.0,162.09999999999854,Sell,Sell,4,0,0,,,,,,,0,0,0,0.0,0.0,0.0,0,0,0,0.0,0.0,0.0,0.0,0.0,0.0,0.0,0.0
2022-04-29 14:39:00,BANKNIFTY,2022-04-29,14:39:00,36359.45,36363.95,36312.9,36321.9,36603.1,36441.0,162.09999999999854,Sell,Sell,4,0,0,,,,,,,0,0,0,0.0,0.0,0.0,0,0,0,0.0,0.0,0.0,0.0,0.0,0.0,0.0,0.0
2022-04-29 14:40:00,BANKNIFTY,2022-04-29,14:40:00,36321.3,36322.75,36299.55,36301.2,36603.1,36441.0,162.09999999999854,Sell,Sell,4,0,0,,,,,,,0,0,0,0.0,0.0,0.0,0,0,0,0.0,0.0,0.0,0.0,0.0,0.0,0.0,0.0
2022-04-29 14:41:00,BANKNIFTY,2022-04-29,14:41:00,36300.85,36355.35,36300.85,36346.7,36603.1,36441.0,162.09999999999854,Sell,Sell,4,0,0,,,,,,,0,0,0,0.0,0.0,0.0,0,0,0,0.0,0.0,0.0,0.0,0.0,0.0,0.0,0.0
2022-04-29 14:42:00,BANKNIFTY,2022-04-29,14:42:00,36350.55,36367.8,36346.3,36355.8,36603.1,36441.0,162.09999999999854,Sell,Sell,4,0,0,,,,,,,0,0,0,0.0,0.0,0.0,0,0,0,0.0,0.0,0.0,0.0,0.0,0.0,0.0,0.0
2022-04-29 14:43:00,BANKNIFTY,2022-04-29,14:43:00,36354.3,36370.35,36346.85,36350.6,36603.1,36441.0,162.09999999999854,Sell,Sell,4,0,0,,,,,,,0,0,0,0.0,0.0,0.0,0,0,0,0.0,0.0,0.0,0.0,0.0,0.0,0.0,0.0
2022-04-29 14:44:00,BANKNIFTY,2022-04-29,14:44:00,36349.55,36367.65,36349.55,36363.25,36603.1,36441.0,162.09999999999854,Sell,Sell,4,0,0,,,,,,,0,0,0,0.0,0.0,0.0,0,0,0,0.0,0.0,0.0,0.0,0.0,0.0,0.0,0.0
2022-04-29 14:45:00,BANKNIFTY,2022-04-29,14:45:00,36363.3,36365.25,36348.75,36361.3,36603.1,36441.0,162.09999999999854,Sell,Sell,4,0,0,,,,,,,0,0,0,0.0,0.0,0.0,0,0,0,0.0,0.0,0.0,0.0,0.0,0.0,0.0,0.0
2022-04-29 14:46:00,BANKNIFTY,2022-04-29,14:46:00,36360.55,36366.85,36313.3,36329.15,36603.1,36441.0,162.09999999999854,Sell,Sell,4,0,0,,,,,,,0,0,0,0.0,0.0,0.0,0,0,0,0.0,0.0,0.0,0.0,0.0,0.0,0.0,0.0
2022-04-29 14:47:00,BANKNIFTY,2022-04-29,14:47:00,36329.85,36330.2,36313.15,36323.25,36603.1,36441.0,162.09999999999854,Sell,Sell,4,0,0,,,,,,,0,0,0,0.0,0.0,0.0,0,0,0,0.0,0.0,0.0,0.0,0.0,0.0,0.0,0.0
2022-04-29 14:48:00,BANKNIFTY,2022-04-29,14:48:00,36322.45,36329.3,36298.2,36319.4,36603.1,36441.0,162.09999999999854,Sell,Sell,4,0,0,,,,,,,0,0,0,0.0,0.0,0.0,0,0,0,0.0,0.0,0.0,0.0,0.0,0.0,0.0,0.0
2022-04-29 14:49:00,BANKNIFTY,2022-04-29,14:49:00,36319.95,36334.25,36301.0,36333.65,36603.1,36441.0,162.09999999999854,Sell,Sell,4,0,0,,,,,,,0,0,0,0.0,0.0,0.0,0,0,0,0.0,0.0,0.0,0.0,0.0,0.0,0.0,0.0
2022-04-29 14:50:00,BANKNIFTY,2022-04-29,14:50:00,36332.6,36383.35,36328.5,36374.25,36603.1,36441.0,162.09999999999854,Sell,Sell,4,0,0,,,,,,,0,0,0,0.0,0.0,0.0,0,0,0,0.0,0.0,0.0,0.0,0.0,0.0,0.0,0.0
2022-04-29 14:51:00,BANKNIFTY,2022-04-29,14:51:00,36375.3,36382.2,36356.6,36375.45,36603.1,36441.0,162.09999999999854,Sell,Sell,4,0,0,,,,,,,0,0,0,0.0,0.0,0.0,0,0,0,0.0,0.0,0.0,0.0,0.0,0.0,0.0,0.0
2022-04-29 14:52:00,BANKNIFTY,2022-04-29,14:52:00,36376.3,36380.05,36367.1,36380.05,36603.1,36441.0,162.09999999999854,Sell,Sell,4,0,0,,,,,,,0,0,0,0.0,0.0,0.0,0,0,0,0.0,0.0,0.0,0.0,0.0,0.0,0.0,0.0
2022-04-29 14:53:00,BANKNIFTY,2022-04-29,14:53:00,36375.9,36400.95,36375.9,36400.95,36603.1,36441.0,162.09999999999854,Sell,Sell,4,0,0,,,,,,,0,0,0,0.0,0.0,0.0,0,0,0,0.0,0.0,0.0,0.0,0.0,0.0,0.0,0.0
2022-04-29 14:54:00,BANKNIFTY,2022-04-29,14:54:00,36403.5,36417.7,36398.95,36402.95,36603.1,36441.0,162.09999999999854,Sell,Sell,4,0,0,,,,,,,0,0,0,0.0,0.0,0.0,0,0,0,0.0,0.0,0.0,0.0,0.0,0.0,0.0,0.0
2022-04-29 14:55:00,BANKNIFTY,2022-04-29,14:55:00,36401.55,36412.35,36396.1,36408.15,36603.1,36441.0,162.09999999999854,Sell,Sell,4,0,0,,,,,,,0,0,0,0.0,0.0,0.0,0,0,0,0.0,0.0,0.0,0.0,0.0,0.0,0.0,0.0
2022-04-29 14:56:00,BANKNIFTY,2022-04-29,14:56:00,36404.55,36404.55,36358.1,36362.85,36603.1,36441.0,162.09999999999854,Sell,Sell,4,0,0,,,,,,,0,0,0,0.0,0.0,0.0,0,0,0,0.0,0.0,0.0,0.0,0.0,0.0,0.0,0.0
2022-04-29 14:57:00,BANKNIFTY,2022-04-29,14:57:00,36364.35,36393.95,36364.35,36385.9,36603.1,36441.0,162.09999999999854,Sell,Sell,4,0,0,,,,,,,0,0,0,0.0,0.0,0.0,0,0,0,0.0,0.0,0.0,0.0,0.0,0.0,0.0,0.0
2022-04-29 14:58:00,BANKNIFTY,2022-04-29,14:58:00,36387.75,36405.55,36385.3,36401.9,36603.1,36441.0,162.09999999999854,Sell,Sell,4,0,0,,,,,,,0,0,0,0.0,0.0,0.0,0,0,0,0.0,0.0,0.0,0.0,0.0,0.0,0.0,0.0
2022-04-29 14:59:00,BANKNIFTY,2022-04-29,14:59:00,36399.65,36420.05,36398.6,36420.05,36603.1,36441.0,162.09999999999854,Sell,Sell,4,0,0,,,,,,,0,0,0,0.0,0.0,0.0,0,0,0,0.0,0.0,0.0,0.0,0.0,0.0,0.0,0.0
2022-04-29 15:00:00,BANKNIFTY,2022-04-29,15:00:00,36418.9,36429.35,36389.95,36396.95,36603.1,36441.0,162.09999999999854,Sell,Sell,4,0,0,,,,,,,0,0,0,0.0,0.0,0.0,0,0,0,0.0,0.0,0.0,0.0,0.0,0.0,0.0,0.0
2022-04-29 15:01:00,BANKNIFTY,2022-04-29,15:01:00,36394.0,36397.75,36266.15,36271.95,36603.1,36441.0,162.09999999999854,Sell,Sell,4,0,0,,,,,,,0,0,0,0.0,0.0,0.0,0,0,0,0.0,0.0,0.0,0.0,0.0,0.0,0.0,0.0
2022-04-29 15:02:00,BANKNIFTY,2022-04-29,15:02:00,36263.95,36263.95,36195.85,36196.0,36603.1,36441.0,162.09999999999854,Sell,Sell,4,0,0,,,,,,,0,0,0,0.0,0.0,0.0,0,0,0,0.0,0.0,0.0,0.0,0.0,0.0,0.0,0.0
2022-04-29 15:03:00,BANKNIFTY,2022-04-29,15:03:00,36191.7,36196.9,36138.9,36171.25,36603.1,36441.0,162.09999999999854,Sell,Sell,4,0,0,,,,,,,0,0,0,0.0,0.0,0.0,0,0,0,0.0,0.0,0.0,0.0,0.0,0.0,0.0,0.0
2022-04-29 15:04:00,BANKNIFTY,2022-04-29,15:04:00,36173.45,36213.05,36158.6,36158.6,36603.1,36441.0,162.09999999999854,Sell,Sell,4,0,0,,,,,,,0,0,0,0.0,0.0,0.0,0,0,0,0.0,0.0,0.0,0.0,0.0,0.0,0.0,0.0
2022-04-29 15:05:00,BANKNIFTY,2022-04-29,15:05:00,36158.8,36158.9,36130.0,36148.05,36603.1,36441.0,162.09999999999854,Sell,Sell,4,0,0,,,,,,,0,0,0,0.0,0.0,0.0,0,0,0,0.0,0.0,0.0,0.0,0.0,0.0,0.0,0.0
2022-04-29 15:06:00,BANKNIFTY,2022-04-29,15:06:00,36147.6,36164.6,36136.1,36149.75,36603.1,36441.0,162.09999999999854,Sell,Sell,4,0,0,,,,,,,0,0,0,0.0,0.0,0.0,0,0,0,0.0,0.0,0.0,0.0,0.0,0.0,0.0,0.0
2022-04-29 15:07:00,BANKNIFTY,2022-04-29,15:07:00,36148.9,36165.55,36126.1,36128.2,36603.1,36441.0,162.09999999999854,Sell,Sell,4,0,0,,,,,,,0,0,0,0.0,0.0,0.0,0,0,0,0.0,0.0,0.0,0.0,0.0,0.0,0.0,0.0
2022-04-29 15:08:00,BANKNIFTY,2022-04-29,15:08:00,36126.6,36140.95,36101.25,36108.65,36603.1,36441.0,162.09999999999854,Sell,Sell,4,0,0,,,,,,,0,0,0,0.0,0.0,0.0,0,0,0,0.0,0.0,0.0,0.0,0.0,0.0,0.0,0.0
2022-04-29 15:09:00,BANKNIFTY,2022-04-29,15:09:00,36105.45,36109.05,36069.9,36082.85,36603.1,36441.0,162.09999999999854,Sell,Sell,4,0,0,,,,,,,0,0,0,0.0,0.0,0.0,0,0,0,0.0,0.0,0.0,0.0,0.0,0.0,0.0,0.0
2022-04-29 15:10:00,BANKNIFTY,2022-04-29,15:10:00,36083.1,36115.5,36068.9,36101.8,36603.1,36441.0,162.09999999999854,Sell,Sell,4,0,0,,,,,,,0,0,0,0.0,0.0,0.0,0,0,0,0.0,0.0,0.0,0.0,0.0,0.0,0.0,0.0
2022-04-29 15:11:00,BANKNIFTY,2022-04-29,15:11:00,36097.75,36118.2,36064.6,36078.5,36603.1,36441.0,162.09999999999854,Sell,Sell,4,0,0,,,,,,,0,0,0,0.0,0.0,0.0,0,0,0,0.0,0.0,0.0,0.0,0.0,0.0,0.0,0.0
2022-04-29 15:12:00,BANKNIFTY,2022-04-29,15:12:00,36076.5,36090.5,36062.2,36076.45,36603.1,36441.0,162.09999999999854,Sell,Sell,4,0,0,,,,,,,0,0,0,0.0,0.0,0.0,0,0,0,0.0,0.0,0.0,0.0,0.0,0.0,0.0,0.0
2022-04-29 15:13:00,BANKNIFTY,2022-04-29,15:13:00,36075.8,36101.1,36061.75,36101.1,36603.1,36441.0,162.09999999999854,Sell,Sell,4,0,0,,,,,,,0,0,0,0.0,0.0,0.0,0,0,0,0.0,0.0,0.0,0.0,0.0,0.0,0.0,0.0
2022-04-29 15:14:00,BANKNIFTY,2022-04-29,15:14:00,36099.35,36119.05,36082.7,36084.2,36603.1,36441.0,162.09999999999854,Sell,Sell,4,0,0,,,,,,,0,0,0,0.0,0.0,0.0,0,0,0,0.0,0.0,0.0,0.0,0.0,0.0,0.0,0.0
2022-04-29 15:15:00,BANKNIFTY,2022-04-29,15:15:00,36084.7,36096.9,36074.4,36080.6,36603.1,36441.0,162.09999999999854,Sell,Sell,4,0,0,,,,,,,0,0,0,0.0,0.0,0.0,0,0,0,0.0,0.0,0.0,0.0,0.0,0.0,0.0,0.0
2022-04-29 15:16:00,BANKNIFTY,2022-04-29,15:16:00,36079.8,36101.7,36071.55,36088.9,36603.1,36441.0,162.09999999999854,Sell,Sell,4,0,0,,,,,,,0,0,0,0.0,0.0,0.0,0,0,0,0.0,0.0,0.0,0.0,0.0,0.0,0.0,0.0
2022-04-29 15:17:00,BANKNIFTY,2022-04-29,15:17:00,36089.35,36091.55,36070.8,36075.3,36603.1,36441.0,162.09999999999854,Sell,Sell,4,0,0,,,,,,,0,0,0,0.0,0.0,0.0,0,0,0,0.0,0.0,0.0,0.0,0.0,0.0,0.0,0.0
2022-04-29 15:18:00,BANKNIFTY,2022-04-29,15:18:00,36076.0,36087.35,36070.15,36070.15,36603.1,36441.0,162.09999999999854,Sell,Sell,4,0,0,,,,,,,0,0,0,0.0,0.0,0.0,0,0,0,0.0,0.0,0.0,0.0,0.0,0.0,0.0,0.0
2022-04-29 15:19:00,BANKNIFTY,2022-04-29,15:19:00,36069.75,36073.35,36009.45,36011.35,36603.1,36441.0,162.09999999999854,Sell,Sell,4,0,0,,,,,,,0,0,0,0.0,0.0,0.0,0,0,0,0.0,0.0,0.0,0.0,0.0,0.0,0.0,0.0
2022-04-29 15:20:00,BANKNIFTY,2022-04-29,15:20:00,36008.05,36028.2,36008.05,36027.05,36603.1,36441.0,162.09999999999854,Sell,Sell,4,0,0,,,,,,,0,0,0,0.0,0.0,0.0,0,0,0,0.0,0.0,0.0,0.0,0.0,0.0,0.0,0.0
2022-04-29 15:21:00,BANKNIFTY,2022-04-29,15:21:00,36025.6,36025.6,35978.95,35982.55,36603.1,36441.0,162.09999999999854,Sell,Sell,4,0,0,,,,,,,0,0,0,0.0,0.0,0.0,0,0,0,0.0,0.0,0.0,0.0,0.0,0.0,0.0,0.0
2022-04-29 15:22:00,BANKNIFTY,2022-04-29,15:22:00,35986.6,36054.4,35986.0,36053.7,36603.1,36441.0,162.09999999999854,Sell,Sell,4,0,0,,,,,,,0,0,0,0.0,0.0,0.0,0,0,0,0.0,0.0,0.0,0.0,0.0,0.0,0.0,0.0
2022-04-29 15:23:00,BANKNIFTY,2022-04-29,15:23:00,36054.7,36059.6,36041.9,36044.95,36603.1,36441.0,162.09999999999854,Sell,Sell,4,0,0,,,,,,,0,0,0,0.0,0.0,0.0,0,0,0,0.0,0.0,0.0,0.0,0.0,0.0,0.0,0.0
2022-04-29 15:24:00,BANKNIFTY,2022-04-29,15:24:00,36043.85,36050.55,36038.7,36040.4,36603.1,36441.0,162.09999999999854,Sell,Sell,4,0,0,,,,,,,0,0,0,0.0,0.0,0.0,0,0,0,0.0,0.0,0.0,0.0,0.0,0.0,0.0,0.0
2022-04-29 15:25:00,BANKNIFTY,2022-04-29,15:25:00,36040.55,36051.65,36037.9,36043.45,36603.1,36441.0,162.09999999999854,Sell,Sell,4,0,0,,,,,,,0,0,0,0.0,0.0,0.0,0,0,0,0.0,0.0,0.0,0.0,0.0,0.0,0.0,0.0
2022-04-29 15:26:00,BANKNIFTY,2022-04-29,15:26:00,36044.15,36047.6,36010.25,36012.95,36603.1,36441.0,162.09999999999854,Sell,Sell,4,0,0,,,,,,,0,0,0,0.0,0.0,0.0,0,0,0,0.0,0.0,0.0,0.0,0.0,0.0,0.0,0.0
2022-04-29 15:27:00,BANKNIFTY,2022-04-29,15:27:00,36012.1,36023.3,36002.7,36007.65,36603.1,36441.0,162.09999999999854,Sell,Sell,4,0,0,,,,,,,0,0,0,0.0,0.0,0.0,0,0,0,0.0,0.0,0.0,0.0,0.0,0.0,0.0,0.0
2022-04-29 15:28:00,BANKNIFTY,2022-04-29,15:28:00,36003.2,36031.85,36003.2,36029.45,36603.1,36441.0,162.09999999999854,Sell,Sell,4,0,0,,,,,,,0,0,0,0.0,0.0,0.0,0,0,0,0.0,0.0,0.0,0.0,0.0,0.0,0.0,0.0
2022-04-29 15:29:00,BANKNIFTY,2022-04-29,15:29:00,36031.95,36065.3,36029.7,36054.3,36603.1,36441.0,162.09999999999854,Sell,Sell,4,0,0,,,,,,,0,0,0,0.0,0.0,0.0,0,0,0,0.0,0.0,0.0,0.0,0.0,0.0,0.0,0.0
2022-04-29 15:30:00,BANKNIFTY,2022-04-29,15:30:00,36063.35,36070.9,36042.7,36063.75,36603.1,36441.0,162.09999999999854,Sell,Sell,4,0,0,,,,,,,0,0,0,0.0,0.0,0.0,0,0,0,0.0,0.0,0.0,0.0,0.0,0.0,0.0,0.0
